"Data Source","World Development Indicators",

"Last Updated Date","2026-07-13",

"Country Name","Country Code","Indicator Name","Indicator Code","1960","1961","1962","1963","1964","1965","1966","1967","1968","1969","1970","1971","1972","1973","1974","1975","1976","1977","1978","1979","1980","1981","1982","1983","1984","1985","1986","1987","1988","1989","1990","1991","1992","1993","1994","1995","1996","1997","1998","1999","2000","2001","2002","2003","2004","2005","2006","2007","2008","2009","2010","2011","2012","2013","2014","2015","2016","2017","2018","2019","2020","2021","2022","2023","2024","2025",
"Aruba","ABW","Life expectancy at birth, male (years)","SP.DYN.LE00.MA.IN","60.746","61.114","61.371","61.601","61.824","62.047","62.582","62.761","63.086","63.419","63.737","64.053","64.482","64.865","65.263","65.452","65.76","66.1","66.411","66.748","67.176","67.866","68.049","68.224","68.351","68.452","68.506","69.349","69.476","69.518","69.543","69.589","69.724","69.813","69.827","69.87","69.895","69.963","69.996","70.063","70.149","70.251","70.364","70.488","70.487","70.741","70.791","70.93","71.058","71.201","70.997","71.378","71.685","72.043","72.245","72.496","72.691","72.802","72.88","73.047","72.344","70.794","73.537","73.702","73.845","",
"Africa Eastern and Southern","AFE","Life expectancy at birth, male (years)","SP.DYN.LE00.MA.IN","42.4489094332074","42.68145328912","43.1176906621501","43.341701762906","43.6823421178983","43.8914661953029","43.9683115395916","44.5711977593315","44.8518918416598","45.0836480203974","45.3366543217966","45.5271807411835","45.2376211509467","45.8598539857757","45.8772180634704","46.1280330173293","46.6127371225436","46.8628872354588","46.8742661627235","47.3236741112407","47.7203313513449","47.8908746723966","48.12071346633","46.8255697863284","46.8167370256573","47.2416790995887","47.8553287314505","48.9398518164193","48.7925637600196","49.1497478620646","48.9989871868286","48.9437643827919","48.8672170114989","49.1993224396395","49.2041382804157","49.717515458194","49.5685294151403","49.8204675939585","49.4418804209147","49.9085052836855","50.9944190253978","51.3516267184703","51.657020553016","52.1561544454851","52.6281871032442","53.2359400849153","54.1051209050632","54.814627990305","55.4490182499603","56.2476433261999","56.9091086742041","57.2097224194599","58.1647786784789","58.7090247175859","58.9540014626708","59.3596262003812","59.7322202554864","60.1068179984222","60.7963943845385","61.2892641016886","61.0480928237576","60.3518738190411","61.7659073397","62.3955788157159","62.5887763514898","",
"Afghanistan","AFG","Life expectancy at birth, male (years)","SP.DYN.LE00.MA.IN","32.136","32.626","33.098","33.543","34.004","34.438","34.877","35.324","35.825","36.287","36.748","37.202","37.681","38.213","38.734","39.261","39.787","40.363","38.855","37.09","37.428","37.433","33.251","33.599","27.823","28.393","35.27","35.601","40.742","42.132","42.712","42.959","43.765","49.755","48.883","50.536","51.26","51.725","50.636","53.102","53.463","53.941","54.986","55.849","56.519","56.88","56.974","57.122","57.984","58.681","59.097","59.625","60.099","60.534","60.495","60.363","60.661","59.388","59.175","59.91","58.455","57.052","63.941","64.467","64.704","",
"Africa Western and Central","AFW","Life expectancy at birth, male (years)","SP.DYN.LE00.MA.IN","35.9256733442901","36.181219365626","37.031000071193","37.2674017300475","37.503830837723","37.7778137919407","38.0329498886908","37.6733251085091","38.4490639782084","38.7852372253093","39.7423334370296","40.1914032173682","40.7616843934825","41.2374738060994","41.7803449284714","42.2478234667764","43.2886668256516","43.8996639008292","44.3871473515287","44.8079362475325","45.1390065843124","45.491054060025","45.7714378427576","46.0254006086133","46.1974178716183","46.364128861077","46.5180757289455","46.6020802301555","46.9141898195483","47.0589532267989","46.9965044680341","47.1211331740298","47.2967791589645","47.4238880241378","47.4289756941723","47.6462829733405","47.7965783298506","47.929272473941","48.3038074362417","48.7221695245461","49.2761479871759","49.7599167167618","50.2675906774014","50.7664354624442","51.3268645024371","51.6885871018262","52.0920303657757","52.5824638675596","53.033338708734","52.9156518588488","53.6659353309669","54.0474210601277","54.3782329688759","54.6011346153686","54.7046463326635","55.0867804878615","55.4590906240544","55.6516893572401","56.0562963899653","56.1340763727003","56.2084205675318","56.2851843739497","56.8928714036977","57.7398248286738","57.9122900842318","",
"Angola","AGO","Life expectancy at birth, male (years)","SP.DYN.LE00.MA.IN","36.248","34.266","34.489","34.72","34.996","35.236","35.48","35.849","36.18","36.559","36.908","37.316","37.701","38.143","38.531","37.936","37.882","38.312","38.7","39.062","39.411","39.738","40.054","38.923","39.213","39.48","39.759","37.441","38.234","38.468","38.639","40.991","39.243","38.227","39.819","44.145","44.457","44.716","42.954","42.799","43.963","44.162","45.446","48.258","49.17","50.203","51.107","52.345","53.386","54.308","55.253","55.976","56.677","57.404","58.068","58.68","59.237","59.727","60.199","60.609","60.509","60.498","61.748","62.099","62.275","",
"Albania","ALB","Life expectancy at birth, male (years)","SP.DYN.LE00.MA.IN","54.005","55.028","56","56.938","57.824","58.677","59.543","60.364","61.151","61.888","62.581","63.246","63.87","64.442","64.954","65.425","65.861","66.271","66.625","66.828","67.04","67.21","67.441","67.658","67.867","68.115","68.437","68.727","68.94","69.174","69.412","69.705","70.014","70.38","70.566","70.734","70.798","69.866","71.092","71.405","71.804","72.204","72.529","72.864","73.242","73.663","74.183","74.922","75.531","75.842","75.825","75.792","75.66","75.666","75.83","76.281","76.662","76.997","77.448","77.834","75.429","74.742","76.751","77.728","77.924","",
"Andorra","AND","Life expectancy at birth, male (years)","SP.DYN.LE00.MA.IN","69.109","69.454","69.735","69.924","70.175","70.386","70.583","70.741","70.934","71.111","71.353","71.583","71.855","72.084","72.311","72.514","72.787","73.054","73.357","73.663","73.956","74.199","74.403","74.548","74.654","74.719","74.79","74.845","75.033","75.281","75.815","76.367","77.021","77.549","78.071","78.207","78.392","78.479","78.577","78.856","79.353","79.778","80.266","80.734","80.99","81.24","81.501","81.676","81.846","82.037","82.138","82.188","82.271","82.361","82.493","82.581","82.569","82.462","82.359","82.183","75.823","80.216","82.083","82.1","82.258","",
"Arab World","ARB","Life expectancy at birth, male (years)","SP.DYN.LE00.MA.IN","42.8501271679696","43.5584048880517","44.0050794427214","45.2233084559944","45.8305521952465","46.3503970170731","46.8403699355094","47.2631144851069","47.8749061066453","48.3332604928946","48.8985904402013","49.5730929132715","50.1535626279034","50.4166209938542","51.0968437466385","51.4925461329872","52.0467105034001","53.3204850426133","53.9771685169469","54.6909279584813","54.9886905964988","55.4001516146576","55.647210401928","56.5229871331161","57.2418116867819","57.9209395178193","58.7465568986333","59.5920951826421","59.5603825738823","60.3293373166199","60.7761085700659","61.0130843722328","61.8538913756103","62.8079102254785","62.9752366680023","63.3350015481265","63.6782428484716","64.0240120322419","64.3661813677298","64.7678718242365","65.1035228590404","65.4399958606964","65.7647970315847","65.7276390812222","65.7385509910516","66.0587941655732","66.4978272823976","66.938735382173","67.4289051787858","67.9815560824575","68.0867163560141","67.6333118737387","67.9774202233983","68.3082827049739","68.6805940937024","68.7461411770389","68.9238176164596","69.2158730753137","69.5542150183664","69.9949845060568","68.746082617071","68.62546503757","70.0300988667435","70.6194366255104","70.8956021663427","",
"United Arab Emirates","ARE","Life expectancy at birth, male (years)","SP.DYN.LE00.MA.IN","48.027","48.999","49.97","50.951","51.968","53.035","54.109","55.234","56.373","57.503","58.604","59.656","60.648","61.579","62.45","63.263","64.021","64.725","65.376","65.973","66.518","67.011","67.456","67.857","68.218","68.543","68.835","69.096","69.326","69.519","69.671","69.78","69.84","69.87","69.952","70.18","70.65","71.451","72.617","74.006","75.437","76.768","77.915","78.825","79.518","80.035","80.42","80.708","80.918","81.063","81.157","81.215","81.249","81.272","81.298","81.333","81.378","81.434","81.504","81.588","80.797","77.872","79.381","81.978","82.168","",
"Argentina","ARG","Life expectancy at birth, male (years)","SP.DYN.LE00.MA.IN","61.202","61.526","61.474","61.65","61.609","61.783","62.157","62.126","61.779","61.553","62.165","62.21","62.517","62.671","62.808","63.367","63.406","63.944","64.535","65.072","65.282","65.455","65.559","66.002","66.054","66.474","66.852","67.256","67.632","68.008","68.347","68.681","68.691","68.892","69.501","69.521","69.656","69.95","69.935","70.263","70.498","70.637","70.704","70.796","71.5","71.767","72.021","71.574","72.192","72.449","72.542","72.739","72.851","72.963","73.303","73.367","73.044","73.791","73.951","74.163","72.981","71.113","73.249","74.805","74.976","",
"Armenia","ARM","Life expectancy at birth, male (years)","SP.DYN.LE00.MA.IN","56.123","56.538","56.944","57.339","57.717","58.073","58.407","58.715","58.999","59.258","59.493","59.705","59.914","60.108","60.297","60.483","60.681","60.892","61.134","61.414","61.741","62.122","62.548","62.999","63.426","63.786","64.038","64.142","51.685","63.981","63.824","63.749","63.74","64.001","64.364","64.828","65.331","65.847","66.373","66.877","70.1","70","69.9","69.9","70.1","70.1","69.8","69.8","70","70","70.1","70.5","70.9","71.5","71.8","71.7","71.6","71.9","72.4","73.1","68.4","67.4","71.4","74.1","75.1","",
"American Samoa","ASM","Life expectancy at birth, male (years)","SP.DYN.LE00.MA.IN","63.176","63.628","63.888","64.06","64.101","64.044","58.033","63.852","63.83","63.918","64.046","64.258","64.541","64.96","65.289","65.594","65.795","66.03","66.198","66.451","66.747","67.054","67.343","67.593","67.819","68.007","68.017","67.934","67.771","67.739","67.772","67.883","68.034","68.161","68.285","68.375","68.468","68.571","68.713","68.822","68.911","69.041","69.231","69.183","69.791","69.973","70.061","70.072","70.116","68.789","70.24","70.296","70.309","70.379","70.33","70.294","70.24","70.304","70.211","70.105","69.995","70.023","70.055","70.202","70.323","",
"Antigua and Barbuda","ATG","Life expectancy at birth, male (years)","SP.DYN.LE00.MA.IN","60.117","60.766","61.391","62.036","62.728","63.407","64.085","64.698","65.278","65.829","66.315","66.789","67.223","67.636","68.021","68.374","68.727","69.068","69.403","69.729","70.022","70.288","70.519","70.703","70.84","70.926","70.969","70.977","70.944","70.818","70.796","70.695","70.622","70.594","70.621","70.607","70.718","70.782","70.826","70.991","71.259","71.531","71.818","72.153","72.272","72.236","72.254","72.432","72.778","73.049","73.305","73.579","73.588","73.537","73.438","73.536","73.711","73.859","74.04","74.143","74.157","74.295","74.461","74.549","74.742","",
"Australia","AUS","Life expectancy at birth, male (years)","SP.DYN.LE00.MA.IN","67.7857142857143","67.9","67.84","67.78","67.72","67.66","67.6","67.64","67.68","67.72","67.76","67.8","68.16","68.52","68.88","69.24","69.6","69.92","70.24","70.56","70.88","71.2","71.5","71.8","72.1","72.4","72.7","73.02","73.34","73.66","73.98","74.3","74.5","75","75","75","75.2","75.7","75.9","76.2","76.6","77","77.4","77.8","78.1","78.5","78.7","79","79.2","79.3","79.5","79.7","79.9","80.1","80.3","80.4","80.4","80.5","80.7","80.9","81.2","81.3","81.2","81.1","81.1","",
"Austria","AUT","Life expectancy at birth, male (years)","SP.DYN.LE00.MA.IN","65.41","66.47","66.29","66.39","66.8","66.61","66.88","66.63","66.76","66.56","66.5","66.7","67","67.6","67.5","67.7","68.2","68.5","68.5","68.8","69","69.3","69.4","69.5","70.1","70.4","71","71.5","71.9","71.9","72.3","72.3","72.5","72.8","73.2","73.4","73.7","74.1","74.5","74.9","75.2","75.6","75.8","75.9","76.4","76.6","77.1","77.4","77.7","77.6","77.8","78.3","78.4","78.6","79.1","78.8","79.3","79.4","79.4","79.7","78.9","78.8","79.1","79.5","79.8","",
"Azerbaijan","AZE","Life expectancy at birth, male (years)","SP.DYN.LE00.MA.IN","46.646","47.15","47.73","48.367","48.953","49.518","50.089","50.622","51.148","51.672","52.189","52.659","53.151","53.615","54.064","54.422","55.435","56.029","56.713","57.341","58.018","58.701","59.13","59.425","58.838","59.564","59.713","59.808","59.535","59.694","59.182","58.92","56.139","57.078","54.886","58.052","58.776","59.157","60.053","61.449","62.035","63.024","63.762","63.982","64.447","64.566","65.23","65.378","66.226","66.949","67.324","67.425","68.064","68.243","68.818","69.126","69.546","69.564","69.92","70.217","66.846","68.184","71.462","71.561","71.706","",
"Burundi","BDI","Life expectancy at birth, male (years)","SP.DYN.LE00.MA.IN","41.743","41.998","42.147","42.186","42.236","39.922","42.181","41.962","42.1","41.569","41.84","41.812","23.632","35.598","42.042","42.112","42.338","42.665","43.086","43.656","44.338","44.985","45.561","45.926","46.127","46.051","45.717","45.267","40.52","43.942","43.398","42.843","42.748","35.14","42.76","42.751","42.864","43.763","44.664","45.733","45.335","46.166","47.936","49.207","50.567","51.458","52.395","53.296","54.003","54.874","55.599","56.313","57.008","57.628","58.162","58.318","59.039","59.531","59.965","60.31","60.545","60.089","60.844","61.599","61.752","",
"Belgium","BEL","Life expectancy at birth, male (years)","SP.DYN.LE00.MA.IN","66.78","67.56","67.4","67.11","67.76","67.64","67.76","67.93","67.62","67.56","67.85","67.88","68.21","68.45","68.82","68.82","68.91","69.53","69.42","69.94","69.89","70.29","70.61","70.63","71","71.13","71.4","72","72.2","72.34","72.73","72.88","73","72.96","73.36","73.47","73.88","74.2","74.4","74.4","74.6","74.9","75.1","75.3","76","76.2","76.6","77.1","76.9","77.4","77.5","78","77.8","78.1","78.8","78.7","79","79.2","79.4","79.8","78.5","79.4","79.7","80.4","80.3","",
"Benin","BEN","Life expectancy at birth, male (years)","SP.DYN.LE00.MA.IN","36.824","37.167","37.614","38.044","38.411","38.847","39.274","39.773","40.135","40.494","40.911","41.33","41.808","42.332","42.724","43.211","43.634","44.066","44.441","44.818","45.141","45.458","45.762","46.047","46.538","47.043","47.677","48.339","49.088","49.506","50.114","50.601","51.367","52.042","52.581","53.099","53.593","53.974","54.209","54.422","54.823","54.982","55.335","55.705","56.061","56.511","56.741","57.075","57.051","57.29","57.466","57.552","57.629","57.895","58.026","58.123","58.251","58.404","58.648","58.694","58.734","58.392","59.198","59.347","59.517","",
"Burkina Faso","BFA","Life expectancy at birth, male (years)","SP.DYN.LE00.MA.IN","34.997","35.259","35.647","35.976","36.238","36.598","36.892","37.224","37.523","37.758","38.204","38.488","39.093","39.637","40.419","41.189","42.052","42.888","43.707","44.422","45.173","45.623","46.415","46.886","47.328","47.65","47.927","48.04","48.225","48.297","48.33","48.305","48.299","48.277","48.278","48.308","48.388","48.212","48.757","49.014","49.32","49.68","49.95","50.465","51.127","51.79","52.255","52.85","53.652","54.25","54.79","55.401","55.853","56.283","56.682","57.087","57.476","57.861","58.243","58.335","58.504","58.19","58.773","58.921","59.109","",
"Bangladesh","BGD","Life expectancy at birth, male (years)","SP.DYN.LE00.MA.IN","44.718","45.693","46.539","46.608","47.562","47.077","48.504","48.955","49.323","49.645","44.6","22.803","50.656","50.924","50.517","51.609","51.926","52.228","52.539","52.867","53.134","53.437","53.727","54.058","54.328","54.381","54.898","55.152","55.406","55.743","56.05","54.431","56.77","57.185","57.655","58.146","58.719","59.326","59.963","60.67","61.377","62.077","62.753","63.378","63.94","64.476","64.951","65.305","65.789","66.161","66.521","66.891","67.275","67.684","68.167","68.682","69.233","69.803","70.379","70.933","69.584","69.484","72.566","73.032","73.304","",
"Bulgaria","BGR","Life expectancy at birth, male (years)","SP.DYN.LE00.MA.IN","67.55","68.42","67.77","68.68","69.37","69.45","69.36","68.37","69.23","68.23","69.11","68.62","68.68","69.03","68.93","68.64","68.99","68.26","68.77","68.64","68.46","68.85","68.43","68.44","68.49","68.15","68.56","68.4","68.38","68.42","68.3","68.4","68.07","67.62","67.36","67.39","67.39","67","67.5","67.9","68.2","68.5","68.5","68.7","69.1","69","69.1","69.2","69.5","69.9","70","70.7","70.9","71.3","71.1","71.2","71.3","71.4","71.5","71.6","69.6","67.7","70.6","72","72.2","",
"Bahrain","BHR","Life expectancy at birth, male (years)","SP.DYN.LE00.MA.IN","49.107","50.78","52.357","53.922","55.433","56.883","58.267","59.581","60.818","61.975","63.049","64.037","64.899","65.759","66.503","67.175","67.783","68.332","68.791","69.251","69.659","70.033","70.379","70.696","70.98","71.23","71.443","71.611","71.743","71.851","71.943","72.03","72.123","72.228","72.351","72.497","72.666","72.862","73.087","73.332","73.591","73.86","74.135","74.417","74.714","75.045","75.425","75.87","76.396","76.997","77.63","78.242","78.78","79.191","79.434","79.54","79.558","79.543","79.546","79.615","77.195","77.46","80.304","80.672","80.855","",
"Bahamas, The","BHS","Life expectancy at birth, male (years)","SP.DYN.LE00.MA.IN","59.434","59.818","60.225","60.584","60.954","61.303","61.668","62.12","62.518","62.9","63.302","63.681","63.914","64.289","64.728","65.279","65.639","65.831","65.878","65.891","65.962","66.225","66.511","66.786","66.916","66.951","66.935","66.986","67.122","67.352","67.587","67.849","67.978","68.082","68.052","68","68.01","68.145","68.446","68.83","69.233","69.557","69.834","70.019","70.055","70.189","70.177","70.129","70.035","70.002","69.99","70.112","70.219","70.374","70.407","70.255","70.425","70.43","70.468","68.617","69.35","67.463","70.883","70.906","71.055","",
"Bosnia and Herzegovina","BIH","Life expectancy at birth, male (years)","SP.DYN.LE00.MA.IN","56.552","57.258","58.025","58.588","59.562","60.174","60.924","61.384","61.475","61.645","61.778","62.043","62.668","63.571","64.624","65.228","65.682","65.79","65.795","65.89","66.384","66.824","66.659","66.669","66.687","67.164","67.238","67.335","67.287","67.668","67.621","67.851","43.329","41.878","58.717","65.267","69.473","69.942","70.642","71.234","71.666","71.892","72.194","72.701","72.594","72.491","72.004","72.185","72.317","72.752","72.949","73.183","73.273","73.439","73.535","73.547","73.739","74.241","74.077","73.961","72.512","71.403","72.716","74.424","74.649","",
"Belarus","BLR","Life expectancy at birth, male (years)","SP.DYN.LE00.MA.IN","65.939","66.514","66.055","66.461","67.209","67.097","67.306","67.301","67.304","67.139","66.964","67.54","67.162","67.427","67.082","66.461","66.47","66.17","66.031","65.479","65.756","65.588","65.573","65.309","64.811","66.7","67.33","66.6","67","66.8","66.3","65.5","64.9","63.8","63.5","62.9","63","62.9","62.7","62.2","63.4","62.8","62.3","62.7","63.2","62.9","63.6","64.5","64.7","64.7","64.6","64.7","66.6","67.3","67.8","68.6","68.9","69.3","69.2","69.3","67.101","67.21","69.438","69.535","69.739","",
"Belize","BLZ","Life expectancy at birth, male (years)","SP.DYN.LE00.MA.IN","55.357","52.228","56.863","57.55","58.178","58.763","59.252","59.83","60.299","60.815","61.334","61.824","62.315","62.717","63.112","63.486","63.833","64.16","64.395","64.748","65.024","65.308","65.622","65.844","66.117","66.462","66.772","67.085","67.386","67.517","67.566","67.661","67.632","67.579","67.531","67.357","67.165","66.93","66.618","66.646","66.576","66.619","67.112","67.444","67.765","68.02","68.227","68.341","68.353","68.445","68.466","68.512","68.583","68.67","68.779","68.948","69.136","69.339","69.605","69.871","69.047","68.383","69.587","70.928","71.079","",
"Bermuda","BMU","Life expectancy at birth, male (years)","SP.DYN.LE00.MA.IN","63.572","64.528","64.917","64.706","64.478","64.466","64.501","64.468","64.359","64.421","64.647","65.282","66.026","66.906","67.486","67.741","67.771","67.936","68.247","68.654","68.847","69.008","69.075","69.215","69.325","69.281","69.226","69.327","69.498","69.774","70.123","70.507","70.764","71.049","71.394","71.896","72.498","73.021","73.489","73.948","74.395","74.882","75.102","74.938","74.859","74.658","74.534","74.685","74.865","75.084","75.305","75.474","75.636","75.849","76.133","76.412","76.68","76.96","77.311","77.607","77.823","78.166","78.565","78.855","79.064","",
"Bolivia","BOL","Life expectancy at birth, male (years)","SP.DYN.LE00.MA.IN","41.17","41.471","41.888","42.217","42.552","42.959","43.319","43.783","44.229","44.667","45.043","45.467","45.927","46.375","46.907","47.494","48.182","48.618","49.171","49.739","50.245","50.708","51.025","51.353","51.846","52.308","52.791","53.423","54.011","54.58","55.221","55.856","56.257","56.939","57.467","57.907","58.427","58.896","59.346","59.712","60.098","60.486","60.931","61.303","61.675","62.015","62.399","62.749","63.13","63.51","63.846","64.134","64.447","64.609","64.797","65.016","65.186","65.284","65.43","65.537","59.654","58.374","64.788","66.128","66.267","",
"Brazil","BRA","Life expectancy at birth, male (years)","SP.DYN.LE00.MA.IN","51.002","51.42","51.821","52.231","52.601","52.963","53.331","53.712","54.157","54.572","55.005","55.443","55.906","56.338","56.76","57.255","57.73","58.205","58.674","59.103","59.543","59.969","60.382","60.781","61.194","61.601","61.989","62.364","62.674","62.907","63.133","63.348","63.557","63.831","64.21","64.6","64.992","65.37","65.683","66.014","66.347","66.699","67.085","67.558","68.019","68.485","68.953","69.368","69.733","70.076","70.392","70.654","70.945","71.246","71.462","71.818","71.716","72.069","72.365","72.653","71.537","69.81","71.73","72.76","72.95","",
"Barbados","BRB","Life expectancy at birth, male (years)","SP.DYN.LE00.MA.IN","62.275","62.798","63.547","64.105","64.731","65.268","65.814","65.902","66.275","66.556","66.546","66.703","67.064","66.901","67.208","67.74","68.068","68.572","69.061","69.538","70.188","70.795","70.958","71.202","71.296","71.304","71.33","71.247","71.1","70.988","70.965","70.995","70.963","70.996","70.913","70.979","71.162","71.048","71.629","71.782","71.966","72.246","72.465","72.512","72.821","72.561","72.691","72.838","72.893","73.02","73.163","73.274","73.443","73.51","73.629","73.784","73.898","74.009","74.163","74.287","74.477","74.284","73.046","73.631","73.752","",
"Brunei Darussalam","BRN","Life expectancy at birth, male (years)","SP.DYN.LE00.MA.IN","58.284","58.98","57.639","60.256","60.95","61.415","62.101","62.584","63.158","63.608","64.11","64.64","65.113","65.526","65.967","66.431","66.825","67.151","67.528","67.837","68.113","68.365","68.595","68.838","69.003","69.188","69.387","69.529","69.713","69.875","70.031","70.2","70.374","70.561","70.76","70.994","71.193","71.414","71.657","71.869","72.066","72.248","72.402","72.553","72.641","72.723","72.799","72.841","72.868","72.867","72.876","72.881","72.884","72.887","72.896","72.911","72.935","72.969","73.014","73.068","73.128","72.935","71.216","73.328","73.491","",
"Bhutan","BTN","Life expectancy at birth, male (years)","SP.DYN.LE00.MA.IN","35.479","35.767","36.096","36.465","36.881","37.331","37.859","38.438","39.049","39.669","40.309","40.968","41.618","42.255","42.918","43.681","44.383","45.082","45.812","46.538","47.261","48.03","48.826","49.6","50.37","51.083","51.858","52.636","53.369","54.06","54.717","55.34","56.079","56.761","57.245","58.089","58.772","59.403","60.054","60.749","60.513","62.023","62.635","63.305","63.927","64.503","65.056","65.724","66.323","66.782","67.319","67.814","68.305","68.724","69.081","69.39","69.659","69.891","70.153","70.427","70.636","70.84","71.105","71.305","71.571","",
"Botswana","BWA","Life expectancy at birth, male (years)","SP.DYN.LE00.MA.IN","49.178","49.702","50.243","50.733","51.188","51.627","52.042","52.479","52.939","53.421","53.937","54.498","55.082","55.691","56.317","56.953","57.608","58.256","58.854","59.432","59.888","60.345","60.654","60.782","60.8","60.618","60.266","59.62","58.423","57.795","56.655","55.52","55.23","54.712","53.303","51.888","51.952","51.48","50.998","50.656","50.504","50.465","50.585","51.042","51.758","52.487","53.469","55.023","55.892","56.106","56.793","57.508","58.313","59.213","60.203","61.209","62.228","63.221","64.057","64.775","65.04","61.206","66.291","66.673","66.783","",
"Central African Republic","CAF","Life expectancy at birth, male (years)","SP.DYN.LE00.MA.IN","38.52","39.009","39.52","40.052","40.605","41.181","41.776","42.364","42.959","43.552","44.137","44.707","45.255","45.791","46.283","46.731","47.153","47.536","47.874","48.163","48.404","48.597","48.739","48.836","48.887","48.906","48.879","48.801","48.672","48.51","48.285","48.012","47.66","47.334","46.968","46.609","46.224","45.886","45.829","45.766","45.659","45.83","45.905","46.565","46.988","47.489","47.881","48.529","49.102","12.383","44.487","48.445","49.861","46.878","35.706","49.682","48.189","40.86","49.403","26.386","47.219","35.327","15.387","55.26","55.51","",
"Canada","CAN","Life expectancy at birth, male (years)","SP.DYN.LE00.MA.IN","68.26","68.39","68.45","68.41","68.63","68.76","68.78","68.92","69.09","69.16","69.32","69.6","69.49","69.67","69.74","69.99","70.3","70.64","70.92","71.32","71.59","72.01","72.33","72.68","73.01","73.02","73.22","73.53","73.61","73.92","74.3","74.53","74.76","74.7","74.94","75.07","75.43","75.71","75.97","76.2","76.64","76.92","77.16","77.32","77.68","77.82","78.29","78.29","78.51","78.91","79.21","79.39","79.61","79.74","79.76","79.86","79.94","79.72","79.75","80.1","79.33","79.11","78.89","79.48","80.03","",
"Central Europe and the Baltics","CEB","Life expectancy at birth, male (years)","SP.DYN.LE00.MA.IN","65.5760705181927","65.8144503007127","65.2662457448548","66.1869858032283","66.6937056699617","66.8295669949078","67.245798992592","66.6313684895067","66.7327470364626","66.1229919757645","66.3708778821786","66.4043664486495","66.9347669126241","67.0257046568714","67.3209381606904","67.0040069571904","67.0877340712643","66.9068040404593","66.769976534481","66.8029028319692","66.3380938738408","66.8209433057743","66.901261403306","66.7448224201334","66.6710727098893","66.6258849966539","66.9164507252357","66.9294736001305","67.1593036715871","66.9202868339584","66.6983073257064","66.5705110203849","66.6599854861656","66.7758326009975","66.7431675128586","66.8868514680046","67.3069325280355","67.503605661782","67.9151476869194","68.227672314824","68.8613741867513","69.2641276785198","69.3576910609512","69.510788169428","69.8587326893006","69.9441842993748","70.1983899353614","70.3914854787708","70.7346174109744","71.1109673472243","71.5056644791329","72.0776036485943","72.2554527117604","72.7078074228264","73.0339104407791","72.9661903310761","73.3116559069161","73.3526505049447","73.3597187538048","73.7024530763638","72.3222231818472","71.0726487777101","73.0831700247101","74.2158503328266","74.4793597457285","",
"Switzerland","CHE","Life expectancy at birth, male (years)","SP.DYN.LE00.MA.IN","68.65","68.84","68.44","68.29","69.19","69.47","69.56","69.7","69.8","69.72","70.03","70.16","70.62","70.98","71.17","71.49","71.6","71.96","71.88","72.31","72.23","72.42","72.79","72.68","73.35","73.48","73.66","73.9","73.89","74.07","73.94","74.1","74.45","74.9","75.15","75.3","75.94","76.26","76.3","76.8","76.9","77.4","77.8","78","78.6","78.7","79.1","79.4","79.7","79.8","80.1","80.5","80.6","80.7","81.1","80.8","81.7","81.6","81.9","82.1","81","81.8","81.8","82.4","82.7","",
"Channel Islands","CHI","Life expectancy at birth, male (years)","SP.DYN.LE00.MA.IN","69.5","68.1","68.4","67.9","68.7","68.6","69.5","69","68.2","68.4","68.5","68.5","68.7","69.2","68.7","69","69.2","69.5","69.9","69.9","70.8","70.2","70.1","71.7","72.1","71.9","72.6","72.8","72.8","73.6","73.9","73.4","74.3","74.1","74.7","75","75.5","75.6","75.9","76.9","76.4","76.5","76.7","77","77.5","77.8","78","78.3","78.5","78.7","79","79.2","79.1","79.3","79.3","79.2","79","78.7","78.7","79","78.7","78.2","78.9","79","79.1","",
"Chile","CHL","Life expectancy at birth, male (years)","SP.DYN.LE00.MA.IN","54.84","54.852","55.309","55.755","56.204","56.819","57.715","58.354","58.932","59.573","59.786","60.116","60.703","61.356","62.087","63.019","63.887","64.556","65.024","65.819","66.386","66.71","67.069","67.606","67.894","68.403","68.933","69.373","69.62","70.073","70.481","70.866","71.162","71.5","71.8","72.114","72.436","72.699","73.219","73.624","74.021","74.491","74.682","74.978","75.415","75.589","75.797","75.996","76.165","76.424","76.607","76.882","76.901","77.302","77.414","77.689","78.008","78.401","78.323","78.098","76.76","76.348","76.828","79.24","79.454","",
"China","CHN","Life expectancy at birth, male (years)","SP.DYN.LE00.MA.IN","32.166","38.621","48.945","49.664","50.333","50.954","51.669","52.427","53.261","54.076","54.941","55.901","56.727","57.553","58.195","58.856","59.224","60.313","60.939","61.528","62.051","62.556","63.009","63.47","63.875","64.236","64.563","64.896","65.219","65.561","65.861","66.288","66.755","67.108","67.409","67.866","68.323","68.731","69.124","69.522","69.85","70.235","70.587","70.931","71.27","71.595","71.904","72.326","72.361","72.801","73.191","73.334","73.624","73.881","74.119","74.365","74.575","74.448","75.034","75.303","75.245","75.486","75.467","75.201","75.249","",
"Cote d'Ivoire","CIV","Life expectancy at birth, male (years)","SP.DYN.LE00.MA.IN","35.227","35.929","36.602","37.305","37.976","38.667","39.323","40.031","40.742","41.455","42.176","42.931","43.751","44.533","45.37","46.198","47.026","47.738","48.448","49.028","49.383","49.639","49.881","50.071","50.364","50.592","50.747","50.861","50.833","50.789","50.736","50.634","50.539","50.443","50.348","50.11","50.125","50.149","50.147","50.197","50.313","50.432","50.621","50.579","50.969","51.356","51.882","52.353","52.856","53.325","53.814","54.445","55.013","55.462","56.268","56.731","57.176","57.622","58.063","58.493","58.242","58.496","59.649","60.016","60.168","",
"Cameroon","CMR","Life expectancy at birth, male (years)","SP.DYN.LE00.MA.IN","29.445","29.831","41.51","41.935","42.448","42.996","43.663","44.412","45.22","46.071","46.813","47.436","47.937","48.236","48.414","48.578","48.657","48.752","48.919","49.092","49.406","49.727","50.28","50.908","51.255","51.914","52.082","52.667","52.844","52.855","52.784","52.593","52.45","52.252","51.942","51.766","51.652","51.51","51.569","51.816","52.13","52.451","52.761","53.061","53.382","53.746","54.064","54.42","54.771","55.045","55.444","55.93","56.49","56.992","57.237","57.764","58.351","58.835","59.111","59.629","59.465","59.071","60.326","61.522","61.778","",
"Congo, Dem. Rep.","COD","Life expectancy at birth, male (years)","SP.DYN.LE00.MA.IN","39.469","38.587","38.843","39.08","38.21","39.022","40.989","41.074","41.472","41.773","42.065","42.359","42.7","42.899","43.143","43.382","43.595","43.807","43.428","44.279","44.616","44.823","45.016","45.29","45.61","45.823","46.163","46.468","46.778","47.077","47.36","47.672","47.934","47.999","48.264","48.654","47.149","48.372","46.562","46.999","49.966","50.306","50.418","51.158","51.892","52.371","52.915","53.419","53.84","54.151","54.827","55.327","55.68","56.101","56.543","56.931","57.32","57.703","58.062","58.358","58.373","57.999","58.885","59.792","59.959","",
"Congo, Rep.","COG","Life expectancy at birth, male (years)","SP.DYN.LE00.MA.IN","46.157","46.897","47.581","48.255","48.851","49.465","50.011","50.36","51.024","51.489","51.916","52.328","52.668","53.035","53.329","53.663","53.94","54.247","54.462","54.641","54.874","55.07","55.256","55.48","55.669","55.872","56.037","56.134","56.199","56.175","56.042","55.819","55.644","55.242","54.794","54.792","54.566","44.12","50.572","53.453","54.744","55.283","55.731","56.511","57.348","58.045","58.729","59.15","59.763","60.075","60.593","60.981","61.358","61.561","61.953","62.222","62.445","62.731","62.964","61.708","62.689","62.671","63.411","64.122","64.327","",
"Colombia","COL","Life expectancy at birth, male (years)","SP.DYN.LE00.MA.IN","54.775","55.39","55.964","56.556","57.029","57.533","58.013","58.431","58.812","59.192","59.545","60.011","60.471","60.839","61.258","61.677","62.219","62.723","63.193","63.402","63.855","64.268","64.912","65.108","65.208","62.353","64.869","64.543","64.519","64.711","64.593","64.512","64.388","64.815","65.277","65.781","66.19","66.61","66.887","66.866","66.76","67.072","67.49","68.474","69.054","69.573","69.986","70.297","70.815","71.252","71.617","72.001","72.478","72.805","73.002","73.172","73.33","73.523","73.663","73.907","71.49","69.288","73.56","74.95","75.159","",
"Comoros","COM","Life expectancy at birth, male (years)","SP.DYN.LE00.MA.IN","38.975","39.385","39.773","40.158","40.633","40.962","41.503","41.956","42.501","43.073","43.689","44.358","45.005","45.632","46.234","45.602","47.376","47.96","48.538","48.924","49.486","50.045","50.624","51.059","51.738","52.252","52.796","53.263","53.879","54.087","54.863","55.316","55.708","56.044","56.327","56.58","56.797","56.514","56.761","57.334","57.429","58.053","58.181","58.671","58.981","59.309","59.651","59.891","60.36","60.71","61.156","61.511","61.824","62.177","62.423","62.721","63.009","63.336","63.555","63.792","63.725","63.262","64.507","64.786","65.015","",
"Cabo Verde","CPV","Life expectancy at birth, male (years)","SP.DYN.LE00.MA.IN","47.319","48.068","48.932","49.87","50.854","51.84","52.763","53.605","54.374","55.019","55.544","55.973","56.348","56.699","56.995","57.37","57.615","58.023","58.269","58.465","58.616","58.741","58.837","58.951","58.933","59.199","59.367","59.556","59.75","59.936","60.1","60.126","60.156","60.22","60.288","59.365","60.988","61.503","62.165","62.919","63.728","64.467","65.362","66.002","66.61","66.98","67.425","67.546","67.933","68.162","68.712","69.1","69.549","69.739","70.101","70.444","70.76","71.198","71.342","72.127","69.775","71.01","72.692","72.856","73.05","",
"Costa Rica","CRI","Life expectancy at birth, male (years)","SP.DYN.LE00.MA.IN","62.17","62.622","62.901","62.889","63.049","63.321","63.618","63.997","64.324","64.853","65.194","65.758","66.329","66.948","67.577","68.25","68.829","69.341","69.713","70.249","70.8","71.273","71.739","72.226","72.462","72.675","72.783","72.989","73.26","73.596","73.738","73.863","74.022","73.971","73.94","74.006","73.988","74.078","74.302","74.461","74.755","75.009","75.404","75.696","75.925","76.29","76.388","76.353","76.42","76.644","76.628","76.981","77.314","77.525","77.553","77.516","77.256","77.305","77.22","77.603","76.769","75","76.472","78.129","78.368","",
"Caribbean small states","CSS","Life expectancy at birth, male (years)","SP.DYN.LE00.MA.IN","58.3765689306627","58.7258343023751","59.3517228827344","59.6802014058684","60.0323895099076","60.3018930731155","60.5296256415871","60.7082296712761","60.9172948467957","61.0677126489565","61.1859254887656","61.2914478388486","61.504548024712","61.6903862729079","61.880656538899","62.0713293313857","62.3345771418476","62.5032940154263","62.6558737878678","62.9134608320682","63.0726992144457","63.2050498294767","63.3085611432867","63.2688412346217","63.5899891713111","63.7263274694214","63.8097264996104","63.9439826673349","64.1147632330522","64.3156122785572","64.428967130762","64.5948496369974","64.6868206759839","64.7951163909695","64.8026710503004","64.8134718591909","64.8630992569323","64.9708173318453","65.1874220439707","65.4087316231616","65.5689739983634","65.804362797606","66.027168072644","66.1809470169466","66.4136858105894","66.7010622349052","66.9930538941447","67.3271610207002","67.563843455502","67.7899259280681","67.9971754944665","68.2621643099454","68.3863561798949","68.5179396821525","68.6906385305864","68.7738950713042","68.9462839878491","69.0648244338125","69.0499584415548","69.0628440753441","68.6147218901782","66.8633898323592","69.643814746206","69.9866242802663","70.1201083259895","",
"Cuba","CUB","Life expectancy at birth, male (years)","SP.DYN.LE00.MA.IN","61.445","61.761","62.401","62.498","63.389","63.89","64.434","64.884","65.325","65.704","66.392","66.902","67.455","67.795","68.356","68.911","69.462","70.027","70.351","70.604","70.752","71.189","71.53","71.714","71.846","71.792","71.869","71.704","71.849","71.773","71.922","71.866","71.949","71.906","72.1","72.373","72.756","73.048","73.309","73.556","73.852","74.39","74.764","75.322","75.204","75.382","75.285","75.53","75.596","75.641","75.921","76.09","76.154","75.98","75.728","75.573","75.276","74.914","75.045","75","74.968","70.694","75.2","75.672","75.864","",
"Curacao","CUW","Life expectancy at birth, male (years)","SP.DYN.LE00.MA.IN","63.284","63.637","63.903","64.173","64.435","64.69","64.956","65.182","65.438","65.655","65.93","66.147","66.433","66.679","66.95","67.22","67.489","67.726","67.985","68.22","68.429","68.629","68.829","68.951","69.128","69.284","69.398","69.516","69.593","69.559","69.774","69.841","69.912","69.946","69.977","69.977","70.036","70.066","70.065","70.096","70.154","70.202","70.274","70.38","70.488","70.606","70.663","70.821","71.008","71.174","71.611","71.846","72.208","72.427","72.454","72.373","72.032","72.129","72.179","72.237","72.164","71.46","72.394","72.456","72.662","",
"Cayman Islands","CYM","Life expectancy at birth, male (years)","SP.DYN.LE00.MA.IN","56.486","57.097","57.748","58.421","59.068","59.881","60.347","60.791","61.307","61.738","62.191","62.604","63.13","63.562","64.095","64.576","65.016","65.535","65.963","66.466","66.913","67.354","67.788","68.205","68.604","68.982","69.291","69.55","69.768","69.951","70.155","70.298","70.45","70.565","70.684","70.774","70.909","71.063","71.267","71.468","71.685","71.922","72.041","72.063","72.054","72.26","72.388","72.564","72.835","73.166","73.593","74.137","74.74","75.197","75.426","75.714","75.986","76.268","76.502","76.678","76.803","76.872","77.609","77.981","78.196","",
"Cyprus","CYP","Life expectancy at birth, male (years)","SP.DYN.LE00.MA.IN","59.742","60.596","61.334","57.577","58.075","62.894","63.299","63.728","64.112","64.522","65.027","65.328","65.584","65.962","44.174","67.461","68.01","68.545","69.12","69.599","70.429","70.585","71.027","71.178","71.319","72.096","72.248","72.638","72.754","73.237","73.542","73.788","73.706","73.746","73.868","74.052","74.35","74.556","74.628","75.082","75.441","75.629","76.308","76.444","76.569","76.714","76.9","77.233","77.251","77.878","78.173","78.467","78.721","78.984","79.051","79.153","79.213","79.304","79.387","79.317","78.916","78.228","78.345","79.635","79.841","",
"Czechia","CZE","Life expectancy at birth, male (years)","SP.DYN.LE00.MA.IN","67.5","67.62","66.86","67.28","67.44","67.09","67.18","67.03","66.47","65.85","66.05","66.16","66.84","66.53","66.75","67","67.04","67.11","67.2","67.33","66.8","67.21","67.32","67.05","67.34","67.5","67.49","67.87","68.1","68.1","67.54","68.23","68.54","69.28","69.48","69.67","70.3","70.42","71.1","71.4","71.7","72.1","72.1","72","72.6","72.9","73.5","73.7","74","74.2","74.4","74.8","75.1","75.2","75.8","75.7","76.1","76.1","76.2","76.4","75.3","74.1","76.1","76.9","77.1","",
"Germany","DEU","Life expectancy at birth, male (years)","SP.DYN.LE00.MA.IN","66.507","67.04","67.148","67.237","67.658","67.665","67.725","67.881","67.537","67.301","67.495","67.707","67.855","68.045","68.396","68.169","68.621","69.16","69.107","69.457","69.613","69.889","70.179","70.468","70.944","71.073","71.31","71.668","71.868","72.073","71.911","72.1","72.6","72.7","73.1","73.3","73.6","74","74.5","74.8","75","75.5","75.4","75.6","75.9","76.2","76.4","76.9","77.2","77.3","77.5","77.9","78.1","78.1","78.7","78.3","78.6","78.7","78.6","79","78.7","78.4","78.33","78.7","78.5","",
"Djibouti","DJI","Life expectancy at birth, male (years)","SP.DYN.LE00.MA.IN","41.52","41.909","42.181","42.521","42.875","43.329","43.691","44.197","44.623","45.167","45.642","45.414","46.647","47.143","47.584","48.046","48.455","48.866","49.28","49.683","50.151","50.455","50.988","51.403","51.818","52.183","52.615","52.96","53.246","53.489","53.535","52.784","51.231","53.85","53.717","54.482","54.648","54.569","54.834","54.953","55.22","55.868","56.018","56.076","55.981","56.295","56.673","57.046","57.466","58.105","58.506","59.105","59.452","59.845","60.073","60.43","60.949","61.319","61.69","61.968","61.656","61.345","63.058","63.525","63.726","",
"Dominica","DMA","Life expectancy at birth, male (years)","SP.DYN.LE00.MA.IN","58.684","59.603","60.292","60.794","61.289","61.882","62.377","62.802","63.308","63.802","64.276","64.738","65.29","65.778","66.163","66.627","67.005","67.372","67.858","67.439","69.058","69.616","69.978","70.186","69.942","69.587","69.015","68.501","68.009","67.681","67.54","67.579","67.653","67.768","67.932","68.016","68.227","68.442","68.641","68.859","69.08","69.24","69.311","69.354","69.404","69.436","69.434","69.323","69.328","69.221","69.091","68.968","68.884","68.775","68.671","67.755","68.564","66.594","68.756","68.564","68.44","67.156","68.121","68.214","68.352","",
"Denmark","DNK","Life expectancy at birth, male (years)","SP.DYN.LE00.MA.IN","70.44","70.57","70.31","70.42","70.29","70.2","70.21","70.61","70.78","70.86","70.88","70.8","70.8","70.97","70.94","71.28","70.93","71.73","71.51","71.19","71.17","71.25","71.6","71.44","71.65","71.53","71.77","71.74","72.04","71.99","72.02","72.47","72.56","72.59","72.78","72.72","73.05","73.55","73.7","74","74.3","74.5","74.7","74.9","75.2","75.6","75.9","76","76.3","76.5","77.1","77.8","78.1","78.3","78.7","78.8","79","79.2","79.1","79.5","79.7","79.6","79.5","79.9","80.4","",
"Dominican Republic","DOM","Life expectancy at birth, male (years)","SP.DYN.LE00.MA.IN","50.257","50.976","51.709","52.291","53.127","49.425","54.393","55.03","55.611","56.199","56.776","57.347","57.897","58.46","58.959","59.43","59.886","60.307","60.697","60.627","61.434","61.789","62.179","62.548","62.972","63.368","63.721","64.056","64.377","64.689","64.995","65.311","65.601","65.88","66.133","66.333","66.499","66.683","66.757","66.995","67.145","67.327","67.518","67.715","67.714","68.159","68.302","68.351","68.406","68.397","68.612","68.861","69.163","69.451","69.686","69.7","69.415","70.073","70.292","69.898","68.925","68.308","70.657","70.532","70.663","",
"Algeria","DZA","Life expectancy at birth, male (years)","SP.DYN.LE00.MA.IN","38.225","38.194","36.813","42.674","42.543","42.426","42.347","42.343","42.426","42.606","42.926","43.344","43.895","44.553","45.337","46.221","47.219","48.286","49.493","51.142","53.104","55.876","58.048","59.848","61.427","62.938","64.116","65.113","66.179","66.856","67.088","66.901","66.77","66.548","65.524","66.003","66.65","67.324","67.75","68.754","69.289","69.823","70.505","70.837","71.478","71.76","72.003","72.192","72.464","72.721","73.017","73.266","73.493","73.68","73.85","73.992","74.106","74.177","74.255","74.35","71.733","73.845","74.74","74.895","75.096","",
"East Asia & Pacific (excluding high income)","EAP","Life expectancy at birth, male (years)","SP.DYN.LE00.MA.IN","36.3498030130379","41.3808034094877","49.1659616550052","49.748470094975","50.3838055894057","49.9891090533307","51.3003532770799","52.1990249499416","52.7340394492002","53.546595392496","54.2234001812238","55.0661694006734","55.6107067705068","56.4622854230949","56.9895447924726","57.7603571602377","58.2035604440711","59.1513435417088","59.7243615989812","60.3604502133994","60.8838841060753","61.3563802942619","61.8203698484706","62.2920030414923","62.7215804454092","63.1034157140475","63.4279356877493","63.7782848134449","64.1177001304914","64.4647422431461","64.7664253097487","65.1664903823656","65.610831041696","65.9664314389299","66.2427442192935","66.513868147384","66.8930626498479","67.2631353397085","67.5989274079566","67.9137114788597","68.2132200759693","68.5453691714303","68.8489172343764","69.2446768400788","69.3380365084556","69.8127753499357","70.0772480213017","70.4450594897048","70.4114913778919","70.886653611863","71.2048038482066","71.3684814303379","71.6245048550258","71.8522050248291","72.0615889386312","72.2802232501628","72.4549232273177","72.4243045569775","72.8528066920938","73.0640402911892","72.8849224969201","72.6168890077413","73.1682735481625","73.0993303628336","73.1650700847453","",
"Early-demographic dividend","EAR","Life expectancy at birth, male (years)","SP.DYN.LE00.MA.IN","46.5167471291839","47.0048255103111","47.439410019526","47.8455945408456","48.2760558456496","47.0778023848231","48.1872695839154","48.8189745437912","49.8298236184404","50.211238870874","50.1548446971113","49.0881745389019","51.2488881266161","51.6128641192469","52.0455718021568","52.4580641809604","52.9345242392978","53.4467735696281","53.8988002144763","54.5054681405545","54.9918202611951","55.3445616861944","55.775982285678","56.2037984545637","56.73302206401","57.1869433780396","57.5906013853557","58.1534517762416","58.515512921584","58.9482171296825","59.2342743453129","59.5311559283532","59.9643856111508","60.28949246528","60.5486948532531","60.962767027651","61.2885132228985","61.6227870616641","61.9417840921071","62.2559261008704","62.6696296525264","62.9819888262801","63.340974604345","63.6307079670428","63.8433759775024","64.243916539137","64.6172473835357","64.9357794138724","65.17702392891","65.5956291455308","65.9112028522858","66.3064853535783","66.6337418720433","66.9811161740411","67.3335539135797","67.6287429970704","67.9434693796416","68.2694480303246","68.5515215129917","68.8517366582419","67.7310544607694","66.1877223100909","69.40634291599","69.7844343543506","69.9786350289925","",
"East Asia & Pacific","EAS","Life expectancy at birth, male (years)","SP.DYN.LE00.MA.IN","39.9860066873064","44.4501070546148","51.1889416516889","51.7660104731665","52.3499422055187","52.0146224770903","53.1655933361471","54.0915677018028","54.5454197083221","55.2729396689747","55.8838538153191","56.6974711658546","57.2012777124119","57.9607325220557","58.4647977150336","59.1935147552379","59.6205032161145","60.4937602119672","61.0261653630113","61.625954746372","62.0926340753721","62.5530456285347","62.9998026826291","63.4182992789114","63.8391200514945","64.2066766103051","64.5364414842707","64.8802773367312","65.1804620085188","65.5176939023778","65.7950006549557","66.1743379444957","66.5696439363876","66.9043342755675","67.176370983439","67.408546254569","67.8012089883871","68.1599741505728","68.4686967289081","68.759736051133","69.082188549481","69.4169925170038","69.720265836818","70.0858284954184","70.1974311249332","70.6280147781782","70.9053538551038","71.2636076575487","71.2480719616042","71.7061793186414","71.9921675086258","72.1416025243959","72.4096665931584","72.64347778927","72.8547434474841","73.0746323432403","73.2451762896434","73.2370359872965","73.633271986985","73.8471263033085","73.7053220809158","73.4513729201109","73.8895676396268","73.853829775517","73.9233904577275","",
"Europe & Central Asia (excluding high income)","ECA","Life expectancy at birth, male (years)","SP.DYN.LE00.MA.IN","57.3651087297065","57.8729258953141","58.1983431427863","58.577855731848","58.9018938068361","59.1436195699812","59.3454381529038","59.5474846782265","59.6054243980354","59.6852578388868","59.8290289662725","60.0554102093578","60.3331628988992","60.5303965471548","60.6944614605418","60.8089798300892","60.9318557683314","61.1120100657115","61.2752291582639","61.4250509139255","61.721668768933","61.96170053555","62.2912328218721","62.5329894352052","62.8013021126829","63.4082690611799","63.9373812023541","64.2629337575057","64.1517566735019","64.4634610851866","64.3328996018257","64.0995321329477","63.0211574597463","62.7682664537943","63.0971001554407","63.2998490623132","63.6047735196244","63.9778676634335","64.3222879337344","64.2163130631408","64.9083255295763","65.1630904454289","65.4036451360097","65.6936816023608","65.8943574906193","66.0514097954151","66.2959926484619","66.6417638138994","67.1116438616419","67.6635544743636","68.2068839241108","68.4624184608166","69.0160073763578","69.4908093584077","69.8060267542977","70.1671322426093","70.4643095291359","70.8525538385105","71.0157221225738","71.2401414425697","69.9696341677529","69.5278781468898","70.8627708345798","71.2646871687503","71.7836542393636","",
"Europe & Central Asia","ECS","Life expectancy at birth, male (years)","SP.DYN.LE00.MA.IN","64.4213944207239","64.6946867718849","64.6006519131848","64.9169538234669","65.3641722912282","65.379945453657","65.5355336834607","65.5400047303535","65.4309888179932","65.188884510751","65.4612378200535","65.5832383621428","65.8306383692324","65.9315210791195","66.0976427138196","65.9920349833911","66.0887862824955","66.2194272699851","66.2757330086996","66.3785311370251","66.4425162754178","66.7272289624042","67.0572199663635","67.107778072914","67.2451589147344","67.5788563568084","68.2027387660016","68.4118530396164","68.4480998888073","68.5070920257991","68.3980657312063","68.3475124919659","68.0116514714908","67.5265633462931","67.5406010499141","67.7646489064933","68.283289667521","68.7778926946856","69.097731484355","69.0085144660972","69.2751389300534","69.5556581697095","69.6819948804991","69.8461740657777","70.2607281205545","70.4422267955939","70.9775422101422","71.3989737031625","71.7598308982829","72.2103344374491","72.5614913614429","73.0544211698412","73.3346993913698","73.7258747805409","74.0597767725758","74.1156606359372","74.4813949294217","74.7759053413365","74.8995826628491","75.193404023419","74.0230781812188","73.7118107258594","74.6953539128264","75.2766481055039","75.5667860323791","",
"Ecuador","ECU","Life expectancy at birth, male (years)","SP.DYN.LE00.MA.IN","51.511","52.093","52.649","53.223","53.775","54.291","54.771","55.19","55.647","55.961","56.506","56.958","57.398","57.853","58.27","58.674","59.041","59.519","59.97","60.425","60.894","61.375","61.839","62.223","62.758","63.176","63.638","64.059","64.441","65.123","65.597","66.049","66.438","66.983","67.713","68.06","68.571","68.728","68.821","68.833","69.083","69.536","70.113","70.536","70.711","70.764","70.878","71.109","71.553","71.781","72.152","72.276","72.738","73.245","73.658","73.816","73.751","73.862","74.618","74.61","68.607","69.692","73.74","74.664","74.876","",
"Egypt, Arab Rep.","EGY","Life expectancy at birth, male (years)","SP.DYN.LE00.MA.IN","41.772","42.506","43.168","43.784","44.334","44.801","45.176","45.151","45.73","45.707","46.036","46.654","47.146","47.18","48.453","49.239","50.088","50.977","51.879","52.773","53.653","54.504","55.322","56.108","56.868","57.599","58.298","58.965","59.599","60.197","60.763","61.306","61.817","62.344","62.813","63.311","63.779","64.186","64.543","64.848","65.1","65.319","65.501","65.666","65.811","65.947","66.085","66.224","66.365","66.523","66.692","66.844","67.097","67.263","67.574","67.809","68.164","68.475","68.773","69.041","67.691","67.185","68.831","69.493","69.652","",
"Euro area","EMU","Life expectancy at birth, male (years)","SP.DYN.LE00.MA.IN","66.6376841393363","67.0050504050238","66.9132956384727","67.0454592740404","67.5379085183984","67.6071270249151","67.8170087468648","67.9267746083688","67.8359785570281","67.6545752321227","68.0801924314721","68.15892478666","68.4738983769795","68.5792716621168","68.8559539184774","68.8672288248655","69.1707880154551","69.5246343916377","69.6676434571332","69.9742765415206","70.1043278213528","70.3822386075444","70.7132735616791","70.7845635495709","71.1455541526414","71.2966023600099","71.6259950965112","71.8885425196555","72.0688649462735","72.2268146209789","72.2912102878848","72.4000569829758","72.7063208581408","72.8428353634229","73.1395836297177","73.3087730414385","73.6205055082076","74.0284787044349","74.2939422282483","74.5577497941217","74.8450894261662","75.237318604877","75.3847569864023","75.5024168398154","76.0596915526441","76.2317075659357","76.6581014838432","76.9398950879943","77.2257598950921","77.455199320615","77.7210756169373","78.2001863118836","78.2825107061208","78.6192749603835","79.0518434503248","78.7816578561394","79.1511134513911","79.2270139193368","79.3431865335316","79.6468660099084","78.7879805131146","78.8051167585945","79.0632469338516","79.7107100426613","79.8674584006813","",
"Eritrea","ERI","Life expectancy at birth, male (years)","SP.DYN.LE00.MA.IN","35.398","35.873","36.308","36.818","37.147","37.544","35.748","38.062","38.418","38.761","39.149","39.536","38.791","39.172","36.762","36.432","39.737","40.109","40.501","40.984","42.119","42.51","42.118","34.958","35.449","36.397","37.627","44.825","45.636","45.128","47.467","48.234","50.966","51.777","52.64","53.434","54.067","54.619","43.781","37.132","54.053","56.691","57.229","57.676","58.343","58.877","59.755","60.242","60.572","61.389","61.795","62.328","62.764","62.996","63.513","63.856","64.131","64.494","64.846","65.174","64.627","64.826","65.673","66.509","66.759","",
"Spain","ESP","Life expectancy at birth, male (years)","SP.DYN.LE00.MA.IN","66.68","67.1","67.08","67.13","67.79","68.18","68.46","68.57","68.85","68.36","69.32","68.84","70.14","69.84","70.16","70.47","70.75","71.21","71.32","71.77","72.32","72.47","73.1","72.87","73.11","73.04","73.33","73.45","73.43","73.36","73.34","73.42","73.81","74.01","74.36","74.41","74.54","75.17","75.3","75.4","75.6","76.1","76.3","76.4","76.7","77","77.7","77.8","78.2","78.5","78.7","79.5","79.5","80.2","80.4","80.1","80.5","80.6","80.7","81.1","79.5","80.3","80.5","81.3","81.4","",
"Estonia","EST","Life expectancy at birth, male (years)","SP.DYN.LE00.MA.IN","64.68","65.073","65.593","65.304","66.296","66.3","66.205","66.349","65.912","65.368","65.513","65.685","65.437","66.011","65.854","64.913","64.528","64.647","64.308","64.147","64.206","64.1","64.2","64.4","64.4","64.6","65.5","66.4","66.6","65.6","64.5","64.3","63.4","62.3","60.5","61.3","64.1","64.2","63.7","64.6","65.1","64.6","65.1","66","66.3","67.3","67.35","67.4","68.6","69.8","70.6","71.4","71.4","72.8","72.4","73.2","73.3","73.8","74","74.5","74.4","72.7","73.6","74.5","75.1","",
"Ethiopia","ETH","Life expectancy at birth, male (years)","SP.DYN.LE00.MA.IN","36.235","36.889","37.315","37.743","38.038","38.124","36.279","38.644","38.786","38.845","38.833","38.986","37.913","37.953","36.105","35.923","37.887","37.941","38.088","38.99","39.426","39.677","40.061","33.874","34.492","35.721","36.618","44.18","44.124","44.032","43.47","45.58","46.524","46.898","47.085","47.238","47.856","48.377","48.899","48.157","50.191","50.777","51.255","51.992","52.6","53.092","53.946","54.82","55.774","56.623","57.542","58.437","59.199","59.77","60.416","60.962","61.418","61.935","62.369","62.778","62.779","62.144","63.662","64.078","64.355","",
"European Union","EUU","Life expectancy at birth, male (years)","SP.DYN.LE00.MA.IN","66.5218852533798","66.8464401151196","66.6451218418215","66.9583423366811","67.4238789412375","67.5226579518152","67.7900428542686","67.7392577832723","67.6970074746229","67.446691042435","67.831392063176","67.8974158782945","68.2805951203491","68.373763599277","68.6618915244199","68.612975767545","68.8487544102454","69.1034476251177","69.1707285096902","69.4211063917278","69.4166885335137","69.7529491532988","70.0396984960038","70.0659871954456","70.3283754247055","70.4153141408061","70.6959054528941","70.9072689121229","71.1154529168809","71.1987549571357","71.2092184129251","71.2839700550864","71.5871493276657","71.7556207951051","72.0139714243476","72.1625701580944","72.4789003522556","72.8504446813129","73.1598625244263","73.4270699422273","73.8101100585979","74.205023845413","74.3458115983063","74.4735897839849","74.9847706275578","75.166824115844","75.5648853037362","75.8439846437984","76.1332800008278","76.3808230534624","76.674635481056","77.1731123841115","77.274391585647","77.633653717203","78.0509299388311","77.828839198887","78.1918793593165","78.2610595029674","78.3519464437935","78.6710642580344","77.7289416578249","77.5762256126507","78.1284825100475","78.8476522772325","79.0409682094254","",
"Finland","FIN","Life expectancy at birth, male (years)","SP.DYN.LE00.MA.IN","65.41","65.61","65.09","65.52","65.66","65.29","65.96","65.93","65.87","65.64","66.16","65.92","66.6","66.97","66.93","67.42","67.53","67.96","68.58","68.97","69.24","69.61","70.22","70.24","70.48","70.14","70.56","70.67","70.66","70.88","70.94","71.33","71.67","72.11","72.82","72.79","73.03","73.42","73.52","73.74","74.1","74.6","74.9","75.1","75.3","75.5","75.8","75.8","76.3","76.5","76.7","77.3","77.7","78","78.4","78.7","78.6","78.9","79.1","79.3","79.2","79.3","78.7","79","79.8","",
"Fiji","FJI","Life expectancy at birth, male (years)","SP.DYN.LE00.MA.IN","57.197","57.492","57.916","58.314","58.796","59.929","59.329","59.444","59.582","59.386","59.239","59.269","59.092","58.395","58.629","58.806","59.42","59.955","60.319","59.844","59.769","59.931","59.876","60.408","60.68","61.866","61.543","61.892","62.652","63.254","62.86","63.37","63.152","63.251","63.519","63.749","63.973","64.103","64.342","64.49","63.985","64.029","63.362","63.617","63.867","63.937","64.102","64.163","64.382","64.333","64.803","64.848","63.65","64.638","64.335","64.199","64.812","64.958","65.021","65.116","64.701","63.017","65.147","65.341","65.474","",
"France","FRA","Life expectancy at birth, male (years)","SP.DYN.LE00.MA.IN","66.6","66.8","66.9","67.1","67.2","67.3","67.4","67.6","67.7","67.8","68","68.2","68.4","68.6","68.8","69","69.2","69.4","69.7","69.9","70.1","70.3","70.5","70.8","71","71.3","71.6","71.8","72.1","72.3","72.6","72.8","73.1","73.3","73.6","73.8","74.1","74.5","74.8","75","75.3","75.5","75.7","75.7","76.7","76.7","77.3","77.6","77.8","78","78.2","78.7","78.7","79","79.5","79.2","79.5","79.6","79.7","79.9","79.2","79.3","79.3","80.1","80.2","",
"Faroe Islands","FRO","Life expectancy at birth, male (years)","SP.DYN.LE00.MA.IN","69.585","70.157","70.567","70.89","71.153","71.385","71.604","71.824","72.043","72.24","72.401","72.544","72.611","72.717","72.81","72.938","73.106","73.274","73.421","73.514","73.546","73.511","73.435","73.35","73.294","73.285","71.682","71.9355","72.1914","72.4481","72.7049","72.9625","73.2227","73.4886","73.7676","74.0798","74.4305","74.7771","75.1098","75.4277","75.7262","75.9969","76.258","76.5271","76.8062","77.0872","77.3483","77.5688","77.7573","77.9508","78.1792","78.4442","78.7339","79.0284","79.3034","79.5435","79.7406","79.934","80.1327","80.3346","80.5379","80.7412","80.9434","81.1429","81.3391","",
"Micronesia, Fed. Sts.","FSM","Life expectancy at birth, male (years)","SP.DYN.LE00.MA.IN","51.194","51.663","52.298","52.905","53.389","53.937","54.484","54.988","55.485","55.94","56.38","56.776","57.161","57.493","57.825","58.103","58.356","58.591","58.781","58.957","59.093","59.212","59.319","59.424","59.546","59.677","59.826","59.965","60.209","60.366","60.508","60.652","60.787","60.922","60.999","61.117","61.258","61.382","61.512","61.628","61.357","61.825","61.218","61.979","61.988","62.005","61.95","61.946","61.968","61.994","62.039","62.108","62.243","62.345","62.464","62.499","62.704","62.824","62.889","63.012","62.395","62.723","63.382","63.488","63.631","",
"Gabon","GAB","Life expectancy at birth, male (years)","SP.DYN.LE00.MA.IN","43.857","44.537","45.202","45.855","46.344","47.129","47.748","48.356","48.999","49.588","50.169","50.741","51.303","51.849","52.432","52.945","53.458","53.951","54.433","54.877","55.318","55.75","56.155","56.606","57.075","57.475","57.897","58.247","58.572","58.874","59.117","59.356","59.543","59.708","59.822","59.904","59.914","60.037","60.14","60.275","60.416","60.559","60.687","61.009","61.207","61.468","61.754","61.993","62.279","62.526","62.767","63.125","63.407","63.667","63.945","64.221","64.46","64.676","64.895","65.149","64.725","64.805","65.362","65.905","66.064","",
"United Kingdom","GBR","Life expectancy at birth, male (years)","SP.DYN.LE00.MA.IN","68.2","68","68","67.9","68.6","68.6","68.5","69.1","68.7","68.6","68.9","69.2","69.1","69.3","69.5","69.7","69.8","70.2","70.2","70.3","70.7","71.1","71.3","71.5","71.9","71.8","72.1","72.5","72.6","72.9","73.1","73.4","73.8","73.8","74.3","74.3","74.6","74.65","74.8","75","75.4","75.7","75.9","76.3","76.6","77","77.2","77.4","77.6","78.1","78.5","79","79.1","79.2","79.5","79.2","79.4","79.5","79.5","79.554","78.362","78.72","79.1","79.362","79.541","",
"Georgia","GEO","Life expectancy at birth, male (years)","SP.DYN.LE00.MA.IN","56.773","57.147","57.507","57.892","58.255","58.457","58.827","59.198","59.547","59.906","60.255","60.627","60.962","61.319","61.657","61.998","62.421","62.779","63.089","63.444","63.821","64.223","64.606","64.601","64.384","64.615","64.929","64.876","64.515","64.166","64.243","63.578","63.017","62.04","63.939","64.576","65.994","65.549","65.595","65.795","65.902","66.457","66.542","67.706","66.901","66.384","66.11","66.203","65.802","66.454","66.9","67.887","67.864","68.266","68.462","68.482","68.266","68.536","69.023","69.224","68.611","67.324","69.025","69.569","69.747","",
"Ghana","GHA","Life expectancy at birth, male (years)","SP.DYN.LE00.MA.IN","45.024","45.197","45.421","45.546","45.616","45.667","45.679","45.709","45.746","45.807","45.886","45.979","46.312","46.623","47.041","47.455","47.889","48.263","48.648","48.988","49.26","49.531","49.658","50.008","50.442","50.911","51.499","52.113","52.741","53.375","53.947","54.382","54.808","55.128","55.038","55.556","55.846","56.124","56.384","56.643","56.93","57.179","57.459","57.74","58.01","58.353","58.691","58.967","59.194","59.507","59.79","59.983","60.308","60.652","60.99","61.317","61.63","61.907","62.155","62.387","62.028","62.107","62.954","63.134","63.314","",
"Gibraltar","GIB","Life expectancy at birth, male (years)","SP.DYN.LE00.MA.IN","67.359","67.818","68.108","68.339","68.519","68.633","68.829","69.018","69.065","69.12","69.244","69.462","69.726","70.079","70.428","70.643","70.728","70.735","70.74","70.845","71.084","71.415","71.793","72.146","72.439","72.699","72.973","73.215","73.451","73.725","74.08","74.38","74.747","75.211","75.703","76.149","76.727","77.302","77.79","78.185","78.506","78.683","78.766","78.765","78.781","78.788","78.749","78.751","78.958","79.164","79.403","79.654","79.848","79.863","79.914","79.929","80.02","80.158","80.362","80.53","80.423","77.834","80.875","80.915","81.028","",
"Guinea","GIN","Life expectancy at birth, male (years)","SP.DYN.LE00.MA.IN","35.406","35.569","35.734","35.925","36.133","36.368","36.714","36.86","37.106","37.461","37.646","37.958","38.257","38.644","38.899","39.249","39.68","40.017","40.487","40.943","41.441","41.957","42.551","42.963","43.649","44.143","44.631","45.119","45.575","46.016","46.453","46.911","47.445","47.978","48.377","49.066","49.818","50.453","51.009","51.353","51.865","52.034","52.658","52.98","53.275","53.611","53.944","54.234","54.61","54.869","55.186","55.48","55.754","56.074","56.22","56.634","57.28","57.441","57.8","58.159","57.963","58.145","59.191","59.517","59.659","",
"Gambia, The","GMB","Life expectancy at birth, male (years)","SP.DYN.LE00.MA.IN","33.835","34.312","34.816","35.304","35.795","36.385","36.782","37.265","37.757","38.21","38.695","39.182","39.675","40.161","40.81","41.246","41.9","42.354","42.606","43.446","44.047","42.585","45.355","45.922","46.527","47.166","47.761","48.31","48.952","49.526","49.996","50.52","50.99","51.528","52.103","52.489","52.979","53.3","53.964","54.444","54.919","55.379","55.934","56.501","57.089","57.506","58.126","58.597","59.162","59.422","59.897","60.31","60.651","61.01","61.316","61.677","61.987","62.268","62.539","62.915","62.713","62.239","63.207","64.174","64.35","",
"Guinea-Bissau","GNB","Life expectancy at birth, male (years)","SP.DYN.LE00.MA.IN","35.954","36.193","36.43","32.169","32.228","32.195","32.238","32.439","32.763","33.017","33.275","33.513","33.731","34.074","39.851","40.176","40.491","40.811","41.136","41.46","41.783","42.115","42.465","42.797","43.108","43.413","43.655","43.958","44.373","44.658","44.937","45.222","45.493","45.775","45.688","46.386","46.61","45.94","44.681","45.465","48.374","48.868","49.461","50.056","50.688","50.894","51.973","52.828","53.277","54.264","54.956","55.6","56.175","56.758","57.314","57.887","58.412","58.909","59.389","59.873","58.872","59.306","61.205","61.657","61.816","",
"Equatorial Guinea","GNQ","Life expectancy at birth, male (years)","SP.DYN.LE00.MA.IN","39.972","40.232","40.493","40.752","41.013","41.274","41.533","41.791","42.046","28.146","28.215","34.251","41.553","41.761","38.499","34.294","27.645","38.969","39.283","38.859","45.818","46.405","46.702","47.169","47.478","48.016","48.401","48.685","48.99","49.218","49.426","49.62","49.81","49.952","50.146","50.355","50.632","50.897","51.215","51.608","52.003","52.468","52.992","53.439","53.923","54.406","54.979","55.478","56","56.485","56.926","57.406","57.847","58.309","58.715","59.115","59.545","59.886","60.316","60.674","60.349","60.785","61.715","62.037","62.221","",
"Greece","GRC","Life expectancy at birth, male (years)","SP.DYN.LE00.MA.IN","67.907","68.164","68.149","68.483","68.345","69.179","69.461","69.167","69.213","69.694","70.272","70.514","70.266","70.483","71.029","70.928","71.064","71.074","71.71","71.966","71.889","72.343","72.65","72.937","73.222","73.697","74.037","73.57","74.416","74.2","74.5","74.6","74.7","75","75.2","75","75.1","75.6","75.4","75.5","75.4","75.9","76.3","76.5","76.6","76.8","77","77","77.5","77.7","77.9","78","78","78.7","78.8","78.5","78.9","78.8","79.3","79.2","78.8","77.4","78.3","79.2","79.4","",
"Grenada","GRD","Life expectancy at birth, male (years)","SP.DYN.LE00.MA.IN","61.285","61.636","61.767","61.763","62.086","62.618","63.432","64.151","64.456","64.344","64.082","64.053","64.403","64.933","65.378","65.582","65.564","65.493","65.473","65.54","65.69","65.89","66.096","58.574","66.487","66.674","66.859","67.053","67.261","67.49","67.744","68.027","68.345","68.691","69.043","69.377","69.673","69.913","70.082","70.197","70.282","70.362","70.462","70.606","70.04","71.025","71.271","71.526","71.777","72.011","72.214","72.371","72.473","72.509","72.475","72.39","72.279","72.17","72.1","72.101","72.168","71.819","72.34","72.364","72.52","",
"Greenland","GRL","Life expectancy at birth, male (years)","SP.DYN.LE00.MA.IN","55.982","56.311","56.274","56.315","56.603","57.357","58.215","59.27","59.985","60.646","60.882","61.053","61.072","60.927","60.466","60.053","59.599","59.215","60","60.35","59.84","59.47","60.1","60.5","60.53","60.58","61","61.02","60.68","60.77","61.4","61.7","62.04","62.8","63.34","63.41","63.26","63.12","63.44","63.18","62.34","62.44","62.8","63.44","64.13","64.51","65.14","65.63","66.01","66.72","67.14","67.4","67.74","67.96","68.24","68.7","68.76","68.71","69","68.98","68.92","69.32","69.44","69.07","68.41","",
"Guatemala","GTM","Life expectancy at birth, male (years)","SP.DYN.LE00.MA.IN","45.582","45.908","46.204","46.149","46.472","46.474","46.617","46.759","46.609","46.223","47.096","48.738","50.207","51.245","51.342","51.16","46.766","53.248","54.049","53.939","51.851","50.608","43.576","55.342","56.735","57.352","57.77","58.467","59.049","59.189","59.113","59.184","59.192","59.686","60.101","60.643","61.504","62.114","62.858","63.534","64.012","64.356","64.692","65.112","65.06","65.088","65.646","66.195","66.399","66.635","66.975","67.523","68.003","68.211","68.292","68.306","68.642","69.085","69.185","69.28","66.954","64.941","68.706","70.312","70.441","",
"Guam","GUM","Life expectancy at birth, male (years)","SP.DYN.LE00.MA.IN","61.721","62.056","62.19","62.614","62.821","62.988","63.072","63.097","63.077","63.106","63.218","63.374","63.659","64.045","64.573","65.075","65.427","66.15","66.743","67.332","67.939","68.474","69.015","69.489","70.029","70.428","70.63","70.68","70.739","70.8","70.848","70.948","71.145","71.426","71.676","71.797","71.857","71.837","71.858","72.016","72.183","72.552","72.875","73.331","73.543","73.813","73.774","73.604","73.275","73.015","72.757","72.654","72.629","72.707","72.703","72.692","72.698","72.71","72.79","72.88","71.536","71.815","73.301","73.435","73.655","",
"Guyana","GUY","Life expectancy at birth, male (years)","SP.DYN.LE00.MA.IN","55.122","55.527","55.94","56.292","56.635","56.885","57.076","57.312","57.477","57.624","57.744","57.842","57.884","57.944","58.043","58.101","58.163","58.231","58.3","58.372","58.451","58.53","58.606","58.728","58.793","58.897","59.058","59.2","59.318","59.511","59.68","59.854","60.005","60.249","60.208","59.83","59.737","59.816","60.336","60.717","61.016","61.285","61.189","61.099","61.074","61.398","61.943","62.514","62.744","63.006","63.066","63.252","63.188","63.298","63.843","64.214","64.513","64.951","65.235","65.525","63.99","60.978","66.218","66.507","66.624","",
"High income","HIC","Life expectancy at birth, male (years)","SP.DYN.LE00.MA.IN","65.4583048678823","65.8102202102446","65.7134678376845","65.9338986534932","66.3283074969356","66.3450842005632","66.4911199048073","66.7574838695215","66.4963392670303","66.5445621611853","66.8494671962223","67.1084461226893","67.3176589346521","67.4647315855523","67.7782146343553","67.9286898166461","68.141953453722","68.3941327170457","68.5095079874258","68.746397620314","68.7962332091777","69.1501055206456","69.51399878432","69.605879704435","69.788263116597","70.0066694008184","70.4895978301092","70.7246485147976","70.809474485601","70.9541476361798","70.9816088032673","71.1114978165852","71.1712710568389","70.9163673368025","70.9921842461262","71.1525595699692","71.7272841738578","72.2033670012328","72.4650501094984","72.5120700318014","72.7646209689204","73.0716359792837","73.2345268212137","73.3766521772564","73.8271826931691","73.9676363275812","74.4433713153916","74.80892097718","75.0502210889122","75.4458379839375","75.6698529626585","76.0141765888119","76.2293316883737","76.5033177642558","76.7701923829794","76.78287488573","76.9878144138217","77.1687871635074","77.2799866043178","77.5104620648636","76.3900937185252","76.0123483888013","76.6887510865761","77.4344907118394","77.7592852466643","",
"Hong Kong SAR, China","HKG","Life expectancy at birth, male (years)","SP.DYN.LE00.MA.IN","62.022","62.828","63.349","64.052","64.683","65.379","65.84","66.402","66.778","67.154","67.422","67.79","67.69","68.5","69.11","70.05","69.55","70.12","70.57","70.59","71.59","72.31","72.58","72.34","73.19","73.8","74.06","74.21","74.42","74.18","74.6","75.19","74.81","75.26","75.69","76.03","76.73","77.2","77.38","77.68","78","78.39","78.54","78.48","78.97","78.77","79.38","79.44","79.36","79.78","80.06","80.29","80.66","81.08","81.16","81.36","81.27","81.92","82.26","82.39","83.35","83.24","80.7","82.54","82.7","",
"Honduras","HND","Life expectancy at birth, male (years)","SP.DYN.LE00.MA.IN","45.672","46.252","47.173","47.873","48.65","49.224","49.901","50.644","51.346","52.035","52.653","53.295","53.943","53.075","51.764","55.759","56.317","56.946","57.489","58.073","58.598","59.13","59.622","60.121","60.59","61.158","61.628","62.061","62.406","62.822","63.218","63.642","63.928","64.017","64.463","64.873","65.213","65.497","61.645","65.94","66.227","66.406","66.631","66.763","66.925","67.067","67.186","67.36","67.47","67.636","67.557","67.85","68.172","68.447","68.691","68.966","69.22","69.367","69.538","69.651","68.172","67.002","70.174","70.346","70.489","",
"Heavily indebted poor countries (HIPC)","HPC","Life expectancy at birth, male (years)","SP.DYN.LE00.MA.IN","39.0886694204092","39.3934464808803","40.1203771973458","40.337532526369","40.6221707824998","40.9393829770423","41.1237329113645","41.7060318349951","42.0217475783013","42.3117067786705","42.6162004146719","42.7464481855631","42.5724486295195","43.1492435804882","43.2631834779706","43.6455985591283","44.2216975847802","44.5761453784603","44.6387427079074","44.9515447014379","45.3517127954257","45.5646228987188","45.6871982723815","44.7434556445442","44.598081773284","45.0627243552421","45.982261883562","47.2386539224543","47.6555443161907","47.9256952383032","47.9367920503687","48.079088539868","48.3885463372115","49.0814294795991","48.8753494798836","49.6582792318445","49.7858829698547","50.120737191415","50.1223250600064","50.5744426595051","51.6712223012328","52.1927045530531","52.676101917498","53.189254569864","53.6818095782467","54.2764261014094","55.0547032571366","55.6704610616791","56.2062602171607","56.5524338850669","57.0365842940577","57.477652623847","58.2616003427221","58.7191793103566","59.0586034215158","59.5394596006281","59.9254737113804","60.1312871528015","60.5562384445247","60.8015604280244","60.6055937777919","60.1171259704045","61.494321218265","62.333461841423","62.5224601382699","",
"Croatia","HRV","Life expectancy at birth, male (years)","SP.DYN.LE00.MA.IN","63.406","63.892","64.676","64.928","65.384","65.746","66.165","66.126","65.802","65.758","65.854","65.991","66.191","66.46","66.807","66.68","67.27","67.52","67.09","66.92","66.39","66.72","66.79","66.47","66.36","67.13","67.78","67.88","67.82","68.23","68.59","68.6","66.9","67.22","67.54","67.86","68.18","68.3","68.6","68.92","69.12","71.03","71.21","71.17","72.13","71.83","72.51","72.33","72.4","72.9","73.5","73.8","73.9","74.4","74.7","74.3","74.8","74.8","74.7","75.2","74.5","73.4","74.6","75.4","76.1","",
"Haiti","HTI","Life expectancy at birth, male (years)","SP.DYN.LE00.MA.IN","41.26","41.672","42.069","41.075","42.881","43.381","43.63","44.215","44.636","45.052","45.449","45.85","46.133","46.481","46.783","47.077","47.382","47.691","48.011","48.347","48.648","49.039","49.41","49.748","50.05","50.369","50.649","51.027","51.332","51.642","51.97","52.2","52.765","53.166","53.459","54.19","54.657","55.161","55.561","56.032","56.476","56.823","57.212","57.52","56.635","58.209","58.519","58.816","58.977","59.371","45.441","59.219","59.837","60.111","60.402","60.607","60.691","61.085","61.278","61.483","60.707","59.681","60.836","61.729","61.897","",
"Hungary","HUN","Life expectancy at birth, male (years)","SP.DYN.LE00.MA.IN","65.93","66.78","65.7","66.64","67.02","66.72","67.52","66.89","66.64","66.7","66.35","66.15","66.85","66.64","66.37","66.29","66.7","66.77","66.15","66.23","65.53","65.51","65.67","65.12","65.06","65.06","65.31","65.7","66.16","65.33","65.14","65.06","64.6","64.55","64.86","65.26","66.08","66.4","66.15","66.36","67.1","68.2","68.3","68.3","68.6","68.6","69","69.2","69.8","70.1","70.5","71.2","71.6","72.2","72.3","72.3","72.6","72.5","72.7","73.1","72.2","70.7","72.6","73.4","73.7","",
"IBRD only","IBD","Life expectancy at birth, male (years)","SP.DYN.LE00.MA.IN","44.3292865353631","46.9533988471487","50.740218533633","51.2680810406052","51.7309321728717","51.2805826047046","52.0515802744738","52.5557353978145","53.2645821545242","53.7159666333722","54.1877424839046","54.7861293600302","55.2138615674709","55.789894430469","56.256965976251","56.815011422658","57.1820469374457","57.836172577082","58.284865061554","58.7420287977616","59.0854204062164","59.4642365910243","59.8933898291246","60.3515798610081","60.7656239044286","61.173777403502","61.6392702171777","61.9678402877963","62.2504127308578","62.6089899323555","62.8332495397838","63.1839926140069","63.4382400189804","63.6180961803752","63.8604330349105","64.2395069982399","64.6475474955668","65.0342243861615","65.359420035144","65.6004931805277","65.893070258249","66.1781336609011","66.4818843245981","66.7416145094885","66.9700850544418","67.3558164827304","67.6754742984246","68.0447368191541","68.2885721069066","68.682707238903","69.0371084308451","69.329542316933","69.6702002681509","69.9801259629223","70.2647035052313","70.5561663133909","70.7640572264015","70.9658529574919","71.328737368412","71.5878606899655","70.7163030423352","69.5595547421678","71.7715164957533","72.0390995074048","72.1942671346936","",
"IDA & IBRD total","IBT","Life expectancy at birth, male (years)","SP.DYN.LE00.MA.IN","43.8736765030298","46.1236705533467","49.3533956305744","49.8434479926206","50.3175368189783","49.9920199203906","50.7185519789544","51.1965406940854","51.8697332237066","52.306475158809","52.6202080563044","52.4923649293089","53.6810608957939","54.222085453459","54.6307102934711","55.1219829177107","55.521802749453","56.1194816521263","56.519593079761","56.9782023828858","57.3425002067465","57.6908855909979","58.0613246708751","58.3946047925032","58.7284740038077","59.0995757802463","59.5504870882142","59.9206401640522","60.1733444867806","60.5029607994833","60.6884460075751","60.9179086012561","61.1805034914493","61.3767294765737","61.5768449397416","61.9280381033478","62.2607471894464","62.6061076995872","62.8722566999915","63.1542794058288","63.5263448881223","63.8318373396503","64.1414265627052","64.426890389128","64.6623445689578","65.0171626231142","65.378115418513","65.7341419987243","65.948098574776","66.3271551347101","66.6738567143312","66.9482342619036","67.2716379709852","67.562441907251","67.7984712216479","68.0475431379345","68.2729088029748","68.4597247119892","68.8140392451637","69.072779883317","68.289444556503","67.3523523643214","69.3213308242204","69.6431309120852","69.7742711008811","",
"IDA total","IDA","Life expectancy at birth, male (years)","SP.DYN.LE00.MA.IN","41.7031997144317","42.2224757973193","42.8780948073085","43.2018810910393","43.7438420848058","44.0174092488487","44.5536134937002","44.9315022657452","45.4630962518773","45.8543161334342","45.4650432632789","42.0304586969987","46.7031302380911","47.1190600312897","47.305367959601","47.5402815366594","48.1317200504536","48.5281214410317","48.7720667239753","49.3037124987785","49.8248310941654","50.1026198258492","50.2839087485637","50.157028206355","50.2230354168851","50.5115585898606","50.9736775512736","51.5822310643813","51.7801519277655","52.0624125751298","52.1663679260834","51.9970474126117","52.3872185531508","52.7486627429066","52.890322248415","53.2420746751564","53.4005512636431","53.6978699402635","53.8514831144765","54.3834916039207","55.1408395530903","55.6196141162047","56.0525813262162","56.5281997507068","56.884675572703","57.2333702595264","57.8309907892578","58.2472338555802","58.4653616600986","58.8932297318668","59.3105976652048","59.6202829430095","59.9733908356333","60.276868764609","60.4417827605712","60.6449729810763","61.0067305199256","61.2389972356253","61.6644620338699","62.0239358900327","61.5930151611415","61.3618375730549","62.7803105586549","63.3492185890043","63.5156796042427","",
"IDA blend","IDB","Life expectancy at birth, male (years)","SP.DYN.LE00.MA.IN","41.9634224401003","42.5470476364601","43.5642393997867","44.11794085097","44.6461586739748","45.1453048226387","45.8121827030432","45.8694575232085","46.7529608488688","47.2601540327921","48.1450853455421","46.3111113727746","49.0254559561155","49.3340637502425","49.643075815628","49.9692025199476","50.670545188925","51.0296755815653","51.3133061421936","51.6475828532331","52.1820005223494","52.5511066066459","52.8618739576984","53.1264232169517","53.3298341334433","53.4884028118213","53.5541211622961","53.6274163306419","53.6416314939087","53.7115494973018","53.6393957660767","53.5110399216703","53.5246195099421","53.5309802394895","53.4820177483583","53.4936420415994","53.5000554502366","53.5332063483483","53.9015197976199","54.2554250160631","54.6344263529728","54.9907453608138","55.3797741723904","55.7515548255519","56.1066602580698","55.9702268406177","56.5517293679315","56.8113419064264","57.1072041742234","57.3825031392726","57.6434568030292","57.9401457807052","58.1918495305383","58.4023722823743","58.6003287464862","58.8012430077867","59.0845650472479","59.3044857986034","59.5430179422555","59.7838886549856","59.1241123140818","59.2966560725082","60.5107173980914","60.8479067608702","60.9838020762977","",
"Indonesia","IDN","Life expectancy at birth, male (years)","SP.DYN.LE00.MA.IN","45.144","45.688","46.525","47.089","47.697","39.045","46.247","49.211","49.713","50.43","51.027","51.546","52.064","52.627","53.129","53.676","54.103","54.802","55.405","56.07","56.672","57.141","57.748","58.382","58.972","59.495","59.829","60.166","60.531","60.986","61.45","61.98","62.462","63.071","63.368","63.667","63.843","64.148","64.259","64.328","64.61","64.899","65.229","65.438","64.08","65.794","65.929","66.138","66.296","66.495","66.571","66.793","67.002","67.16","67.353","67.584","67.781","67.971","68.062","68.325","66.644","65.546","68.871","69.036","69.16","",
"IDA only","IDX","Life expectancy at birth, male (years)","SP.DYN.LE00.MA.IN","41.5814694097541","42.0705750426141","42.5567243820496","42.7723030242896","43.3202293421282","43.4873261803614","43.9614313315646","44.4898506188129","44.8554192407084","45.1914050043623","44.1989010910163","39.9997098545767","45.5969159127877","46.0617690261691","46.1867642271688","46.3729442665358","46.9048890231875","47.3117971965051","47.5298850691395","48.1518829699466","48.6522280685743","48.8674190717505","48.9728234876044","48.6407870387364","48.6313322764046","48.9788675284728","49.6373811645662","50.5171231467694","50.8050280593226","51.1936416206086","51.3853658101692","51.1894569342018","51.7794523311448","52.3307871430459","52.5740771532751","53.1074448083402","53.3471949655605","53.7863627274783","53.8245289744567","54.4526192050536","55.4149797453318","55.9612863034584","56.4186225367843","56.9511725724528","57.3094675828476","57.9245811457","58.5322218261849","59.0367668686841","59.2151165864019","59.7305322698755","60.2380910061343","60.5572534591517","60.9678521238182","61.3243055648763","61.4707299907501","61.6741863694256","62.0771195066965","62.3132933379839","62.839106956116","63.2597169309157","62.9501660575287","62.4937627286758","64.0207677445544","64.7110949594574","64.888686883483","",
"Isle of Man","IMN","Life expectancy at birth, male (years)","SP.DYN.LE00.MA.IN","59.431","59.185","59.089","59.112","59.314","59.582","59.864","60.115","60.275","60.383","60.509","60.66","60.839","61.127","61.411","61.744","62.079","62.433","62.817","63.256","63.68","64.085","64.456","64.809","65.149","65.481","65.862","66.252","66.663","67.069","67.538","68.068","68.621","69.104","69.627","70.056","70.516","70.961","71.448","71.869","72.375","72.968","73.582","74.245","74.866","75.568","76.196","76.759","77.209","77.667","77.986","78.22","78.398","78.526","78.599","78.62","78.654","78.677","78.695","78.735","78.507","78.308","78.881","78.926","79.04","",
"India","IND","Life expectancy at birth, male (years)","SP.DYN.LE00.MA.IN","46.295","46.492","46.782","47.085","47.349","46.093","46.406","46.696","48.479","48.808","49.123","49.434","49.723","50.137","50.738","51.211","51.708","52.178","52.699","53.212","53.701","54.187","54.653","55.106","55.544","55.972","56.391","56.793","57.186","57.588","57.963","58.34","58.728","59.094","59.492","59.868","60.244","60.623","60.99","61.367","61.76","62.102","62.515","62.882","63.221","63.608","63.989","64.373","64.778","65.203","65.644","66.094","66.544","66.97","67.416","67.827","68.231","68.61","68.973","69.312","68.529","65.87","70.237","70.522","70.729","",
"Not classified","INX","Life expectancy at birth, male (years)","SP.DYN.LE00.MA.IN","","","","","","","","","","","","","","","","","","","","","","","","","","","","","","","","","","","","","","","","","","","","","","","","","","","","","","","","","","","","","","","","","","",
"Ireland","IRL","Life expectancy at birth, male (years)","SP.DYN.LE00.MA.IN","68.485","67.85","67.973","68.294","68.487","68.555","68.095","69.08","68.721","68.726","68.584","69.29","68.592","68.719","68.638","69.175","69.361","69.493","69.349","69.389","69.932","70.163","70.471","70.404","70.913","70.758","70.847","71.648","71.696","71.744","72.109","72.285","72.679","72.56","73.052","72.762","73.1","73.4","73.4","73.4","74","74.5","75","75.7","76.1","76.7","76.9","77.3","77.9","77.8","78.5","78.6","78.7","78.9","79.3","79.6","79.8","80.4","80.4","80.8","80.7","80.4","80.9","81.1","81.4","",
"Iran, Islamic Rep.","IRN","Life expectancy at birth, male (years)","SP.DYN.LE00.MA.IN","43.938","44.512","44.411","45.642","46.224","46.805","47.437","48.099","48.227","49.515","50.26","51.053","51.583","52.647","53.431","54.274","55.099","55.872","55.199","57.291","56.316","52.837","53.807","54.662","57.968","58.545","59.069","59.546","60.053","63.176","62.122","63.985","64.366","64.722","65.158","65.559","65.976","66.315","66.866","67.345","67.839","68.309","68.835","68.392","69.841","70.299","70.796","71.252","71.682","72.074","72.462","72.826","73.184","73.509","73.802","74.072","74.302","74.546","74.738","74.987","72.217","71.951","74.898","75.786","76.003","",
"Iraq","IRQ","Life expectancy at birth, male (years)","SP.DYN.LE00.MA.IN","48.331","48.983","50.105","50.872","51.891","52.961","53.929","55.278","55.864","56.517","57.697","58.651","59.169","59.656","57.119","57.57","60.818","61.1","61.332","61.518","55.389","51.669","51.999","52.32","52.585","52.863","53.119","53.386","49.426","52.237","52.294","56.627","61.73","61.792","61.63","61.538","61.618","61.427","61.807","61.962","62.275","62.664","63.114","61.266","60.666","60.919","59.259","59.77","63.147","65.477","65.796","66.182","66.591","66.726","67.439","67.771","65.264","67.037","69.229","69.328","66.974","68.845","70.109","70.426","70.503","",
"Iceland","ISL","Life expectancy at birth, male (years)","SP.DYN.LE00.MA.IN","72.423","70.84","71.4","70.16","70.81","71.42","70.32","71.11","71.64","71.23","70.69","70.79","72.09","71.49","71.18","72.33","73.86","73.32","73.82","73.7","73.51","73.38","74.55","73.27","74.84","74.9","75.42","74.9","74.4","76.18","75.49","74.87","76.77","77.12","77.13","75.96","76.49","76.3","77.7","77.4","77.8","78.3","78.6","79.5","78.9","79.6","79.5","79.6","80","79.8","79.8","80.7","81.6","80.5","81.3","81.2","80.4","81.1","81.3","81.7","81.6","81.8","80.9","80.7","81.2","",
"Israel","ISR","Life expectancy at birth, male (years)","SP.DYN.LE00.MA.IN","","70.47","70.6","","","","70.91","69.9","69.32","69.19","69.55","70.08","70.2","70.23","70.13","70.25","71.2","71.3","71.5","71.8","72.1","72.7","72.5","72.8","73.1","73.5","73.2","73.6","73.9","74.6","74.9","75.1","74.7","75.3","75.5","75.5","76.3","76","76.1","77","77.1","77.7","77.5","77.6","78","78.2","78.7","78.7","79","79.6","79.7","79.9","79.9","80.3","80.3","80.1","80.7","80.6","80.9","81","80.6","80.5","80.7","81","81.1","",
"Italy","ITA","Life expectancy at birth, male (years)","SP.DYN.LE00.MA.IN","66.68","67.17","66.54","66.57","67.58","67.44","68.17","68.22","67.98","67.89","68.71","68.88","69.09","69.08","69.71","69.54","69.87","70.15","70.42","70.71","70.67","71.11","71.6","71.45","72.17","72.3","72.6","73","73.2","73.6","73.8","73.8","74.2","74.6","74.8","75","75.4","75.8","76","76.4","76.9","77.2","77.4","77.3","78","78.1","78.6","78.8","78.9","79.1","79.5","79.7","79.8","80.3","80.7","80.3","81","80.8","81.2","81.4","80","80.5","80.7","81.4","82","",
"Jamaica","JAM","Life expectancy at birth, male (years)","SP.DYN.LE00.MA.IN","61.999","62.415","62.806","63.176","63.513","63.779","63.987","64.148","64.267","64.409","64.602","64.834","65.142","65.475","65.822","66.114","66.395","66.644","66.847","66.993","67.236","67.464","67.724","68.003","68.376","68.718","69.21","69.731","70.108","70.464","70.648","70.674","70.636","70.482","70.275","70.038","69.817","69.608","69.48","69.428","69.474","69.384","69.529","69.507","69.357","69.125","68.941","68.859","68.954","69.214","69.58","69.951","70.227","70.34","70.276","70.1","69.878","69.63","69.204","69.085","68.925","66.744","68.997","68.975","69.076","",
"Jordan","JOR","Life expectancy at birth, male (years)","SP.DYN.LE00.MA.IN","52.362","53.306","54.188","54.966","55.899","56.714","57.075","58.264","59.006","59.672","58.434","60.725","61.486","62.044","62.546","63.07","63.581","64.079","64.547","65.032","65.519","65.991","66.424","66.804","67.202","67.531","67.82","68.066","68.284","68.462","68.627","68.748","68.856","68.994","69.105","69.242","69.391","69.561","69.746","69.936","70.064","70.284","70.501","70.712","70.92","71.082","71.321","71.499","71.668","71.792","71.891","72.001","72.149","72.333","72.662","73.125","73.586","74.068","74.456","74.806","73.371","72.167","75.029","75.709","75.892","",
"Japan","JPN","Life expectancy at birth, male (years)","SP.DYN.LE00.MA.IN","65.32","66.03","66.23","67.21","67.67","67.74","68.35","68.91","69.05","69.18","69.31","70.17","70.5","70.7","71.16","71.73","72.15","72.69","72.97","73.46","73.35","73.79","74.22","74.2","74.54","74.78","75.23","75.61","75.54","75.91","75.92","76.11","76.09","76.25","76.57","76.38","77.01","77.19","77.16","77.1","77.72","78.07","78.32","78.36","78.64","78.56","79","79.19","79.29","79.59","79.55","79.44","79.94","80.21","80.5","80.75","80.98","81.09","81.25","81.41","81.56","81.47","81.05","81.09","81.09","",
"Kazakhstan","KAZ","Life expectancy at birth, male (years)","SP.DYN.LE00.MA.IN","53.207","53.388","53.569","53.749","53.925","54.093","54.253","54.417","54.579","54.748","54.927","55.126","55.337","55.551","55.759","55.955","56.129","56.274","56.466","56.748","57.162","57.74","58.49","59.324","60.131","60.825","61.339","61.619","61.658","61.491","61.154","60.682","60.12","59.517","58.93","58.397","58.006","57.773","57.742","57.885","58.144","58.464","58.793","59.084","59.337","59.616","59.959","60.421","61.052","61.861","62.785","63.778","64.762","65.688","66.513","67.234","67.854","68.383","68.828","69.198","66.811","66.147","68.986","70.112","70.266","",
"Kenya","KEN","Life expectancy at birth, male (years)","SP.DYN.LE00.MA.IN","47.234","48.071","48.83","49.47","50.012","50.594","51.137","51.607","52.043","52.483","52.873","53.159","53.536","53.938","54.411","54.971","55.44","55.905","56.414","56.87","57.358","57.753","58.093","58.602","58.84","59.106","58.983","58.796","58.285","57.957","56.614","56.113","55.343","55.066","54.759","54.772","54.819","54.719","54.749","55.033","55.332","55.665","55.841","56.481","56.967","57.433","57.83","57.97","58.428","58.894","59.246","59.513","59.718","59.867","60.052","60.27","60.455","60.599","60.728","60.859","59.145","58.968","61.324","61.459","61.637","",
"Kyrgyz Republic","KGZ","Life expectancy at birth, male (years)","SP.DYN.LE00.MA.IN","51.052","51.359","51.672","51.976","52.28","52.581","52.883","53.194","53.492","53.786","54.064","54.373","54.679","54.981","55.294","55.606","55.955","56.269","56.616","56.915","57.316","57.563","58.065","58.226","58.95","59.907","61.018","61.727","61.372","64.2","64.2","64.6","64.2","62.9","61.6","61.4","62.3","62.6","63.1","64.9","64.9","65","64.4","64.5","64.3","64.2","63.5","63.7","64.5","65.2","65.3","65.7","66.1","66.3","66.5","66.7","67","67.2","67.4","67.6","67.8","67.9","68","68.2","68.4","",
"Cambodia","KHM","Life expectancy at birth, male (years)","SP.DYN.LE00.MA.IN","41.065","41.449","41.861","42.387","42.726","43.12","43.519","43.447","43.838","44.096","32.631","32.52","32.584","32.695","32.809","11.25","10.438","10.128","10.25","33.338","43.307","43.781","44.413","45.099","45.816","46.528","47.326","50.75","51.759","51.928","52.374","53.066","53.245","53.689","53.961","54.263","54.587","55.071","55.717","56.43","57.296","58.214","59.007","59.919","60.961","61.911","62.692","63.395","63.974","64.516","65.056","65.568","65.993","66.302","66.641","66.893","67.109","67.311","67.427","67.526","67.296","66.637","67.839","68.011","68.149","",
"Kiribati","KIR","Life expectancy at birth, male (years)","SP.DYN.LE00.MA.IN","46.618","47.109","47.657","48.306","48.978","49.658","50.344","51.057","51.728","52.346","52.922","53.447","53.822","54.256","54.547","54.776","54.958","54.478","55.31","55.489","55.685","55.904","56.151","56.428","56.734","57.071","57.438","57.892","58.372","58.857","59.332","59.783","60.24","60.686","61.084","61.441","61.763","62.059","62.333","62.612","62.895","63.145","63.355","63.526","63.661","63.767","63.854","63.929","63.999","64.061","64.112","64.143","64.149","64.13","64.088","64.035","63.987","63.961","63.97","64.025","63.054","62.346","64.435","64.58","64.687","",
"St. Kitts and Nevis","KNA","Life expectancy at birth, male (years)","SP.DYN.LE00.MA.IN","54.267","54.66","55.154","55.718","56.306","56.853","57.316","57.685","58.096","58.422","58.686","58.918","59.193","59.441","59.769","60.061","60.365","60.619","61.147","61.421","61.64","61.961","62.226","62.482","62.596","62.759","62.961","63.122","63.267","63.348","63.44","63.586","63.752","63.96","64.283","64.589","64.926","65.28","65.382","66.015","66.39","66.773","67.14","67.504","67.824","68.109","68.321","68.401","68.493","68.521","68.466","68.384","68.267","68.079","67.894","67.764","67.725","67.75","67.783","68.017","67.464","65.836","66.826","68.573","68.689","",
"Korea, Rep.","KOR","Life expectancy at birth, male (years)","SP.DYN.LE00.MA.IN","51.38","52.031","52.653","52.504","52.662","52.888","52.462","57.238","57.154","57.719","58.7","59.1","59.4","59.7","60","60.3","60.6","60.9","61.1","61.4","61.9","62.4","62.9","63.4","64","64.6","65.3","65.9","66.5","67","67.5","67.9","68.4","68.9","69.3","69.7","70.2","70.7","71.2","71.8","72.3","72.9","73.4","73.8","74.3","74.9","75.4","75.9","76.2","76.7","76.8","77.3","77.6","78.1","78.6","79","79.3","79.7","79.7","80.3","80.5","80.6","79.9","80.6","80.8","",
"Kuwait","KWT","Life expectancy at birth, male (years)","SP.DYN.LE00.MA.IN","57.317","58.375","59.42","60.446","61.445","62.417","63.359","64.251","65.068","65.786","66.384","66.844","67.172","67.403","67.572","67.716","67.879","68.085","68.342","68.647","68.995","69.382","69.799","70.242","70.708","71.196","71.704","72.232","72.759","73.249","70.123","70.377","74.178","74.231","74.186","74.09","73.987","73.933","73.976","74.096","74.261","74.438","74.597","74.707","74.775","74.832","74.915","75.057","75.291","75.628","76.035","76.482","76.936","77.374","77.774","78.099","78.421","78.659","78.841","80.96","77.2","78.2","80.1","82.7","83.8","",
"Latin America & Caribbean (excluding high income)","LAC","Life expectancy at birth, male (years)","SP.DYN.LE00.MA.IN","52.5354225709921","53.096058753015","53.522294524237","53.9233067544056","54.3077073823341","54.6678737530375","55.2000381545487","55.5570629446903","55.8692717317705","56.1480943738527","56.2741952353991","57.0761399538884","57.5032433990261","57.8942974956171","58.2706273829939","58.7775135469483","59.117731099416","59.6485745852794","60.0204119486657","60.2791098672055","60.5514989485315","60.9366478981357","61.2253679863763","61.8315206036896","62.2135528173875","62.4234305544598","63.0553868412999","63.3650470757828","63.707877208646","64.0012282238235","64.2988520452659","64.525560297719","64.736459717317","65.0637990565725","65.4849453089171","65.8958149805018","66.3044602338775","66.7026461879819","66.8968569673841","67.2609532347877","67.5534251686887","67.7968094350921","68.214031925525","68.5582352407379","68.900122095282","69.2672116891239","69.5431588127469","69.7635311299901","69.9251266285627","70.1127304812298","70.1022169662984","70.5732481124845","70.8644931421983","71.114426992107","71.3062623191939","71.4977321537595","71.3700342127823","71.5607087007077","71.7908098183191","71.9912565419802","69.6359601733534","68.2082497919114","71.4290769701038","72.4601999214603","72.6451928049848","",
"Lao PDR","LAO","Life expectancy at birth, male (years)","SP.DYN.LE00.MA.IN","39.555","39.929","41.34","39.755","40.105","40.358","40.496","41.072","41.375","41.67","42","42.34","42.658","43.019","45.047","45.351","45.086","45.492","45.944","46.575","47.929","48.606","49.316","49.881","50.371","50.899","51.443","51.802","52.163","52.521","52.915","53.569","53.939","54.364","54.535","54.995","55.469","55.913","56.088","56.417","56.776","57.233","57.532","57.65","57.882","58.411","58.697","59.295","59.925","60.734","61.419","62.254","62.925","63.569","64.268","64.61","64.898","65.252","65.492","65.784","65.861","65.657","66.536","66.779","67.02","",
"Lebanon","LBN","Life expectancy at birth, male (years)","SP.DYN.LE00.MA.IN","62.06","62.426","62.748","63.046","63.31","63.54","63.742","63.934","64.066","64.194","64.306","64.428","64.513","64.621","64.745","50.615","30.567","56.808","56.358","55.781","56.177","56.597","41.325","55.122","55.572","56.024","56.525","59.047","59.471","59.85","60.24","69.564","69.833","70.082","70.48","70.794","70.949","71.239","71.47","71.732","72.055","72.416","72.84","73.263","73.66","73.996","72.976","74.614","74.832","75.156","75.449","75.706","75.886","75.979","76.094","76.221","76.233","76.072","76.26","76.211","73.855","71.022","75.979","75.744","75.876","",
"Liberia","LBR","Life expectancy at birth, male (years)","SP.DYN.LE00.MA.IN","37.04","37.066","37.124","37.261","37.398","37.649","37.909","38.21","38.526","38.934","39.307","39.697","40.177","40.639","41.107","41.507","41.931","42.303","42.704","43.023","43.23","43.544","43.696","43.848","43.946","43.037","43.626","43.255","42.914","42.515","32.383","41.875","41.325","40.81","40.089","42.346","42.577","46.532","47.589","48.515","50.288","51.64","52.602","50.869","54.544","55.333","56.055","56.692","57.238","57.693","58.015","58.175","58.594","58.818","58.058","58.116","59.327","59.605","59.815","60.018","59.905","59.907","60.654","60.875","61.016","",
"Libya","LBY","Life expectancy at birth, male (years)","SP.DYN.LE00.MA.IN","38.742","40.548","42.479","44.239","46.48","48.178","49.913","51.457","52.836","54.061","55.133","56.136","57.076","57.972","58.82","59.63","60.369","60.97","61.566","62.016","62.447","62.845","63.386","63.981","64.582","65.189","65.781","66.244","66.608","66.975","67.313","67.654","68.044","68.376","68.638","68.873","69.046","69.066","69.037","68.98","68.91","68.981","69.064","69.247","69.427","69.62","69.792","69.919","70.007","70.108","70.176","66.829","69.83","70.01","68.17","68.584","68.653","69.977","70.499","70.075","69.527","69.513","72.001","68.265","69.625","",
"St. Lucia","LCA","Life expectancy at birth, male (years)","SP.DYN.LE00.MA.IN","55.837","56.896","57.677","58.38","59.187","59.825","60.468","61.142","61.841","62.015","62.196","62.325","62.365","62.57","63.22","63.332","63.319","63.802","64.706","64.924","65.78","66.472","66.942","67.895","67.942","67.442","67.334","67.004","67.253","67.514","67.705","67.963","67.928","68.361","68.493","68.57","68.807","69.211","69.175","68.81","68.496","68.714","68.746","69.186","69.445","69.523","69.779","69.927","70.119","69.948","70.057","70.422","70.389","69.965","69.731","70.015","69.472","69.188","69.323","68.744","68.763","65.77","69.269","69.311","69.452","",
"Latin America & Caribbean","LCN","Life expectancy at birth, male (years)","SP.DYN.LE00.MA.IN","53.0699330718496","53.5947421270573","54.0091590361868","54.3917715186524","54.7601667614642","55.1249571925503","55.6623853833898","56.0183956092626","56.3256955016664","56.6134999301927","56.73583222719","57.4975684576745","57.9180895404645","58.3086995181186","58.6932116388943","59.2061787903312","59.5577490878502","60.0816786051365","60.4441019464963","60.7175613987058","60.9982087807944","61.369347880013","61.657980201909","62.2459719895372","62.6162556284578","62.8229071793242","63.4350712369027","63.7410662558983","64.0706854260097","64.3551709624977","64.6588874553691","64.8876657131362","65.0895889523517","65.40502032024","65.8108920849019","66.2056890885181","66.6053081877585","66.9960071225981","67.1957716451444","67.5638926901813","67.8602509004706","68.1117227000101","68.5215387455361","68.8599230548083","69.1989988762355","69.5551377736407","69.828929690188","70.0445227307841","70.2089778901847","70.3993425428633","70.3998793238527","70.8552423617272","71.1387893448406","71.3987440441286","71.5826742271264","71.7784259784363","71.6658554870537","71.8568064281351","72.0778928469599","72.2678124296586","69.9860615325256","68.5967814652333","71.6830804052167","72.762660704805","72.94888961278","",
"Least developed countries: UN classification","LDC","Life expectancy at birth, male (years)","SP.DYN.LE00.MA.IN","40.1392959969842","40.5667904348859","41.053189815265","41.2364462214821","41.7994351618348","41.9395899697704","42.4294816592105","42.9848876740116","43.3407663428789","43.6842362415287","42.5456119441394","37.8566089276608","44.074151749047","44.602238524386","44.6522361976761","44.7415785902099","45.2807976127438","45.6899874388292","45.9204695818997","46.6097966118439","47.0489035461616","47.3204327944172","47.5253044979257","46.9557294570656","46.942401573955","47.3002685622456","47.976170045509","48.8769205447676","49.1683063900502","49.623193717024","49.73178173725","49.5479857799714","50.2036382524093","50.8020056346725","51.0306904580631","51.7034926938113","51.9565832140314","52.4169105706981","52.4521439526452","53.0847677267448","54.087574068716","54.6277795683477","55.1214074567679","55.7328937998989","56.2202240223114","56.7854210396382","57.4641765085858","58.012411804884","58.237359071091","58.8620044053899","59.3053845261216","59.6980627782043","60.3504689712676","60.7723833530303","60.9226814667703","61.2117306719581","61.5904924992534","61.8232223642556","62.3334640514331","62.6905718763591","62.4015630218707","61.9065339881992","63.4537132737267","64.2006504539278","64.3785081657323","",
"Low income","LIC","Life expectancy at birth, male (years)","SP.DYN.LE00.MA.IN","39.5084123359408","39.8515985336858","40.2244025274325","40.4236516831847","40.8605864862546","41.0858048435862","41.2038380986531","41.9012398986831","42.2921044839421","42.6296229317172","42.9761183229873","43.21226723964","43.0096029324089","43.5784557579646","43.790608650307","44.108382267044","44.7147115581245","45.070327088955","45.1221596649209","45.496147161321","45.7937646973882","45.8980617281154","45.7841051099927","44.8865128251933","44.6347258206248","45.1651417588606","46.0636329093168","47.5085536192537","47.7885089367893","48.3487116055615","48.3389298161954","48.4907861051554","48.7556310833609","49.5754690355574","49.6004213335649","49.7399605733295","49.8438240376189","50.310695717849","50.052037489169","50.7908055670149","52.0696558632015","52.6023322665616","53.0488600052527","54.0380148248516","54.4871396291628","55.0185357427392","55.8239296620962","56.4584629670407","57.0200714167804","57.3233065605301","58.0936947872837","58.1734514064757","58.645199398543","59.0447619857646","59.0771699785954","59.2120541991113","59.6149420499206","59.7621126516201","60.412250451092","60.8933902091895","60.8308744677846","60.4196698559788","61.6867527901065","62.6172515278757","62.8065358819457","",
"Liechtenstein","LIE","Life expectancy at birth, male (years)","SP.DYN.LE00.MA.IN","67.517","67.713","67.713","67.795","67.915","67.942","68.103","68.208","68.318","68.424","68.671","68.959","69.394","69.847","70.425","70.932","71.453","71.871","71.933","71.956","71.962","71.84","71.722","72.155","72.478","72.871","73.387","73.945","74.254","74.635","74.993","75.283","75.33","75.119","75.3","75","72.3","71.9","73.6","75.5","73.9","76.3","77.1","78.4","78.6","77.4","78.9","79.1","80","79.5","79.5","79.5","79.7","80.7","81","80.9","80.6","81.6","80.7","82.6","80","82.5","83","82.4","82.2","",
"Sri Lanka","LKA","Life expectancy at birth, male (years)","SP.DYN.LE00.MA.IN","59.065","59.611","60.048","60.392","60.688","61.036","61.355","61.703","62.007","62.276","62.49","62.184","62.726","62.849","62.979","63.318","63.772","64.256","64.68","65.249","65.67","65.929","66.083","65.946","65.694","65.638","65.559","65.438","65.2","62.808","65.198","64.844","65.502","66.079","66.207","65.316","65.481","65.477","65.633","65.926","66.774","67.71","68.314","68.659","65.22","69.391","68.823","68.954","67.879","65.696","70.862","71.224","71.778","72.164","72.325","72.572","72.738","72.847","73.107","73.424","73.691","72.97","74.033","74.244","74.447","",
"Lower middle income","LMC","Life expectancy at birth, male (years)","SP.DYN.LE00.MA.IN","44.7961480707305","45.1666049155535","45.66322715206","46.0207854938411","46.4261534152526","45.8497196339025","46.3337947096181","46.6105245431419","47.8920203789056","48.2521400281815","48.2148898260562","46.6091561184573","49.3028705295521","49.6847148807249","50.1607374638272","50.5099671500091","51.0057378572174","51.535290102665","52.0039556459014","52.5593062499319","53.0962896781526","53.5477324270993","53.9387430814433","54.361087272768","54.7397798990222","55.0919906845809","55.4655183895522","55.791586463158","56.1111468291045","56.4474309079887","56.7375867633961","56.8970859363208","57.2800717213745","57.5429787696577","57.8611239838198","58.1950748302696","58.4983081210198","58.8159651573856","59.1530098560339","59.5399768012432","59.9327595144834","60.268835110106","60.6995527078606","61.0881875726124","61.4453611488055","61.7358858161401","62.1387085605282","62.483852596464","62.7315764143757","63.1925667233019","63.5015885597057","63.9209261589563","64.2916513037568","64.637684626448","64.9855986958604","65.3183029043118","65.6620306657093","65.9830370439926","66.307733301824","66.6006436816105","65.8128719572832","64.3568867229126","67.3472796565353","67.6354071446058","67.8140311589465","",
"Low & middle income","LMY","Life expectancy at birth, male (years)","SP.DYN.LE00.MA.IN","42.3250807210682","44.7363959852521","48.2425268404398","48.7252397318375","49.2142471802019","48.8918267075434","49.6808372619781","50.2435575478265","50.986098020637","51.5137326375318","51.8529541778102","51.7275915295653","52.9919764922615","53.5736848148668","54.0143670353557","54.5794264602765","55.0201969260121","55.6804648972682","56.1125867478056","56.6145548039135","57.0180711465754","57.3692049292288","57.7415278331702","58.1019793310708","58.4774406510257","58.8375441352641","59.239639135675","59.6314764958528","59.9036088749442","60.2699546059819","60.4895311595828","60.7459650233876","61.0672188423213","61.3635814168107","61.6141781634872","61.9184309967482","62.2176833474321","62.5393721848394","62.7966577684962","63.1235210789369","63.5212695524186","63.8340071462058","64.1607223976124","64.4925270747016","64.7183171477836","65.0813897490091","65.4119866284049","65.7520197413635","65.9607847540103","66.327466675435","66.6795213874676","66.9361267213451","67.2597227224312","67.5429389365706","67.780591655019","68.026954888439","68.2427569736284","68.4112509036263","68.7723531200619","69.0243100364515","68.2755484166534","67.3447051542095","69.3132481701428","69.6032488058413","69.7354687828984","",
"Lesotho","LSO","Life expectancy at birth, male (years)","SP.DYN.LE00.MA.IN","46.529","46.632","46.664","46.655","46.634","46.633","46.477","46.623","46.918","47.313","47.748","48.086","48.57","48.906","49.357","49.85","50.224","50.73","51.279","51.885","52.536","53.358","54.071","54.535","54.996","55.179","55.228","55.413","55.428","55.432","55.289","55.094","54.717","54.207","53.52","52.832","51.798","50.646","49.121","47.823","46.461","44.879","43.839","42.871","41.862","41.438","41.525","41.389","42.115","42.846","43.855","44.529","45.827","47.152","48.317","49.285","50.428","51.392","52.121","52.716","52.502","51.58","54.079","54.62","55.032","",
"Late-demographic dividend","LTE","Life expectancy at birth, male (years)","SP.DYN.LE00.MA.IN","41.6262336056603","45.9078167946788","52.3132306041326","52.8808037741279","53.4574502886735","53.8580644501427","54.3699256866179","54.8365822228662","55.245511022896","55.8004709200125","56.4303187296639","57.1326179307171","57.6285503074675","58.3629525549561","58.8110743235091","59.489593315331","59.8217830741558","60.6172616382435","61.0955768900505","61.5330122678928","61.935973823034","62.4074372308153","62.8421576947866","63.2586993023587","63.5845198960589","63.942248640001","64.4553006102342","64.7509950862543","64.9989977678067","65.23901501975","65.4377081796684","65.731483209934","65.9677714121336","66.0392197140848","66.1868176040675","66.4912645827318","66.9848230195781","67.4239248552319","67.8029376322183","68.0394579817163","68.3039847484749","68.6464236514264","68.9476724350097","69.3587081013201","69.6574981128949","70.014684746226","70.3990998752013","70.8322558319216","70.9821387582163","71.3993410906294","71.7978419314732","72.0405661815911","72.3413405866945","72.6373211109835","72.8713167680751","73.1317921766477","73.328814941814","73.3730251566687","73.8053988621919","74.058933836077","73.6572677386547","73.4076985411321","73.9607512375075","74.1206526109194","74.2293338036373","",
"Lithuania","LTU","Life expectancy at birth, male (years)","SP.DYN.LE00.MA.IN","66.94","66.81","65.91","66.78","68.27","68.13","68.13","67.96","67.66","67.07","66.78","67.55","66.81","67.22","67.01","66.36","66.28","66.19","65.99","65.57","65.57","65.49","65.91","65.89","65.32","65.75","67.91","67.72","67.45","66.84","66.39","65.13","64.81","63.13","62.54","63.26","64.63","65.47","66","66.4","66.8","66","66.2","66.5","66.4","65.4","65.3","64.9","66.3","67.5","68","68.1","68.4","68.5","69.2","69.2","69.5","70.7","70.9","71.6","70.2","69.5","71.4","72.9","73","",
"Luxembourg","LUX","Life expectancy at birth, male (years)","SP.DYN.LE00.MA.IN","66.023","66.77","65.661","65.931","65.433","66.081","66.255","66.526","67.305","66.564","66.372","66.154","67.638","66.752","66.945","67.027","66.977","67.91","68.24","68.823","69.825","68.865","68.799","69.759","69.569","70.198","70.673","70.556","70.908","71.209","72.255","72","72.6","72.2","73.2","73","73.3","74.1","73.7","74.6","74.8","74.8","74.6","74.8","76","76.7","76.8","76.7","78.1","78.1","77.9","78.5","79.1","79.8","79.4","80","80.1","79.9","80.1","80.2","79.9","80.5","80.8","81.7","81","",
"Latvia","LVA","Life expectancy at birth, male (years)","SP.DYN.LE00.MA.IN","66.26","66.33","65.85","66.19","67.35","66.79","67","66.75","65.76","65.27","65.65","65.75","65.23","65.35","64.98","63.94","63.96","64.29","64.1","63.52","63.75","63.44","64.26","63.88","64.08","64.75","66.32","66.41","66.23","65.37","64.2","63.73","62.64","60.43","59.04","60.04","63.04","63.92","63.5","64.46","64.9","65.2","65.4","65.9","67.1","65.6","65.5","65.8","67.2","68.3","68.8","68.6","68.9","69.3","69.1","69.7","69.8","69.8","70.1","70.9","70.6","68.2","69.4","70.5","71.6","",
"Macao SAR, China","MAC","Life expectancy at birth, male (years)","SP.DYN.LE00.MA.IN","62.331","62.811","63.299","64.005","64.469","64.6","65.141","65.85","66.545","66.6","67.305","67.506","68.077","68.594","68.966","68.825","69.846","69.329","69.991","70.382","70.818","71.191","71.987","71.967","71.923","72.408","72.695","72.669","73.106","74.024","74.466","74.285","74.806","75.272","74.846","75.1","75.3","75.5","76.1","76.8","77.5","78.1","78.8","78.8","78.7","79","78.9","78.9","79.1","79.2","79.2","79.3","79.3","79.6","79.9","80.2","80.3","80.6","80.8","81.1","81.3","80.9","80.3","80.4","80.6","",
"St. Martin (French part)","MAF","Life expectancy at birth, male (years)","SP.DYN.LE00.MA.IN","63.903","64.127","64.376","64.61","64.786","64.915","65.153","65.421","65.723","66.104","66.513","66.817","67.056","67.247","67.38","67.473","67.582","67.695","67.817","67.927","68.033","68.123","68.224","68.313","68.471","68.685","68.987","69.377","69.822","70.3","70.801","71.263","71.587","71.853","72.087","72.284","72.449","72.676","72.905","73.129","73.35","73.568","73.783","73.994","74.203","74.407","74.605","74.763","74.92","75.122","75.374","75.621","75.932","76.136","76.278","76.316","76.313","75.486","76.395","76.462","76.561","76.702","76.783","76.766","76.987","",
"Morocco","MAR","Life expectancy at birth, male (years)","SP.DYN.LE00.MA.IN","40.965","42.721","43.328","43.865","44.436","44.999","45.568","46.154","46.695","47.204","47.697","48.156","48.725","49.247","49.797","50.408","51.101","51.821","52.554","53.332","54.098","54.833","55.634","56.411","57.128","57.845","58.554","59.196","59.774","60.333","60.907","61.426","61.895","62.326","62.787","63.162","63.667","64.056","64.427","64.767","65.13","65.551","65.953","66.349","66.695","67.112","67.469","67.954","68.413","68.844","69.238","69.605","69.94","70.381","70.796","71.172","71.501","71.787","72.036","72.253","70.852","71.299","73.063","73.173","73.347","",
"Monaco","MCO","Life expectancy at birth, male (years)","SP.DYN.LE00.MA.IN","68.621","68.897","69.174","69.357","69.621","69.745","69.745","69.643","69.677","69.819","69.986","70.055","70.091","70.104","70.087","70.031","70.2","70.676","71.34","71.682","71.762","71.705","71.957","72.335","73.047","74.132","75.28","76.117","76.01","75.765","75.621","75.878","76.135","76.4","76.689","76.953","77.219","77.492","77.827","78.142","78.468","78.755","79.197","79.73","80.412","80.841","80.852","80.661","80.728","81.465","82.241","82.787","82.649","82.489","82.468","82.821","83.309","83.69","84.044","84.209","84.133","83.19","83.828","84.448","84.56","",
"Moldova","MDA","Life expectancy at birth, male (years)","SP.DYN.LE00.MA.IN","55.921","56.343","56.743","57.124","57.498","57.842","58.142","58.385","58.584","58.785","59.008","59.262","59.524","59.772","60.05","60.331","60.613","60.885","61.14","61.424","61.721","62.035","62.263","62.513","62.838","63.338","63.887","64.407","64.632","64.513","64.175","63.705","62.595","62.712","62.359","62.229","62.262","62.5","62.878","63.233","63.481","63.677","63.783","63.862","63.936","64.067","64.246","64.449","64.74","65.108","65.545","65.818","65.966","65.882","65.8","65.595","65.588","65.72","65.645","65.575","65.46","64.738","66.667","66.568","66.699","",
"Madagascar","MDG","Life expectancy at birth, male (years)","SP.DYN.LE00.MA.IN","42.142","42.594","43.014","43.431","43.859","44.278","44.712","45.231","45.626","46.083","46.661","46.982","47.429","47.819","48.143","48.438","48.626","48.742","48.803","48.778","48.718","48.43","48.557","48.771","48.892","49.051","49.225","49.533","49.742","50.177","50.547","50.995","51.413","52.205","52.733","53.308","53.972","54.71","55.449","56.147","56.819","57.528","58.022","58.476","58.911","59.366","59.806","60.177","60.536","60.839","61.089","61.317","61.435","61.58","61.66","61.785","61.859","61.86","61.923","61.911","60.916","60.833","61.387","61.938","62.121","",
"Maldives","MDV","Life expectancy at birth, male (years)","SP.DYN.LE00.MA.IN","37.523","37.961","38.449","39.007","39.621","40.3","41.01","41.769","42.551","43.38","44.264","45.213","46.163","47.149","48.173","49.244","50.31","51.354","49.965","53.345","54.282","55.174","56.034","56.869","57.685","58.487","59.271","60.041","60.825","61.602","62.361","63.084","63.789","64.525","65.245","65.984","66.73","67.522","68.322","69.188","69.944","70.632","71.301","72.135","72.047","73.65","74.066","74.491","74.755","75.151","75.531","75.929","76.317","76.636","77.02","77.485","77.82","78.082","78.185","78.392","77.514","76.825","79.421","79.691","79.948","",
"Middle East, North Africa, Afghanistan & Pakistan","MEA","Life expectancy at birth, male (years)","SP.DYN.LE00.MA.IN","43.0888195576701","44.1958541144573","44.6982013384411","45.4804936864527","46.1776897260014","46.7696074215957","47.8212624102404","48.388983474523","48.9774094902803","49.591198350719","50.1857410242885","49.0265487670192","51.3051774722679","51.6637725653746","52.2237958812697","52.6776376814833","53.2048868300005","54.0938313504722","54.4598907943721","55.2098334355413","55.4303074415836","55.3858832416702","55.7082575994962","56.8114852598344","57.6040117171089","58.1771908982826","58.7638438925302","59.3519945900646","59.7442906283637","60.6852080940138","60.8141249717817","61.5899155036332","62.1078280731653","62.5236407484599","62.61386294258","62.9185005395839","63.2339823164352","63.4714761408669","63.8345555736691","64.3064194557255","64.6508435544894","65.0106689587715","65.3776711948788","65.4509858840699","65.8256756601317","65.8063108522669","66.2069310814558","66.4535034771267","66.8475897968305","67.1853893377548","67.3795764072506","67.5381364074452","67.5406423393028","67.799701274858","68.0787848707732","68.1955137778146","68.4357633869211","68.6957883414479","68.9220809760902","69.2530567306347","67.7859121455281","67.7386432147544","69.7470308964292","70.1924051607743","70.4231885982984","",
"Mexico","MEX","Life expectancy at birth, male (years)","SP.DYN.LE00.MA.IN","51.937","53.003","53.629","54.013","54.204","54.81","55.448","55.796","56.135","56.355","57.012","57.501","58.101","58.327","58.827","59.353","59.868","60.236","60.531","60.811","61.11","61.487","62.052","62.623","63.166","63.767","64.415","64.942","65.36","65.688","66.122","66.437","66.749","67.072","67.492","67.967","68.449","68.87","69.231","69.695","70.139","70.562","70.805","71.042","71.174","71.35","71.442","71.425","71.249","71.099","71.121","71.292","71.5","71.721","71.877","71.883","71.738","71.5","71.422","71.587","66.89","66.232","70.918","72.243","72.443","",
"Marshall Islands","MHL","Life expectancy at birth, male (years)","SP.DYN.LE00.MA.IN","51.21","51.492","51.975","52.504","53.025","53.561","54.056","54.528","54.989","55.388","55.765","56.091","56.387","56.631","56.836","57.011","57.16","57.31","57.431","57.565","57.686","57.816","57.958","58.115","58.289","58.439","58.564","58.683","58.748","58.807","58.976","59.147","59.399","59.708","60.05","60.321","60.587","60.816","60.963","61.116","61.025","61.432","61.596","61.779","61.945","62.089","62.273","62.397","62.444","62.555","62.66","62.796","62.919","63.107","63.266","63.419","63.589","63.773","63.955","64.101","63.278","63.459","64.737","64.933","65.026","",
"Middle income","MIC","Life expectancy at birth, male (years)","SP.DYN.LE00.MA.IN","42.5108124294264","45.0618530878978","48.7791341413434","49.2804699606294","49.7731730733753","49.4146846185732","50.2488227784037","50.803378112375","51.5706784661797","52.1120422750886","52.4516689951872","52.3029761163917","53.6678651308485","54.2522876332357","54.7111451787954","55.2960659822307","55.7289863716973","56.4136029593308","56.877240743631","57.3937891510417","57.8058934768108","58.1731156241715","58.5815611366153","59.0357775054134","59.4616052623993","59.8154245341512","60.1870353704744","60.5081522552236","60.7851534104215","61.1436396335567","61.3854089046717","61.656121736267","61.9926207857423","62.2630389684912","62.5427715794506","62.8712994161114","63.1988193323315","63.5212036911025","63.8328865413449","64.139603604501","64.476354911603","64.7827539743484","65.1142944446996","65.40463034006","65.6248171855279","65.9873194563509","66.2901659433545","66.6179296310187","66.8075461663919","67.1940970655033","67.5191679047239","67.806700081076","68.1281132215827","68.4107362204966","68.680506208347","68.9506305019723","69.1604528056889","69.3461403252969","69.691856347914","69.9353765279851","69.1257231374433","68.1507611085601","70.2181465976937","70.4487860800187","70.5906719926574","",
"North Macedonia","MKD","Life expectancy at birth, male (years)","SP.DYN.LE00.MA.IN","60.611","61.442","59.034","60.682","60.98","61.658","62.797","62.783","63.825","62.993","64.075","64.115","64.512","65.157","65.474","65.858","66.199","66.642","67.61","67.317","67.347","67.472","68.187","67.859","67.993","67.959","68.338","68.416","68.358","69.116","69.176","69.499","68.927","69.179","69.4","69.8","70.3","70.3","70.2","70.4","70.8","70.9","70.6","70.9","71.5","71.6","71.7","71.8","72.4","72.3","72.9","73.1","73","73.4","73.5","73.5","73.4","74.1","74.6","74.7","72.2","71.1","72.22","73.16","74.48","",
"Mali","MLI","Life expectancy at birth, male (years)","SP.DYN.LE00.MA.IN","29.395","29.584","29.724","29.933","30.166","30.436","30.714","31.135","31.459","31.761","32.282","32.705","33.381","33.94","34.627","35.517","36.396","37.293","38.174","38.954","39.681","40.357","41.155","41.962","42.574","43.068","43.859","44.488","45.111","45.834","46.299","46.729","47.047","47.434","47.561","47.891","48.067","48.583","49.006","49.459","50.317","50.911","51.503","52.047","52.546","53.036","53.518","53.934","54.306","54.721","55.099","55.439","55.693","55.98","56.456","56.808","57.285","57.477","57.713","58.045","57.464","57.871","58.603","59.036","59.254","",
"Malta","MLT","Life expectancy at birth, male (years)","SP.DYN.LE00.MA.IN","66.588","66.427","67.326","67.439","67.386","67.568","67.862","67.791","67.79","67.92","68.143","67.598","68.269","69.177","69.972","69.882","70.176","70.25","70.146","70.32","70.294","70.158","70.929","71.027","71.198","71.407","72.174","73.166","73.747","74.003","73.943","74.103","74.37","74.464","74.592","74.9","75","75.3","75.1","75.5","76.3","76.6","76.3","76.4","77.4","77.3","77","77.5","77.1","77.9","79.3","78.6","78.6","79.6","79.7","79.7","80.5","80","80.2","81","80","80.6","80.2","81.6","81.2","",
"Myanmar","MMR","Life expectancy at birth, male (years)","SP.DYN.LE00.MA.IN","42.408","42.939","43.536","44.268","44.903","45.703","46.435","47.05","47.547","48.15","48.518","49.114","49.467","49.837","50.112","50.47","50.886","51.219","51.407","51.952","52.291","52.602","52.875","53.11","53.395","53.559","53.806","54.053","54.236","54.566","54.798","54.987","55.17","55.526","55.733","56.008","56.384","56.644","56.997","57.21","57.415","57.688","57.961","58.262","58.537","58.839","59.148","59.528","55.119","60.278","60.655","60.984","61.4","61.783","62.111","62.376","62.751","63.038","63.376","63.574","63.678","62.484","63.281","63.79","63.986","",
"Middle East, North Africa, Afghanistan & Pakistan (excluding high income)","MNA","Life expectancy at birth, male (years)","SP.DYN.LE00.MA.IN","43.0249115131515","43.7812747140334","44.2706767821715","45.4125002267412","46.1046011620333","46.6868397402453","47.4093013583562","47.9833142778043","48.5775401935431","49.1878419351089","49.7690228280657","48.5127726237892","50.8627236646985","51.1976502699844","51.7489749385272","52.1890432829656","52.6875366587953","53.5818980764984","53.9237087060697","54.6711591368388","54.8560757945693","54.7632292535858","55.0704864261684","56.2001478695217","57.0040991581824","57.5739869171636","58.1664987237477","58.751372356165","59.1309224563456","60.0929329913801","60.2404792763021","61.0429096436133","61.5496766350498","61.9623339369421","62.035094677433","62.3390273783783","62.6408339735134","62.8686111910636","63.2222626231565","63.6786254577339","64.0029949173091","64.3330379284753","64.6840717916219","64.7168786213634","65.0744951319926","65.0087025438845","65.3894293986873","65.5996069158066","65.97131158778","66.2941144984857","66.4952298694209","66.6290160150428","66.5774460306587","66.7887680435049","67.0285686323886","67.0724958813243","67.2580574691192","67.5240580974076","67.7969040081776","68.1931434800392","66.7022766921123","66.7699788702577","68.891555093909","69.1856521558645","69.3915985801873","",
"Montenegro","MNE","Life expectancy at birth, male (years)","SP.DYN.LE00.MA.IN","63.94","64.476","64.713","65.215","65.851","66.531","66.965","67.698","68.07","68.178","68.319","68.659","68.975","69.252","69.344","69.626","69.694","69.28","69.379","69.019","69.656","69.451","69.561","69.398","69.26","69.443","69.707","70.237","70.458","70.68","70.41","70.616","70.448","70.509","70.559","70.662","70.454","70.282","70.139","69.999","70.349","70.588","70.954","71.125","71.31","71.3","71.4","71.9","72.6","72.9","73.6","73.4","74.3","74.1","73.9","74.7","74.2","74.1","75.3","74","73.2","70.8","73.7","75.1","75.5","",
"Mongolia","MNG","Life expectancy at birth, male (years)","SP.DYN.LE00.MA.IN","42.273","43.26","44.244","45.216","46.125","46.969","47.654","48.43","49.087","49.719","50.294","50.849","51.406","51.913","52.333","52.62","52.845","53.007","53.133","53.249","53.38","53.535","53.715","53.922","54.145","54.387","54.65","54.947","55.274","55.763","56.329","57.214","57.739","58.033","57.939","57.953","58.114","58.735","59.546","60.231","60.43","60.66","60.75","60.79","61.64","62.11","62.59","63.13","63.69","64.33","64.93","64.68","64.91","65.42","65.91","66.02","65.58","65.88","66.11","66.38","66.71","67.05","67.33","67.62","67.92","",
"Northern Mariana Islands","MNP","Life expectancy at birth, male (years)","SP.DYN.LE00.MA.IN","58.656","58.962","59.269","59.581","59.849","60.173","60.512","60.848","61.198","61.605","61.97","62.337","62.675","63.133","63.544","63.908","64.336","64.692","65.016","65.337","65.672","66.031","66.456","66.865","67.261","67.615","67.903","68.121","68.295","68.389","68.46","68.515","68.59","68.617","68.626","68.698","68.964","69.478","70.285","71.354","72.485","73.512","74.264","74.954","75.306","75.749","76.104","76.26","76.315","76.27","76.177","76.047","75.915","75.79","75.704","75.691","75.722","75.79","75.867","76.173","76.341","76.487","76.852","77.13","77.278","",
"Mozambique","MOZ","Life expectancy at birth, male (years)","SP.DYN.LE00.MA.IN","39.805","40.135","40.395","40.584","40.096","40.221","40.212","40.345","40.544","40.737","41.025","41.242","41.014","41.267","42.086","42.983","43.105","43.071","43.087","43.035","43.099","40.647","40.589","40.471","35.349","35.439","37.217","37.248","42.089","42.276","42.872","43.231","43.642","44.29","44.738","45.239","45.805","46.379","46.918","47.58","48.213","48.897","49.423","49.955","50.46","50.956","51.413","51.893","52.384","52.903","53.437","54.008","54.599","55.183","55.824","56.435","57.05","57.62","58.131","58.518","58.238","57.076","59.776","60.301","60.486","",
"Mauritania","MRT","Life expectancy at birth, male (years)","SP.DYN.LE00.MA.IN","42.727","43.356","44.075","44.719","45.433","46.151","46.872","47.563","47.967","48.488","48.965","49.187","49.467","49.665","49.792","49.782","49.94","50.146","50.547","50.951","51.452","51.951","52.511","52.819","53.481","54.136","54.698","55.34","55.895","56.122","56.585","56.821","57.075","57.277","57.29","57.393","57.433","57.842","58.125","58.675","59.248","59.794","60.322","60.778","61.362","61.796","62.334","62.676","62.98","63.243","63.486","63.592","63.737","63.85","64.224","64.559","64.969","65.299","65.644","65.817","64.804","64.876","66.326","66.499","66.703","",
"Mauritius","MUS","Life expectancy at birth, male (years)","SP.DYN.LE00.MA.IN","56.778","57.854","58.859","59.489","59.726","59.985","59.907","59.632","60.133","60.699","61.42","61.578","61.389","61.882","61.099","61.181","60.542","61.36","61.535","62.264","62.867","63.772","64.621","65.022","65.197","65.296","65.49","65.736","65.885","65.864","65.6","66.2","66.4","66.4","66.5","66.56","66.44","66.6","66.9","67.4","68.2","68.4","68.6","68.8","68.9","69.12","69.12","69.2","69.2","69.38","69.46","69.74","70.4","70.7","70.97","71.08","71.19","71.3","71.27","71.07","70.86","70.29","70.1","70.1","70.35","",
"Malawi","MWI","Life expectancy at birth, male (years)","SP.DYN.LE00.MA.IN","33.381","33.665","33.895","34.121","34.128","34.179","34.264","34.338","34.538","34.768","35.111","35.701","36.178","36.889","37.723","38.49","39.308","40.138","41.027","41.713","42.288","42.688","42.875","43.03","42.874","42.672","42.461","42.151","41.954","41.952","42.092","42.102","42.286","42.373","42.553","42.608","42.728","42.815","42.813","43.518","44.591","45.672","46.598","47.887","49.356","50.646","51.833","52.979","53.938","54.803","55.634","56.507","57.346","58.066","58.795","59.398","60.124","60.768","61.043","61.584","61.676","61.344","62.671","64.073","64.271","",
"Malaysia","MYS","Life expectancy at birth, male (years)","SP.DYN.LE00.MA.IN","56.315","57.128","57.943","58.71","59.406","60.045","60.547","60.886","61.216","61.565","61.956","62.39","62.818","63.277","63.713","64.171","64.547","64.837","65.093","65.513","65.938","66.301","66.712","67.042","67.386","67.641","67.864","68.043","68.261","68.487","68.69","68.954","69.191","69.374","69.452","69.519","69.615","69.734","69.793","69.841","70.194","70.584","71.003","71.252","71.567","71.927","72.292","72.56","72.766","72.886","73.004","73.123","73.206","73.122","72.974","72.9","72.972","73.171","73.379","73.539","73.688","71.523","73.055","74.272","74.448","",
"North America","NAC","Life expectancy at birth, male (years)","SP.DYN.LE00.MA.IN","66.7531637145418","67.2193054658396","67.0439506209349","66.7687741871992","66.9712726225674","66.9843880458297","66.8970281497848","67.1829950908019","66.2968475022014","67.027268595144","67.3143716236134","67.615981697304","67.6054289011018","67.803949549717","68.3522336588606","68.9179219983028","69.2191277279939","69.6131464725567","69.7308958572474","70.1306358501389","70.1577943708103","70.5599116925324","70.951985448869","71.1667645879139","71.2894863910313","71.2902481351062","71.4000561525879","71.611575338905","71.620110497472","71.9225405991944","72.0512360287357","72.2537609995156","72.5459375804756","72.449165879499","72.6525862396813","72.7549999535327","73.3307055776281","73.8083536162352","74.0134739237743","74.1254202990457","74.3483873558642","74.5563952010173","74.6704498728599","74.7762831483222","75.2623900993128","75.2760550837043","75.5024784732529","75.7730151640771","75.8850285788867","76.2856011112631","76.4960640700859","76.6043037950065","76.7167445827158","76.7303032325221","76.8227861376854","76.6521668475234","76.4808371573329","76.4605114565036","76.5562164376385","76.6845123838237","74.7225960712764","74.0737853334888","75.2231831323252","76.1874817225526","76.8784183552423","",
"Namibia","NAM","Life expectancy at birth, male (years)","SP.DYN.LE00.MA.IN","46.512","47.19","47.944","48.639","49.386","50.05","50.076","50.743","51.342","51.919","52.47","53.017","53.538","54.057","54.486","54.936","55.354","55.76","56.15","56.442","51.029","51.271","51.649","52.054","52.665","53.12","53.428","53.922","53.937","56.848","58.219","57.758","57.183","56.317","55.835","55.116","54.452","53.904","52.943","52.061","51.234","50.204","50.196","50.188","50.325","50.694","51.031","51.619","52.117","52.764","53.434","53.794","54.685","55.397","56.274","56.845","57.483","58.19","58.953","59.777","60.162","57.318","60.356","63.327","63.454","",
"New Caledonia","NCL","Life expectancy at birth, male (years)","SP.DYN.LE00.MA.IN","48.773","49.507","50.236","50.971","51.725","52.51","53.331","54.178","55.031","55.874","56.691","57.469","58.161","58.878","59.502","60.074","60.595","61.071","61.515","61.943","62.367","62.753","63.251","63.709","64.161","64.595","65.001","65.368","65.698","66.001","66.291","66.585","66.9","67.249","67.63","68.042","68.487","68.97","69.494","70.032","70.547","71.006","71.384","71.639","71.842","71.973","72.091","72.233","72.438","72.721","73.05","73.393","73.719","74.001","74.224","74.424","74.639","74.837","74.842","74.154","74.657","74.112","75.1","76.279","76.457","",
"Niger","NER","Life expectancy at birth, male (years)","SP.DYN.LE00.MA.IN","35.715","35.757","35.797","35.905","35.919","35.837","35.784","35.698","35.585","35.444","35.306","34.688","35.139","35.176","35.342","35.679","36.292","36.945","37.558","38.234","38.782","39.305","39.607","39.848","39.91","40.067","40.226","40.419","40.686","41.013","41.517","41.942","42.675","43.413","44.083","45.056","45.875","46.659","47.379","48.082","48.801","49.512","50.293","51.159","52.012","52.887","53.752","54.542","55.288","55.941","56.513","56.974","57.339","57.669","57.931","57.971","58.354","58.645","58.881","59.129","58.797","58.591","59.47","60.26","60.487","",
"Nigeria","NGA","Life expectancy at birth, male (years)","SP.DYN.LE00.MA.IN","35.161","35.358","35.578","35.772","35.927","36.166","36.355","35.133","36.401","36.77","38.382","38.967","39.532","40.01","40.594","41.027","42.727","43.393","43.838","44.182","44.338","44.647","44.738","44.793","44.703","44.583","44.464","44.456","44.405","44.424","44.375","44.054","44.178","44.249","44.217","44.396","44.446","44.708","45.123","45.687","46.255","46.869","47.501","48.173","48.782","48.994","49.326","49.835","50.293","50.585","50.853","51.108","51.345","51.466","51.565","51.626","51.939","52.145","52.415","52.769","52.707","53.163","53.778","54.176","54.327","",
"Nicaragua","NIC","Life expectancy at birth, male (years)","SP.DYN.LE00.MA.IN","44.998","45.88","46.541","47.273","48.036","48.674","49.207","49.594","50.098","50.555","50.981","51.351","46.181","52.034","52.339","52.604","52.815","52.386","48.387","43.842","54.065","54.219","54.617","51.253","49.88","50.095","51.711","51.098","54.996","58.157","58.855","59.995","60.431","60.886","61.371","61.73","62.106","62.423","61.463","62.816","63.294","63.963","64.871","65.685","66.46","67.315","67.92","68.175","68.413","68.452","68.777","68.975","69.421","69.528","69.934","70.067","70.417","70.693","71.039","71.016","67.603","67.565","71.824","72.305","72.463","",
"Netherlands","NLD","Life expectancy at birth, male (years)","SP.DYN.LE00.MA.IN","71.5","71.56","71.08","71.02","71.27","71.12","71.03","71.17","70.92","70.92","70.81","70.99","70.81","71.3","71.61","71.45","71.53","72.08","71.95","72.45","72.47","72.71","72.73","72.93","72.96","73.07","73.09","73.51","73.7","73.7","73.8","74","74.3","73.98","74.58","74.59","74.66","75.17","75.2","75.3","75.5","75.8","76","76.2","76.9","77.2","77.6","78","78.3","78.5","78.8","79.4","79.3","79.5","80","79.9","80","80.2","80.3","80.6","79.7","79.7","80.2","80.4","80.6","",
"Norway","NOR","Life expectancy at birth, male (years)","SP.DYN.LE00.MA.IN","71.34","71.17","70.97","70.78","71.23","71.05","71.41","71.33","71.22","70.8","71.01","71.15","71.33","71.33","71.7","71.72","72.02","72.26","72.36","72.17","72.34","72.63","72.65","72.74","73","72.59","72.89","72.75","73.04","73.32","73.43","74.01","74.16","74.22","74.88","74.8","75.37","75.45","75.5","75.6","76","76.2","76.5","77","77.5","77.7","78.1","78.2","78.3","78.6","78.9","79.1","79.5","79.8","80.1","80.5","80.7","81","81.1","81.3","81.6","81.7","80.9","81.5","81.6","",
"Nepal","NPL","Life expectancy at birth, male (years)","SP.DYN.LE00.MA.IN","38.381","38.773","39.23","39.503","40.202","40.732","41.362","41.822","42.233","42.71","43.159","43.623","44.028","44.449","44.922","45.401","45.956","46.509","47.063","47.644","48.234","48.596","49.154","49.678","50.232","50.838","51.397","52.076","52.721","53.527","54.177","54.828","55.634","56.36","57.399","58.006","58.571","59.326","60.067","60.65","61.168","61.663","61.477","62.294","62.713","63.301","63.962","64.284","64.624","64.873","65.207","65.687","65.94","66.217","66.459","66.146","67.105","67.372","67.627","67.87","67.453","66.863","68.586","68.835","69.09","",
"Naoero","NRU","Life expectancy at birth, male (years)","SP.DYN.LE00.MA.IN","56.314","56.426","56.493","56.578","56.634","56.678","56.721","56.737","56.736","56.735","56.72","56.681","56.641","56.593","56.538","56.468","56.395","56.293","56.214","56.086","55.987","55.861","55.777","55.693","55.663","55.687","55.774","55.886","56.069","56.309","56.58","56.895","57.195","57.481","57.69","57.818","57.835","57.736","57.59","57.407","57.27","57.181","57.139","57.086","57.062","57.049","57.037","57.051","57.194","57.318","57.486","57.652","57.847","58.009","58.157","58.219","58.362","58.537","58.766","59.035","59.277","59.471","59.982","60.281","60.414","",
"New Zealand","NZL","Life expectancy at birth, male (years)","SP.DYN.LE00.MA.IN","68.7","68.4","68.5","68.5","68.5","68.3","68.1","68.4","68.1","68.4","68.2","68.7","69","68.4","68.9","69","69.3","68.9","69.8","69.8","70","70.5","70.7","70.8","71.2","71","71","71.3","71.4","71.8","72.5","73.3","73.1","73.8","74.2","74.1","74.3","74.7","75.5","75.5","76.1","76.4","76.7","77","77.5","77.9","78","78.2","78.4","78.8","79.1","79.4","79.7","79.6","79.73","79.91","80","80.2","80","80.3","80.5","80.5","80.3","80.1","80.4","",
"OECD members","OED","Life expectancy at birth, male (years)","SP.DYN.LE00.MA.IN","64.4704683908158","64.8783187582063","64.851285453283","64.9810043310246","65.3260583168926","65.4200833053799","65.5927605484553","65.9782437564812","65.741326970857","65.8989169874428","66.2213678516513","66.4837420239946","66.7516957459147","66.8976280133644","67.2889940046268","67.5443218773984","67.8404211524428","68.2076191724272","68.3651074458337","68.6963188837421","68.7929112551228","69.1641300951689","69.5313416355699","69.6827844136165","69.9653595929338","70.0284141791473","70.3966134630404","70.6772388586947","70.8257902927095","71.0627391168206","71.1821788021059","71.3616127777797","71.624045379765","71.7771828586254","72.0675599067213","72.2048420979708","72.6652534896761","73.0429697964002","73.2826636792843","73.4482935017364","73.8303230055313","74.167027253491","74.3607123022813","74.5431945661708","74.9637670753751","75.1133564637086","75.4234271084278","75.664067875021","75.8415773759456","76.1168326397461","76.3221871288787","76.5553781219813","76.7580636571041","76.9899801096295","77.2604811366538","77.1700953201063","77.2798033634693","77.3401003312832","77.4292916016103","77.6416294550413","76.1690366306796","75.7794344228075","76.8884941898531","77.6058323476728","77.9033038354178","",
"Oman","OMN","Life expectancy at birth, male (years)","SP.DYN.LE00.MA.IN","33.339","34.319","35.352","36.424","37.524","38.646","39.786","40.946","42.126","43.324","44.25","45.454","45.858","47.073","48.314","49.582","52.008","53.133","54.587","55.879","57.157","58.375","59.624","60.788","61.89","62.923","63.878","64.755","65.554","66.288","66.963","67.588","68.172","68.719","69.234","69.719","70.177","70.614","71.028","71.418","71.777","72.103","72.384","72.612","72.873","73.114","73.397","73.675","74.212","74.773","75.394","76.023","76.619","77.14","77.555","77.87","78.101","78.261","78.367","78.434","76.524","74.735","76.74","78.49","78.719","",
"Other small states","OSS","Life expectancy at birth, male (years)","SP.DYN.LE00.MA.IN","54.5985192221275","55.0441919379629","55.5798337880527","55.3952854464286","55.9329903110936","56.7336549292573","56.9083862863179","57.1627793437147","57.3662167187026","57.5119381133132","57.8360045295206","58.0614008941902","58.2875938652136","58.7096113483202","56.3073522116553","57.2722051666414","57.529806336328","57.7329458589068","57.7140690770879","58.0760316944329","58.8277720647972","59.1164588716747","59.5445743883783","59.6452199834033","60.091427789896","60.3479431851131","60.7253949320023","61.1945729504723","61.3484369170763","62.3937459600839","62.1782636811346","62.1346379936595","62.0430946115258","62.1147811556181","61.9015877323922","61.9541430434102","62.3978908430856","62.3711784275811","62.2772987033256","62.3027869461329","63.8676593300379","63.9922028692692","64.1784829800591","64.4920491624244","64.7159810222221","65.0818529209102","65.3307444809221","65.6586963070981","66.1033363940568","66.6359280564864","67.1324282237143","67.4906696713238","67.9488048164959","68.4168723684174","68.6652661444068","69.0973628164882","69.3525205927289","69.6962173870333","70.0076384294369","70.2816477458446","69.9968187972948","69.3403489517014","70.5126806929489","71.1900627265425","71.4142132176848","",
"Pakistan","PAK","Life expectancy at birth, male (years)","SP.DYN.LE00.MA.IN","45.964","46.845","47.712","48.538","49.352","50","51.14","51.932","52.678","53.247","53.767","48.21","54.422","54.551","54.583","54.891","55.087","55.31","55.735","56.053","56.468","56.894","57.353","57.713","58.013","58.241","58.36","58.393","58.487","58.636","58.833","59.031","59.282","59.49","59.608","59.659","59.799","59.854","60.383","60.731","61.03","61.311","61.557","61.741","61.875","61.115","62.038","62.028","62.076","62.221","62.316","62.581","62.774","63.004","63.209","63.463","63.751","64.021","64.264","64.493","63.281","63.486","65.115","65.332","65.462","",
"Panama","PAN","Life expectancy at birth, male (years)","SP.DYN.LE00.MA.IN","59.297","59.835","60.294","60.64","60.877","61.063","61.366","61.627","61.998","62.392","62.721","63.175","63.615","64.04","64.745","65.265","65.695","66.057","66.466","66.814","67.156","67.386","67.519","67.681","67.92","68.061","68.091","68.236","68.299","66.901","68.464","68.47","68.453","68.777","68.861","68.889","69.02","69.394","69.644","70.075","70.377","70.747","71.142","71.501","71.772","72.045","72.253","72.46","72.654","72.837","73.034","73.267","73.558","73.97","74.122","74.621","74.734","75.005","75.201","75.528","73.104","73.866","76.365","76.654","76.879","",
"Peru","PER","Life expectancy at birth, male (years)","SP.DYN.LE00.MA.IN","49.113","49.753","50.128","51.103","51.747","52.272","52.794","53.248","53.671","54.074","47.116","54.797","55.331","55.761","56.243","56.741","57.143","57.449","57.732","57.962","58.224","58.494","58.636","58.644","58.727","59.544","59.992","60.351","60.779","61.098","61.757","62.096","62.901","63.747","64.766","65.573","66.306","66.788","67.136","67.668","68.148","68.59","68.977","69.348","69.383","69.896","70.225","70.697","70.597","70.471","70.704","71.221","71.822","72.401","73.07","73.556","73.803","73.773","73.89","74.106","70.397","68.82","74.964","75.413","75.629","",
"Philippines","PHL","Life expectancy at birth, male (years)","SP.DYN.LE00.MA.IN","57.438","57.643","57.826","58.082","58.132","58.315","58.442","58.521","58.569","58.542","58.379","58.522","58.298","58.041","58.084","58.111","58.112","58.549","58.524","58.627","58.69","58.67","58.826","58.975","59.065","59.362","59.429","59.88","60.306","60.664","60.923","61.138","61.946","62.188","62.562","62.864","63.206","63.533","63.761","64.033","64.299","64.384","64.313","64.531","64.662","64.666","64.721","65.112","65.231","65.189","65.534","65.835","65.98","66.111","66.116","66.271","66.187","66.517","66.69","66.66","67.421","63.813","66.544","66.893","66.993","",
"Palau","PLW","Life expectancy at birth, male (years)","SP.DYN.LE00.MA.IN","50.722","50.933","51.169","51.373","51.607","51.673","51.923","52.232","52.557","52.924","53.345","53.774","54.215","54.677","55.115","55.553","55.959","56.325","56.65","56.915","57.135","57.337","57.485","57.57","57.734","57.81","57.848","57.896","57.974","58.067","58.206","58.346","58.549","58.72","58.986","59.272","59.59","59.983","60.339","60.679","61.008","61.326","61.607","62.017","62.439","62.892","63.349","63.901","64.384","64.826","65.213","65.525","65.771","65.937","66.042","66.11","66.167","66.234","66.332","66.455","66.09","66.28","66.724","67.154","67.251","",
"Papua New Guinea","PNG","Life expectancy at birth, male (years)","SP.DYN.LE00.MA.IN","44.055","44.683","44.965","45.91","46.516","47.132","47.758","48.404","49.032","49.673","50.294","50.685","51.359","51.978","52.577","53.107","53.653","54.139","54.587","55.013","55.416","55.753","56.047","56.261","56.529","56.733","56.942","57.134","57.295","57.5","57.678","57.902","58.215","58.455","58.741","58.959","59.118","59.382","58.742","59.69","59.826","59.846","59.871","59.984","60.046","60.149","60.297","60.523","60.763","60.967","61.174","61.394","61.548","61.736","61.928","62.121","62.32","62.52","62.725","62.9","62.568","61.915","62.864","63.739","63.836","",
"Poland","POL","Life expectancy at birth, male (years)","SP.DYN.LE00.MA.IN","64.9","64.9","64.5","65.4","65.8","66.6","66.9","66.4","67","66.5","66.6","66.1","67.3","67.2","67.8","67","66.9","66.5","66.4","66.8","66","67.1","67.2","67","66.8","66.5","66.8","66.8","67.2","66.8","66.5","66.1","66.7","67.4","67.5","67.6","68.1","68.5","68.9","68.8","69.7","70.2","70.4","70.5","70.7","70.8","70.9","71","71.3","71.5","72.1","72.5","72.6","73","73.7","73.5","73.9","73.9","73.7","74.1","72.4","71.4","73.4","74.6","74.8","",
"Pre-demographic dividend","PRE","Life expectancy at birth, male (years)","SP.DYN.LE00.MA.IN","38.2359544252133","38.4462575259233","39.132728925747","39.44463100839","39.7212103048393","40.0356399826233","40.4628577776709","40.4952268732538","41.1018165332609","41.4570048236189","42.170106738942","42.5444361700838","42.7443837182138","43.43009779142","43.7895739212665","44.1677805244873","44.9531305202085","45.4307589856228","45.6106951988056","45.8992708982832","45.8700774566371","45.9295559767637","46.0318121196717","45.8499619195726","45.6088629249749","45.8520037379105","46.4857914718284","46.509823482791","46.5450946116969","47.089572045144","47.0888328036687","47.1061964470134","47.3410605166638","47.8871053968545","48.3342980082687","48.5441758130104","48.5894451327841","48.8843712659841","48.7749143110668","49.5251620933992","50.4118180686872","50.9352233108947","51.4595749253445","51.9811688831059","52.472172397636","52.9868020595157","53.5602963946849","54.127785608281","54.7477067660555","55.1305223532776","55.7157641315432","55.8980290953224","56.5545666946205","56.9242240688489","57.0144591194378","57.3340231403452","57.5583888237733","57.8114527852316","58.4741682315328","58.7994007005832","58.5540579797147","58.4281281633503","59.5885792500466","60.341023112907","60.5139106189847","",
"Puerto Rico (US)","PRI","Life expectancy at birth, male (years)","SP.DYN.LE00.MA.IN","66.37","66.539","66.499","65.997","65.524","66.412","67.647","67.884","67.55","68.064","67.65","67.935","67.744","67.733","68.075","68.549","68.573","69.035","68.817","69.183","69.623","69.256","69.543","69.784","70.011","69.067","69.392","69.529","69.317","69.441","69.45","69.715","69.062","68.826","69.244","69.071","69.719","70.575","70.195","71.425","71.725","72.067","73.072","73.334","73.298","73.086","73.953","73.905","74.631","74.709","75.202","75.121","75.793","76.99","76.47","77.214","76.825","75.823","77.451","77.66","76.021","75.658","75.277","78.032","78.279","",
"Korea, Dem. People's Rep.","PRK","Life expectancy at birth, male (years)","SP.DYN.LE00.MA.IN","53.637","54.192","54.756","55.31","55.882","56.482","57.104","57.748","58.396","59.029","59.634","60.213","60.769","61.302","61.77","62.223","62.658","63.121","63.562","63.991","64.409","64.826","65.226","65.606","65.955","66.272","66.551","66.744","67.003","67.189","67.372","67.573","67.509","67.031","66.454","57.448","57.487","57.537","57.553","57.578","57.587","57.579","57.577","65.49","65.39","65.273","65.182","65.221","65.633","66.242","67.008","67.74","68.475","69.191","69.981","70.435","70.541","70.445","70.281","69.945","69.851","71.282","71.457","71.457","71.553","",
"Portugal","PRT","Life expectancy at birth, male (years)","SP.DYN.LE00.MA.IN","61.266","59.967","61.282","61.904","62.119","62.939","62.374","63.197","63.626","63.145","64","63.6","65.3","64.5","64.8","64.7","65.3","66.5","67","67.9","67.8","68.2","69","68.9","69.1","69.4","69.9","70.3","70.3","70.9","70.6","70.6","70.8","71","71.5","71.8","71.7","71.9","72.2","72.5","72.9","73.4","73.7","74","74.5","74.9","75.2","75.2","75.5","75.8","76.1","77.3","77.3","77.6","78","78.1","78.1","78.4","78.3","78.7","78.5","78.5","78.9","79.5","79.7","",
"Paraguay","PRY","Life expectancy at birth, male (years)","SP.DYN.LE00.MA.IN","57.797","58.135","58.458","58.776","59.091","59.393","59.691","59.956","60.209","60.453","60.69","60.924","61.151","61.374","61.592","61.831","62.084","62.309","62.544","62.769","63.038","63.31","63.586","63.806","64.118","64.401","64.678","64.957","65.184","65.203","65.558","65.778","66.037","66.278","66.515","66.748","66.975","67.192","67.4","67.661","67.881","68.106","68.323","68.541","68.771","69.01","69.256","69.436","69.612","69.779","70.004","70.201","70.431","70.525","70.567","70.579","70.572","70.469","70.699","70.73","69.652","65.266","69.416","70.886","71.013","",
"West Bank and Gaza","PSE","Life expectancy at birth, male (years)","SP.DYN.LE00.MA.IN","","","","","","","","","","","","","","","","","","","","","","","","","","","","","","","66.2","66.68","66.876","67.048","67.786","67.984","68.48","68.883","69.116","69.34","68.284","67.077","68.936","68.755","68.759","70.188","69.665","69.887","70.283","70.358","71.552","71.72","71.751","72.196","70.12","72.512","72.863","73.163","73.23","73.612","72.573","71.495","74.247","59.691","65.223","",
"Pacific island small states","PSS","Life expectancy at birth, male (years)","SP.DYN.LE00.MA.IN","53.2373963707243","53.6983841661994","54.2172190797137","54.7428402810268","54.9707665879114","56.1321407200376","56.1964873523846","56.5984298458929","57.0254256396254","57.2847792295229","57.5586348864845","57.8896768829838","58.1053875556005","58.0964285714286","58.4914663826725","58.5698878051406","59.3689995883646","59.764855568785","60.2166221470101","60.2418458862521","60.4076635030949","60.6494987828273","60.7778454121012","61.1638659656302","61.4118566876364","62.0429359136028","61.9291119630929","62.2673549519584","62.7832506884364","63.1587670142093","63.1274565047936","63.4767144519526","63.5066121512034","63.6708164727968","63.8927223057707","64.080121801062","64.2479728200806","64.3866115411061","64.5902256991139","64.7141615003251","64.6262329262121","64.7764115954205","64.5649913947752","64.8037313256069","64.9946228231132","65.1068320217581","65.241992981733","65.2610444447401","65.5028392718275","65.3853040924462","65.8440363737612","65.9573072116829","65.5828037074153","66.048097780705","65.9785167792173","66.0896833030735","66.4471430367371","66.6121957601596","66.7427355378104","66.830644662223","66.2818559824765","65.6614142833614","67.2284125555658","67.3874363578809","67.5330937671631","",
"Post-demographic dividend","PST","Life expectancy at birth, male (years)","SP.DYN.LE00.MA.IN","66.0416900668155","66.4508924225124","66.4014586831707","66.5158029157266","66.8888093808672","66.9316312887554","67.0483100024345","67.4387843098276","67.136068935852","67.2872591110785","67.5965030591122","67.8609675641441","68.051747228689","68.2016275547852","68.5557794085658","68.7992537710113","69.0568778057255","69.4056136659284","69.5228251151295","69.8204587061255","69.9078613884649","70.2459101137025","70.5794871577049","70.6940086867823","70.9742653528861","71.1406692311707","71.4421837489366","71.7216577081796","71.8179877549467","72.0365182297377","72.1009418627167","72.235115028954","72.320278581776","72.3672585669471","72.6667776744667","72.7532257351154","73.1956445157823","73.5866116899985","73.8133633954665","73.986574429427","74.3082449761679","74.6206830094749","74.7947285733173","74.9374064823742","75.3747266807443","75.5015386302449","75.8323868110145","76.11063894355","76.325284486754","76.6831351760484","76.9318784988938","77.2133311752434","77.4068002854555","77.6153796090033","77.8904634601755","77.8289914399672","77.9874748757115","78.0760022486392","78.1550818839507","78.3740267375642","77.3440854965312","77.0624913889696","77.5295691893617","78.2049399996255","78.6188749225644","",
"French Polynesia","PYF","Life expectancy at birth, male (years)","SP.DYN.LE00.MA.IN","58.276","58.668","59.003","59.296","59.562","59.811","60.066","60.352","60.639","60.931","61.228","61.533","61.85","62.185","62.562","63.039","63.551","64.097","64.666","65.351","66.14","66.891","67.62","68.411","69.236","69.852","70.547","71.02","71.617","71.983","72.283","72.593","73.04","73.478","73.913","74.339","74.74","75.181","75.608","76.235","76.607","76.887","77.091","77.242","77.362","77.474","77.6","77.832","78.097","78.385","78.674","78.976","79.251","79.5","79.721","79.917","80.146","80.388","80.622","80.855","79.855","77.313","81.555","81.779","81.902","",
"Qatar","QAT","Life expectancy at birth, male (years)","SP.DYN.LE00.MA.IN","55.762","56.557","57.363","58.175","58.988","59.795","60.588","61.361","62.109","62.826","63.511","64.151","64.762","65.347","65.912","66.457","66.99","67.497","67.987","68.457","68.913","69.327","69.769","70.204","70.629","71.041","71.436","71.811","72.163","72.492","72.794","73.066","73.306","73.513","73.694","73.857","74.01","74.16","74.317","74.487","74.678","74.899","75.156","75.46","75.812","76.21","76.65","77.13","77.647","78.189","78.742","79.288","79.81","80.292","80.719","81.093","81.419","81.705","81.955","82.176","79.421","80.419","81.134","81.611","81.778","",
"Romania","ROU","Life expectancy at birth, male (years)","SP.DYN.LE00.MA.IN","64.242","64.303","63.602","65.4","66.09","65.978","67.004","65.514","65.515","64.495","65.219","66.27","66.28","66.83","67.29","67.37","67.45","67.42","67.1","66.68","66.53","66.7","66.8","66.98","66.81","66.78","66.55","66.3","66.51","66.56","66.59","66.56","66.56","66.1","65.9","65.7","65.3","65.2","66.1","67","67.7","67.6","67.4","67.7","68","68.4","68.7","69.2","69.2","69.7","69.8","70.8","70.9","71.6","71.3","71.4","71.6","71.6","71.7","71.9","70.4","69.2","71.3","72.6","72.8","",
"Russian Federation","RUS","Life expectancy at birth, male (years)","SP.DYN.LE00.MA.IN","63.471","63.672","63.513","64.098","64.584","64.162","64.114","63.863","63.547","62.943","63.08","63.24","63.25","63.28","63.13","62.48","62.19","61.83","61.83","61.49","61.39","61.62","62.25","62.16","61.71","62.73","64.78","64.84","64.64","64.24","63.73","63.45","62","58.97","57.55","58.12","59.62","60.85","61.22","59.87","59.03","58.92","58.68","58.53","58.91","58.92","60.43","61.46","61.92","62.87","63.09","64.04","64.56","65.13","65.29","65.92","66.5","67.51","67.75","68.24","66.49","65.51","67.57","68.04","68.26","",
"Rwanda","RWA","Life expectancy at birth, male (years)","SP.DYN.LE00.MA.IN","46.478","46.909","47.241","42.903","47.545","47.645","47.519","47.45","47.16","46.868","46.594","46.293","45.916","45.592","45.246","44.986","44.899","45.058","45.507","46.273","47.169","48.117","48.969","49.622","50.045","50.248","50.219","49.972","49.452","47.547","45.415","43.714","41.84","40.598","11.406","39.203","40.612","39.564","40.696","44.299","46.487","47.956","49.912","52.26","54.097","55.309","56.512","57.527","58.479","59.679","60.927","61.479","62.233","62.572","62.918","63.226","63.484","63.808","64.07","64.358","64.638","64.585","65.237","65.493","65.708","",
"South Asia","SAS","Life expectancy at birth, male (years)","SP.DYN.LE00.MA.IN","46.2215716724588","46.5089760200052","46.8623456832322","47.1412262507317","47.4862109694597","46.3774181197932","46.815384016821","47.1286221916068","48.7060421733183","49.0366374973775","48.771172810926","46.6973802544901","49.9587997729163","50.3512384510695","50.8309620158058","51.3672904506449","51.8438874088282","52.2962570350866","52.7915706539335","53.2861351521088","53.7504227030329","54.2084411425803","54.6487555210645","55.075648703457","55.4815942498063","55.860660378486","56.2830867223738","56.6641298647324","57.0351064550315","57.3916904232226","57.7952973346259","57.9470881555164","58.5597885034327","58.9412715000022","59.3550071097259","59.7288412242077","60.1270471946145","60.5324933552941","60.9329219159523","61.3483739795888","61.7841251876795","62.176807060065","62.6086148676433","63.0105469772089","63.3186825854361","63.7792043540012","64.1606455411037","64.535845520092","64.9261828869188","65.3055250977883","65.8004380546117","66.2406921120661","66.6813418123724","67.099648630994","67.541860692987","67.9485375694521","68.3733182465168","68.7657920676296","69.1466662135933","69.5045530393539","68.685164255835","66.3404053492882","70.4911149579811","70.7927529037481","71.0074811869622","",
"Saudi Arabia","SAU","Life expectancy at birth, male (years)","SP.DYN.LE00.MA.IN","43.219","43.8","44.398","45.026","45.691","46.425","47.22","48.084","49.011","49.987","50.993","52.022","53.053","54.08","55.098","56.092","57.095","58.069","59.014","59.808","60.791","61.61","62.376","63.096","63.777","64.42","65.051","65.656","66.24","66.796","67.322","67.792","68.26","68.672","69.056","69.421","69.776","70.13","70.488","70.845","71.183","71.55","71.907","72.267","72.625","72.985","73.329","73.615","73.829","73.953","74.113","74.316","74.635","75.131","75.826","76.583","77.227","77.6","77.551","76.943","76.014","75.329","75.493","77.097","77.329","",
"Sudan","SDN","Life expectancy at birth, male (years)","SP.DYN.LE00.MA.IN","48.672","49.088","49.62","49.733","49.747","49.808","49.943","50.146","50.379","50.642","50.884","51.128","51.349","51.509","51.677","51.858","51.875","52.102","51.774","51.729","52.126","52.275","52.471","47.319","47.482","47.611","51.889","52.033","52.143","52.018","52.614","52.993","53.594","53.727","54.575","54.836","54.965","55.46","55.683","56.284","56.661","56.85","56.63","55.282","53.219","53.81","57.706","58.96","58.606","60.266","60.572","60.711","60.895","60.624","61.302","61.688","61.955","62.529","62.877","63.205","62.413","61.798","63.03","63.272","63.448","",
"Senegal","SEN","Life expectancy at birth, male (years)","SP.DYN.LE00.MA.IN","39.138","39.189","39.215","39.228","39.247","39.262","39.34","39.503","39.651","39.908","40.288","40.712","41.184","41.757","42.495","43.277","44.081","44.929","45.767","46.535","47.283","47.991","48.725","49.597","50.363","51.19","52.225","53.062","54.01","54.527","55.024","55.387","55.633","55.675","55.858","55.789","55.713","55.659","55.652","55.991","56.091","56.559","57.199","57.722","58.601","59.345","60.116","60.974","61.457","61.781","62.264","62.785","63.209","63.613","64.041","64.589","64.939","65.276","65.59","65.859","65.485","64.923","65.869","66.79","67.006","",
"Singapore","SGP","Life expectancy at birth, male (years)","SP.DYN.LE00.MA.IN","62.15","62.568","62.918","63.261","63.499","63.787","64.141","64.268","64.612","65.073","65.555","65.869","66.046","66.509","66.795","67.326","67.589","68.011","68.386","68.672","69.8","70.1","70.2","70.5","70.9","71.5","72.1","72.5","72.6","72.8","73.1","73.5","73.8","73.9","74.1","74.1","74.4","74.8","75.3","75.6","76","76.3","76.6","76.6","77.1","77.6","77.8","78.1","78.4","78.9","79.2","79.5","79.8","80.1","80.3","80.5","80.7","80.9","81.2","81.4","81.3","80.8","80.7","81","81.2","",
"Solomon Islands","SLB","Life expectancy at birth, male (years)","SP.DYN.LE00.MA.IN","46.04","46.811","47.504","48.321","49.117","49.961","50.833","51.688","52.796","53.789","54.805","55.765","56.662","57.506","58.326","57.368","59.802","60.177","61.075","61.586","62.056","62.441","62.773","63.046","63.295","63.473","63.058","63.828","63.99","64.158","64.302","64.448","64.528","64.591","64.642","64.65","64.615","64.587","64.734","64.865","65.011","65.157","65.296","65.453","65.649","65.843","66.063","65.979","66.512","66.604","66.941","67.144","67.351","67.469","67.476","67.928","68.153","68.351","68.54","68.75","67.776","67.626","69.141","69.217","69.356","",
"Sierra Leone","SLE","Life expectancy at birth, male (years)","SP.DYN.LE00.MA.IN","31.574","32.119","32.652","33.259","33.874","34.546","35.37","36.044","36.516","37.02","37.338","37.753","38.058","38.434","38.753","39.322","39.738","40.142","40.483","40.822","41.137","41.403","41.634","41.809","41.954","41.999","41.993","42.274","42.321","42.337","42.351","41.778","41.95","41.936","41.208","40.832","42.165","42.267","40.717","38.767","43.654","44.276","45.198","45.846","46.569","47.412","48.587","49.002","49.686","50.301","50.941","51.659","52.206","53.121","53.401","54.54","55.987","56.692","57.846","58.299","58.186","58.773","59.532","60.065","60.23","",
"El Salvador","SLV","Life expectancy at birth, male (years)","SP.DYN.LE00.MA.IN","46.31","46.615","46.944","47.294","47.635","48.073","48.554","48.696","48.579","48.971","48.923","49.044","49.008","49.834","49.581","50.207","50.782","49.953","50.588","49.146","41.046","44.089","47.589","48.948","51.588","53.369","54.91","54.607","55.126","56.201","57.076","57.447","57.915","59.038","59.478","59.879","60.502","61.389","61.99","62.569","63.003","63.382","63.831","64.115","64.603","64.53","64.754","64.954","65.382","65.727","66.381","66.747","66.978","66.524","66.309","65.986","65.792","65.932","66.504","67.1","65.467","65.197","67.369","67.524","67.76","",
"San Marino","SMR","Life expectancy at birth, male (years)","SP.DYN.LE00.MA.IN","70.092","70.22","70.374","70.4","70.448","70.513","70.656","70.774","70.882","70.967","71.029","71.147","71.325","71.536","71.864","72.121","72.382","72.624","72.878","73.128","73.4","73.63","73.873","74.128","74.338","74.514","74.674","74.794","74.922","75.03","75.17","75.325","75.491","75.716","76.01","76.409","76.73","77.106","77.351","77.737","78.13","78.531","78.845","79.189","79.457","79.814","80.152","80.498","80.793","81.141","81.395","81.65","81.941","82.255","82.499","82.74","82.945","83.175","83.393","83.586","80.262","81.852","84.166","84.206","84.32","",
"Somalia, Fed. Rep.","SOM","Life expectancy at birth, male (years)","SP.DYN.LE00.MA.IN","42.102","42.214","42.513","42.736","42.935","43.173","43.387","43.596","43.8","43.999","44.191","44.385","44.581","44.774","42.852","43.084","43.321","45.561","45.418","45.967","46.175","46.387","46.588","46.801","47.013","46.878","47.018","47.56","39.863","42.94","43.126","23.715","23.875","49.052","48.812","49.09","48.972","48.803","49.305","49.148","49.329","49.407","49.402","49.233","49.164","49.393","49.313","49.215","49.766","50.502","47.07","31.294","47.319","52.118","52.394","53.037","53.095","50.18","52.694","55.241","55.076","53.724","51.791","56.35","56.49","",
"Serbia","SRB","Life expectancy at birth, male (years)","SP.DYN.LE00.MA.IN","63.964","64.492","65.105","65.388","66.079","66.847","67.47","68.16","67.926","67.592","67.041","66.971","67.377","67.981","68.698","69.197","69.241","69.02","68.653","68.368","68.236","68.042","67.913","67.913","68.086","68.437","68.635","68.755","68.872","69.249","68.986","68.578","68.222","68.642","69.245","69.745","70.109","70.072","69.23","66.693","68.9","69.6","69.7","69.9","70","70.2","70.8","70.9","71.3","71.4","71.8","72","72.3","72.6","72.8","72.8","73.2","73.1","73.5","73.4","71.6","70","72.7","73.8","73.7","",
"Sub-Saharan Africa (excluding high income)","SSA","Life expectancy at birth, male (years)","SP.DYN.LE00.MA.IN","39.6449508145405","39.8965526997991","40.5187525711591","40.7564747640972","41.0620302386763","41.3078886028109","41.4685166152674","41.6770524319611","42.1752709207804","42.4590485946253","43.0112565194113","43.314694831081","43.3849786979855","43.9511150746117","44.188755021185","44.5309468940201","45.2459231205031","45.6447420571217","45.8523698316088","46.2918299669293","46.6629198635992","46.9088334851416","47.1616338120099","46.4976449063346","46.5629028194874","46.884194733067","47.312624427552","47.9947411583325","48.033288926612","48.3053676290093","48.191109618521","48.2082392554263","48.2322431840633","48.4826902196072","48.4869710275767","48.8785871998125","48.8488363508215","49.0509807989267","48.9772647291351","49.4239874808472","50.2930005570601","50.7010105187984","51.0882323457602","51.5867068387683","52.094004837806","52.600722411288","53.2783879849657","53.8975299795292","54.4561687377779","54.8781146635008","55.5754762324888","55.9083130986574","56.6056173944781","57.0176090659394","57.2043037164613","57.6004478920166","57.9728056970086","58.2724388061994","58.847365555916","59.1730450690403","59.064705406052","58.6880134108985","59.7755739823786","60.4956125494644","60.6812608992251","",
"South Sudan","SSD","Life expectancy at birth, male (years)","SP.DYN.LE00.MA.IN","25.994","26.239","26.526","25.356","30.286","25.93","22.46","22.665","22.899","22.116","22.331","28.296","28.634","35.103","35.535","35.899","36.208","36.456","36.802","37.119","37.471","37.803","38.171","33.663","30.345","30.813","31.161","18.895","10.649","26.129","26.436","26.899","19.886","20.126","43.086","29.203","29.882","30.899","17.582","43.211","46.548","47.502","48.445","51.772","52.544","53.393","53.911","54.607","55.339","55.823","56.369","56.315","56.946","56.831","42.69","36.935","33.812","32.406","49.151","55.734","54.843","54.371","54.289","54.636","54.757","",
"Sub-Saharan Africa","SSF","Life expectancy at birth, male (years)","SP.DYN.LE00.MA.IN","39.6483826754705","39.8999585496024","40.5220555225027","40.7597600984756","41.0652785906435","41.3111325182209","41.4717829102341","41.6803727343239","42.1786189172141","42.462476729897","43.0147284794454","43.3182220489524","43.3886063324205","43.9546799673673","44.1923127168915","44.5344833561255","45.2493564376928","45.6481341741634","45.8556939545784","46.295043479581","46.6660979768496","46.9122748265717","47.1643981777444","46.5006456467502","46.5658239138769","46.886691026368","47.3151884593783","47.9970590502086","48.0357018951202","48.3074081114631","48.1930646769696","48.2105458946589","48.2345773456405","48.4847644969836","48.4892696529206","48.8807935126804","48.8510403012952","49.0530853810506","48.9796015859694","49.4262305474292","50.2951620791899","50.7030106088873","51.0900998041123","51.5884040685754","52.0959257424095","52.6023615305537","53.2801121358383","53.8991538040767","54.4575982166378","54.8795436479383","55.5769106659089","55.9095036217934","56.606883130566","57.0188880908174","57.2054072531936","57.6016791944213","57.9738527953192","58.273600807016","58.8482856487708","59.1740535180886","59.0659692621545","58.6891657204794","59.7767743804277","60.4968457346978","60.6824499180106","",
"Small states","SST","Life expectancy at birth, male (years)","SP.DYN.LE00.MA.IN","55.5600435967372","55.9813467756761","56.5408671948385","56.5872798554306","57.0351408496362","57.7189191796311","57.8963137855558","58.1457028972705","58.3770999744635","58.5371011159371","58.7930853913857","58.9932461795077","59.2102109625827","59.5068792588277","58.1823745212137","58.8104353346236","59.1254129504893","59.3321135363958","59.4089411097526","59.6913206718339","60.1977025687111","60.429069203122","60.7228669292688","60.8137115923348","61.1947428578341","61.4596343011868","61.6904310827463","62.0483614105903","62.2458084156105","62.9825803398472","62.867928095633","62.9205391371573","62.8909789083007","62.9856168989425","62.883587975684","62.9448584742538","63.2537072340026","63.2803429568594","63.3006424562901","63.3937128620109","64.3932678825236","64.5455664781222","64.6852411979044","64.9479087568985","65.1686081809646","65.4761374954228","65.7183432665677","66.0048504518864","66.3713036077648","66.743892428098","67.1660071679119","67.4687243838973","67.7372577510846","68.125723722759","68.313677145776","68.6222533110498","68.8719237153715","69.1406472474945","69.3544535650671","69.5463190785437","69.191724083174","68.2961393459544","69.8813476771698","70.4144582698525","70.6068933465755","",
"Sao Tome and Principe","STP","Life expectancy at birth, male (years)","SP.DYN.LE00.MA.IN","42.28","43.851","45.454","47.024","48.301","49.573","50.745","51.809","52.688","53.425","54.12","54.671","55.148","55.61","56.024","56.416","56.765","57.051","57.282","57.462","57.534","57.576","57.648","57.782","58.026","58.331","55.977","58.931","59.085","58.052","58.937","58.974","58.836","58.696","58.576","58.517","58.533","58.584","58.728","58.938","59.184","59.493","59.822","60.156","60.527","60.365","60.887","61.07","61.107","61.237","61.4","61.58","61.877","62.205","62.676","63.133","63.58","63.998","64.398","64.778","64.591","64.662","65.751","66.239","66.409","",
"Suriname","SUR","Life expectancy at birth, male (years)","SP.DYN.LE00.MA.IN","54.81","55.469","56.15","56.48","56.74","56.849","56.823","56.673","56.782","56.88","56.976","57.071","57.168","57.264","57.371","57.48","57.589","57.7","57.813","57.932","58.05","58.168","58.283","58.399","58.514","58.641","58.169","58.306","58.452","59.173","59.235","59.255","59.309","59.403","59.518","59.739","60.05","60.366","60.709","61.081","61.49","61.931","62.416","62.936","63.523","64.13","64.736","65.347","65.857","66.241","66.49","66.649","66.781","66.945","67.184","67.451","67.862","68.16","68.333","68.638","68.639","66.041","70.063","70.458","70.595","",
"Slovak Republic","SVK","Life expectancy at birth, male (years)","SP.DYN.LE00.MA.IN","68.121","68.54","68.002","68.19","68.675","67.806","67.715","68.229","67.567","66.691","66.656","66.625","66.927","66.797","66.825","66.847","67.011","66.748","66.904","67.114","66.75","66.8","66.85","66.64","66.79","66.92","67.47","67.24","67.12","66.88","66.64","66.8","67.6","68.4","68.3","68.4","68.8","68.9","68.6","69","69.1","69.5","69.8","69.8","70.3","70.1","70.4","70.5","70.9","71.3","71.6","72.3","72.5","72.9","73.3","73.1","73.8","73.8","73.9","74.3","73.5","71.2","73.6","74.9","75.2","",
"Slovenia","SVN","Life expectancy at birth, male (years)","SP.DYN.LE00.MA.IN","66.1","66.1","66.1","65.5","65.2","65","65.5","66","65.6","64.8","65","65.2","65.4","65.6","66.6","66.7","66.6","66.8","66.8","67","67.3","67.4","67.2","66.2","67","67.4","67.9","68.1","68.3","68.9","69.4","69.5","69.5","69.4","69.6","70.3","70.8","71","71.1","71.4","71.9","72.1","72.3","73.2","73.5","74.1","74.55","75","75.4","75.8","76.3","76.8","77.1","77.2","78.2","77.8","78.2","78.2","78.5","78.7","77.8","77.7","78.6","79.1","79.7","",
"Sweden","SWE","Life expectancy at birth, male (years)","SP.DYN.LE00.MA.IN","71.23","71.65","71.37","71.57","71.66","71.73","71.82","71.82","71.69","71.68","72.22","71.98","72.04","72.16","72.2","72.17","72.14","72.37","72.43","72.49","72.78","73.07","73.42","73.62","73.85","73.78","73.98","74.18","74.15","74.8","74.81","74.94","75.35","75.48","76.06","76.16","76.52","76.7","76.9","77.1","77.4","77.6","77.7","77.9","78.4","78.4","78.7","78.9","79.1","79.4","79.5","79.9","79.9","80.2","80.4","80.4","80.6","80.8","80.9","81.5","80.6","81.3","81.4","81.7","82.6","",
"Eswatini","SWZ","Life expectancy at birth, male (years)","SP.DYN.LE00.MA.IN","44.909","45.244","45.598","45.932","46.369","46.831","47.355","47.869","48.385","48.906","49.43","49.968","50.578","51.262","51.935","52.696","53.557","54.27","55.052","55.772","56.405","56.914","57.533","56.541","58.566","59.233","59.587","59.73","59.651","59.314","58.787","58.051","57.04","55.99","54.711","53.336","51.755","50.221","48.651","47.406","46.329","45.019","43.785","43.218","42.781","42.765","43.009","43.601","44.68","45.757","46.9","47.607","48.843","50.058","51.317","52.622","53.709","54.916","55.984","57.106","56.924","55.151","60.112","61.187","61.319","",
"Sint Maarten (Dutch part)","SXM","Life expectancy at birth, male (years)","SP.DYN.LE00.MA.IN","65.002","65.381","65.808","66.189","66.427","66.552","66.88","67.252","67.744","68.484","69.282","69.84","70.319","70.699","70.898","70.934","70.855","70.641","70.362","70.066","69.87","69.829","69.919","70.042","70.212","70.358","70.435","70.451","70.479","70.439","70.363","70.288","70.271","70.301","70.427","70.692","71.039","71.402","71.746","72.06","72.247","72.326","72.321","72.25","72.191","72.122","72.106","72.048","72.022","71.924","71.933","71.975","72.232","72.492","72.856","73.076","73.183","72.899","73.116","73.132","72.082","71.914","73.572","73.698","73.849","",
"Seychelles","SYC","Life expectancy at birth, male (years)","SP.DYN.LE00.MA.IN","58.089","58.091","58.1","58.207","58.293","58.499","58.767","59.262","59.924","60.666","61.502","62.203","62.826","63.248","63.598","63.882","64.145","64.424","64.695","64.928","65.5","67.7","64.3","65.7","65.7","63.6","64.9","63.7","64.8","62.8","62.4","65.2","65.8","64.2","65.9","65.8","66","65.7","67.6","67.4","67.9","67.4","66.6","66.2","69.1","67.4","68.9","68.9","67.7","68.4","69.1","67.7","69.3","69.9","68.4","70.1","68.7","70.3","68.5","69.9","72.7","71.3","70.9","72.2","72.1","",
"Syrian Arab Republic","SYR","Life expectancy at birth, male (years)","SP.DYN.LE00.MA.IN","51.996","52.982","53.991","54.881","55.702","56.46","57.067","57.371","58.682","59.389","60.076","60.68","61.194","58.396","62.136","62.517","62.897","63.258","63.655","63.917","64.243","61.792","56.883","65.427","65.921","66.341","66.723","67.053","67.342","67.537","67.752","67.897","68.008","68.07","68.113","68.11","68.141","68.229","68.379","68.709","69.105","69.558","69.973","70.364","70.605","70.906","71.14","71.321","71.437","71.55","71.614","69.863","61.626","60.25","60.579","57.195","59.5","60.292","63.031","67.833","69.174","70.235","70.383","69.829","70.21","",
"Turks and Caicos Islands","TCA","Life expectancy at birth, male (years)","SP.DYN.LE00.MA.IN","52.587","53.451","54.358","55.246","56.132","56.971","57.765","58.488","59.151","59.775","60.383","61.084","61.71","62.26","62.858","63.459","63.887","64.317","64.758","65.092","65.373","65.678","65.973","66.316","66.603","66.834","67.129","67.374","67.604","67.847","68.102","68.404","68.758","69.154","69.614","70.065","70.519","70.963","71.385","71.796","72.181","72.541","72.905","73.232","73.534","73.825","74.072","74.322","74.139","74.635","74.786","74.868","74.978","75.094","75.178","75.257","75.324","75.387","75.459","75.556","75.188","75","75.736","75.826","76.007","",
"Chad","TCD","Life expectancy at birth, male (years)","SP.DYN.LE00.MA.IN","37.842","38.005","38.155","38.403","38.589","38.314","37.914","38.212","38.473","38.792","39.108","38.613","39.638","40.426","40.608","40.636","40.29","40.469","40.506","40.705","40.854","40.84","41.186","41.663","41.893","42.821","42.76","38.536","44.118","44.029","41.63","44.59","44.855","45.327","45.523","46.012","46.17","46.339","46.521","46.684","46.692","47.222","47.254","47.561","47.597","47.851","47.56","48.059","48.459","48.831","49.111","49.42","49.771","50.03","49.983","50.105","50.39","50.51","51.021","51.444","51.341","51.359","52.656","53.195","53.361","",
"East Asia & Pacific (IDA & IBRD countries)","TEA","Life expectancy at birth, male (years)","SP.DYN.LE00.MA.IN","36.1461992675323","41.2256623637301","49.0973361344898","49.6799724335771","50.315743199614","49.9083473723458","51.2279465744993","52.1293360159289","52.6624638833019","53.4770001742163","54.1544768319465","55.0004430792795","55.5445710159089","56.4000536450718","56.9280403054337","57.7028776799061","58.1461480028328","59.1001524829549","59.6748767298945","60.313638625128","60.8384132936388","61.3116014669791","61.776443842595","62.2492852014969","62.6798908170995","63.0625599349425","63.3876919754979","63.7401186991912","64.0806244513857","64.429765092705","64.7329834808437","65.1355771797459","65.5863809752024","65.9526368058652","66.2398983375039","66.6302520711089","67.0135242921153","67.3873479437953","67.726843653079","68.0449664118047","68.3478025900279","68.6838387454556","68.9907583404914","69.2917148011007","69.3874441805309","69.8694813227044","70.1382419649394","70.5099718666998","70.4706908169483","70.9440356612212","71.2565035272897","71.4130378933365","71.6630268234987","71.8846322397499","72.0868510362489","72.3025723423538","72.4780715002446","72.4482054180517","72.8838659832083","73.1017169731063","72.9215736993735","72.6329736041727","73.1889871706181","73.1192712385542","73.184697108397","",
"Europe & Central Asia (IDA & IBRD countries)","TEC","Life expectancy at birth, male (years)","SP.DYN.LE00.MA.IN","61.1845002732145","61.4921872177842","61.4672098376828","62.0585727072064","62.4689221397251","62.4825093722669","62.6290412208871","62.4495466626817","62.4241456913912","62.0946148710994","62.2728148709406","62.4233698422054","62.6598134404092","62.7854212999613","62.8847245675178","62.6245986945108","62.5866218135199","62.4866106859294","62.536748804215","62.4922979254772","62.499245328406","62.8132467450603","63.1871673904828","63.2555094325838","63.1977436710668","63.8020877159994","64.7783638313881","64.9349906081054","64.8566723738442","64.840189634256","64.578023666495","64.3301546192901","63.339201520621","62.2375179957135","61.9275872701615","62.221186549003","62.8989947424778","63.5170484717619","63.9072141567002","63.4617550713291","63.6604944493964","63.8215020349023","63.8830190789981","64.0217654340753","64.3078482142403","64.4271619481925","65.0738938363242","65.613798177257","66.0383337992711","66.6808185271999","67.1024862727887","67.6325811413965","68.1056383913294","68.6113296290287","68.8746987334454","69.2479421641323","69.6353616406277","70.1575962180934","70.3094451769608","70.6311247309481","69.1639902878023","68.4573655270893","70.1169250052818","70.6578333797773","71.0472235935047","",
"Togo","TGO","Life expectancy at birth, male (years)","SP.DYN.LE00.MA.IN","41.988","42.207","42.469","42.742","43.057","43.394","43.699","44.055","44.426","44.746","45.141","45.598","46.023","46.458","46.842","47.282","47.757","48.542","49.429","50.114","50.862","51.481","51.959","52.383","52.63","52.835","53.008","53.216","53.284","53.256","53.14","52.944","52.968","52.844","52.832","52.856","53.027","53.085","53.213","53.53","53.842","54.071","54.402","54.702","54.992","55.307","55.661","55.955","56.282","56.571","56.887","57.308","57.608","58.029","58.47","58.923","59.414","59.858","60.4","60.887","60.781","61.051","62.084","62.536","62.696","",
"Thailand","THA","Life expectancy at birth, male (years)","SP.DYN.LE00.MA.IN","48.987","49.288","49.586","50.083","50.553","51.063","51.559","52.065","52.634","53.292","53.997","54.59","55.199","55.702","56.316","56.904","57.447","57.875","58.096","58.383","58.756","59.425","60.244","61.25","62.402","63.477","64.263","64.762","65.051","65.349","65.629","65.74","65.885","66.069","65.96","65.876","65.918","66.473","66.94","67.187","67.368","67.652","68.02","68.412","68.524","69.343","69.87","70.387","70.859","71.273","71.434","71.534","71.698","72.003","72.254","72.464","72.628","72.792","72.95","72.849","72.971","73.303","71.025","72.161","72.342","",
"Tajikistan","TJK","Life expectancy at birth, male (years)","SP.DYN.LE00.MA.IN","50.464","50.864","51.238","51.639","52.069","52.486","52.873","53.291","53.698","54.087","54.427","54.72","54.989","55.225","55.442","55.652","55.832","55.997","56.141","56.266","56.365","56.497","58.032","58.162","58.515","59.05","60.014","59.767","59.449","59.495","59.244","59.453","51.518","48.575","56.687","58.925","58.129","59.474","59.99","60.58","61.005","62.166","62.455","63.584","64.007","63.983","64.443","64.725","65.266","65.521","65.663","66.087","66.514","67.149","67.239","67.155","67.625","68.303","68.482","68.73","66.216","67.343","69.325","69.574","69.682","",
"Turkmenistan","TKM","Life expectancy at birth, male (years)","SP.DYN.LE00.MA.IN","48.031","48.355","48.678","49.007","49.353","49.737","50.166","50.627","51.109","51.588","51.995","52.35","52.648","52.933","53.174","53.401","53.628","53.876","54.515","55.435","56.608","57.519","58.203","58.69","59.124","59.651","60.139","60.478","60.589","60.566","60.614","60.53","60.442","60.226","60.142","60.102","60.066","60.101","60.326","60.83","61.299","61.697","61.919","62.093","62.217","62.396","62.731","63.238","63.911","64.594","65.185","65.532","65.655","65.614","65.628","65.692","65.805","65.862","65.944","66.105","65.355","66.092","66.677","66.871","66.999","",
"Latin America & the Caribbean (IDA & IBRD countries)","TLA","Life expectancy at birth, male (years)","SP.DYN.LE00.MA.IN","52.6114604349823","53.1518459593671","53.5669634779015","53.9724250202623","54.3348663746814","54.6933574227374","55.2276461827717","55.5863774492252","55.9002123094417","56.1867962446877","56.2989238095953","57.0773713802483","57.5030663708417","57.9025480572417","58.2855156377026","58.8020126081914","59.1554126248449","59.6846558627444","60.0598314080938","60.3393692106277","60.6287951425816","61.0107244684591","61.3031261424691","61.9105349361075","62.2931273279861","62.5206883746825","63.1538524964198","63.4769139970363","63.8188422440633","64.1165588703009","64.4290153479611","64.6671590824686","64.881441994523","65.2127797239657","65.6266605714031","66.0317369322807","66.4325078849424","66.8248607695522","67.029708015712","67.3966383426766","67.6939226075501","67.9402953861237","68.349010457809","68.6854463635555","69.0391721464926","69.4051958950827","69.6846880962938","69.9039119303519","70.0686900470329","70.264605742528","70.2579428738858","70.7244222875908","71.0116371270227","71.2760452288942","71.4742548813083","71.6753545100927","71.568976494621","71.7783569298813","71.9956069178981","72.191712317118","69.8638147915847","68.5211745660952","71.6022422567007","72.6866545199631","72.8732627200539","",
"Timor-Leste","TLS","Life expectancy at birth, male (years)","SP.DYN.LE00.MA.IN","31.021","31.424","31.847","32.293","32.768","33.273","33.791","34.319","34.85","35.4","35.953","36.493","37.021","37.539","35.115","20.464","21.644","20.855","19.322","20.29","24.95","25.747","26.573","27.001","28.459","28.484","28.938","30.001","30.186","43.365","43.903","43.745","44.85","45.629","46.514","46.139","46.788","47.387","46.988","42.408","56.671","57.314","57.996","58.641","59.246","59.745","60.341","60.862","61.331","61.746","62.115","62.447","62.808","63.145","63.456","63.758","64.045","64.321","64.589","64.846","65.136","64.575","65.733","66.067","66.265","",
"Middle East, North Africa, Afghanistan & Pakistan (IDA & IBRD)","TMN","Life expectancy at birth, male (years)","SP.DYN.LE00.MA.IN","43.0249115131515","43.7812747140334","44.2706767821715","45.4125002267412","46.1046011620333","46.6868397402454","47.4093013583562","47.9833142778043","48.5775401935431","49.1878419351089","49.7690228280657","48.5127726237892","50.8627236646985","51.1976502699844","51.7489749385272","52.1890432829656","52.6875366587953","53.5818980764984","53.9237087060697","54.6711591368388","54.8560757945693","54.7632292535858","55.0704864261684","56.2001478695217","57.0040991581824","57.5739869171636","58.1664987237477","58.751372356165","59.1309224563456","60.0929329913801","60.2080491210709","61.0117059178942","61.5196524077005","61.9331218075648","62.0013936847143","62.3052470035137","62.6051303616196","62.8310172010853","63.1853352688244","63.6430814393446","63.9760430076693","64.3157174888882","64.6571649359758","64.6912817113847","65.0511234158985","64.9758152548736","65.3622418673233","65.5722630054716","65.943661306745","66.2679462440303","66.4625426887553","66.5959823512712","66.5437374117964","66.7533822964385","67.0082502993492","67.0365536631895","67.2207985444518","67.486439506891","67.7603431069588","68.1563795042674","66.6621196831798","66.7373865994823","68.8543028986483","69.2521604038655","69.4209747790914","",
"Tonga","TON","Life expectancy at birth, male (years)","SP.DYN.LE00.MA.IN","55.861","56.364","56.931","57.438","57.953","58.48","58.981","59.498","59.972","60.521","60.964","61.297","61.667","61.949","62.336","62.544","62.818","62.98","63.165","63.301","63.381","63.484","63.451","63.669","63.782","63.858","63.919","63.995","64.071","64.16","64.201","64.383","64.531","64.714","64.907","65.11","65.312","65.52","65.721","65.92","66.114","66.299","66.512","66.709","66.93","67.102","67.259","67.453","67.607","67.542","67.881","68.002","68.113","68.216","68.294","68.413","68.518","68.646","68.733","68.85","68.882","68.714","69.161","69.37","69.503","",
"South Asia (IDA & IBRD)","TSA","Life expectancy at birth, male (years)","SP.DYN.LE00.MA.IN","46.2215716724588","46.5089760200052","46.8623456832322","47.1412262507317","47.4862109694597","46.3774181197932","46.815384016821","47.1286221916068","48.7060421733183","49.0366374973775","48.771172810926","46.6973802544901","49.9587997729163","50.3512384510695","50.8309620158058","51.3672904506449","51.8438874088282","52.2962570350866","52.7915706539335","53.2861351521088","53.7504227030329","54.2084411425803","54.6487555210645","55.075648703457","55.4815942498063","55.860660378486","56.2830867223738","56.6641298647324","57.0351064550315","57.3916904232226","57.7952973346259","57.9470881555164","58.5597885034327","58.9412715000022","59.3550071097259","59.7288412242077","60.1270471946145","60.5324933552941","60.9329219159523","61.3483739795888","61.7841251876795","62.176807060065","62.6086148676433","63.0105469772089","63.3186825854361","63.7792043540011","64.1606455411037","64.535845520092","64.9261828869188","65.3055250977883","65.8004380546117","66.2406921120661","66.6813418123724","67.099648630994","67.541860692987","67.9485375694521","68.3733182465168","68.7657920676296","69.1466662135933","69.5045530393539","68.685164255835","66.3404053492882","70.4911149579811","70.7927529037481","71.0074811869621","",
"Sub-Saharan Africa (IDA & IBRD countries)","TSS","Life expectancy at birth, male (years)","SP.DYN.LE00.MA.IN","39.6483826754705","39.8999585496024","40.5220555225027","40.7597600984756","41.0652785906435","41.3111325182209","41.4717829102341","41.6803727343239","42.1786189172141","42.462476729897","43.0147284794454","43.3182220489524","43.3886063324205","43.9546799673673","44.1923127168915","44.5344833561255","45.2493564376928","45.6481341741635","45.8556939545784","46.295043479581","46.6660979768496","46.9122748265717","47.1643981777445","46.5006456467502","46.5658239138769","46.886691026368","47.3151884593783","47.9970590502086","48.0357018951202","48.3074081114631","48.1930646769696","48.2105458946589","48.2345773456405","48.4847644969836","48.4892696529206","48.8807935126804","48.8510403012952","49.0530853810506","48.9796015859694","49.4262305474292","50.2951620791899","50.7030106088873","51.0900998041123","51.5884040685754","52.0959257424095","52.6023615305537","53.2801121358382","53.8991538040767","54.4575982166378","54.8795436479383","55.5769106659089","55.9095036217934","56.6068831305661","57.0188880908174","57.2054072531937","57.6016791944213","57.9738527953191","58.273600807016","58.8482856487708","59.1740535180885","59.0659692621545","58.6891657204794","59.7767743804277","60.4968457346978","60.6824499180106","",
"Trinidad and Tobago","TTO","Life expectancy at birth, male (years)","SP.DYN.LE00.MA.IN","60.989","61.378","61.767","61.95","62.178","62.297","62.367","62.425","62.512","62.562","62.618","62.604","62.882","63.104","63.149","63.21","63.604","63.667","63.659","63.945","63.992","63.86","63.772","63.812","63.9","64.121","64.351","64.573","64.859","64.989","65.068","65.271","65.299","65.374","65.335","65.496","65.535","65.66","65.74","65.915","65.948","66.128","66.369","66.507","66.84","67.143","67.324","67.661","67.951","68.269","68.698","69.213","69.505","69.826","69.936","69.861","69.901","69.947","69.475","69.732","69.36","67.905","70.214","70.378","70.508","",
"Tunisia","TUN","Life expectancy at birth, male (years)","SP.DYN.LE00.MA.IN","43.039","42.813","44.587","45.458","46.327","47.263","48.212","49.197","50.388","51.296","52.721","53.695","54.786","55.753","56.881","57.922","58.939","59.84","60.68","61.385","62.081","62.783","63.417","64.096","64.673","65.226","65.749","66.296","66.669","66.958","67.151","67.419","67.685","67.967","68.302","68.668","69.095","69.499","69.889","70.137","70.364","70.549","70.772","70.991","71.194","71.379","71.55","71.693","71.844","71.97","72.095","72.109","72.248","72.302","72.406","72.446","72.53","72.659","72.834","73.038","72.397","70.195","73.456","73.918","74.132","",
"Turkiye","TUR","Life expectancy at birth, male (years)","SP.DYN.LE00.MA.IN","48.044","48.796","49.626","50.308","50.757","51.27","51.748","52.363","52.757","53.297","53.84","54.354","55.101","55.494","56.035","56.54","57.026","57.775","58.453","58.997","59.613","60.069","60.634","61.107","61.566","62.08","62.59","63.089","63.56","64.001","64.475","64.917","65.176","65.578","65.94","66.216","66.797","67.258","67.816","67.622","68.679","69.034","69.38","69.682","70.037","70.304","70.637","70.975","71.246","71.555","71.903","71.758","72.477","73.118","73.443","73.481","73.49","73.957","74.385","74.678","73.441","72.719","74.655","74.529","74.619","",
"Tuvalu","TUV","Life expectancy at birth, male (years)","SP.DYN.LE00.MA.IN","45.774","46.52","47.266","48.02","48.752","49.458","50.129","50.748","51.16","51.682","52.212","52.738","51.95","53.889","54.481","55.069","55.612","56.075","56.483","56.861","57.2","57.509","57.76","57.94","58.076","58.144","58.199","58.279","58.395","58.546","58.722","58.904","57.572","59.272","59.545","59.776","60.011","60.267","60.559","60.752","60.97","61.137","61.221","61.27","61.323","61.386","61.524","61.656","61.715","61.864","61.938","62.005","62.048","62.086","62.139","62.148","62.277","62.467","62.654","62.865","63.094","62.433","63.547","63.765","63.911","",
"Tanzania","TZA","Life expectancy at birth, male (years)","SP.DYN.LE00.MA.IN","41.204","41.488","41.909","42.331","42.851","43.386","43.785","43.813","44.177","44.541","44.912","45.354","45.793","46.198","46.665","47.14","47.591","48.049","48.369","48.86","49.212","49.547","49.757","49.895","49.93","50.044","50.172","50.262","50.446","50.366","50.288","50.206","49.807","49.669","49.633","49.628","49.873","50.066","50.755","51.404","52.145","52.921","53.699","54.603","55.441","56.228","56.931","57.597","58.178","58.814","59.326","59.788","60.321","60.769","61.122","61.61","61.968","62.377","62.761","63.141","63.667","63.204","64.118","64.198","64.396","",
"Uganda","UGA","Life expectancy at birth, male (years)","SP.DYN.LE00.MA.IN","43.882","44.503","45.009","45.565","45.991","46.425","46.501","47.05","47.289","47.464","47.556","44.392","44.392","44.695","44.128","44.223","43.879","43.561","42.781","42.579","39.911","39.908","39.311","39.499","39.719","41.796","41.96","44.795","45.026","45.118","45.32","45.302","45.52","45.58","45.633","45.754","45.842","46.205","46.508","47.243","47.85","48.8","49.548","50.453","51.742","52.929","54.114","55.243","56.203","57.018","57.732","58.555","59.241","59.916","60.481","61.206","61.77","62.412","62.969","63.475","63.352","63.584","64.697","65.268","65.487","",
"Ukraine","UKR","Life expectancy at birth, male (years)","SP.DYN.LE00.MA.IN","65.912","66.497","66.791","67.037","67.208","67.245","67.112","66.945","66.607","66.343","66.235","66.241","66.287","66.167","65.907","65.601","65.235","65.004","64.698","64.549","64.465","64.491","64.579","64.62","64.829","65.517","66.209","66.671","66.414","66.064","65.388","64.593","63.774","63.026","62.155","61.607","61.547","62.18","62.553","62.507","62.208","62.028","62.077","61.997","61.805","61.824","61.748","62.001","62.66","63.784","65.021","65.592","65.963","66.345","66.611","67.651","68.458","69.1","68.569","68.866","68.348","67.124","66.193","66.9","69.786","",
"Upper middle income","UMC","Life expectancy at birth, male (years)","SP.DYN.LE00.MA.IN","41.0687901749872","44.9945041121248","50.7993280434788","51.3923463043213","51.9417049926052","51.7237969656114","52.7775314466545","53.5070701402105","53.9386164445025","54.5900644470247","55.1664829504486","55.9407942101558","56.4531934456476","57.1709760641442","57.6279823854367","58.3790356765142","58.7885564572397","59.5952110944806","60.0769258420148","60.5918730853883","60.9503140981194","61.2881368264637","61.7308144851123","62.2302225843529","62.7137922031078","63.0940478471803","63.4880279178694","63.8270347384506","64.0947182113724","64.4907807195528","64.7263444288113","65.1041021196212","65.434929343725","65.7400750013843","66.0234777888084","66.3823212779084","66.7619789497214","67.1215527198599","67.4470716539152","67.7254477512831","68.0535429079714","68.372901577761","68.6608362550646","68.9059697240324","69.047361628811","69.5003756032485","69.7509240028867","70.0960692078895","70.266020558679","70.6178170714424","70.9857814173241","71.1865643930977","71.4881021781716","71.7371387893496","71.9584077529195","72.1925427447707","72.3026685608728","72.3855536402115","72.7693899319739","72.9884614976595","72.1829092460444","71.6818974986011","72.9162453371853","73.1208713961296","73.2535819177257","",
"Uruguay","URY","Life expectancy at birth, male (years)","SP.DYN.LE00.MA.IN","64.758","64.877","64.965","65.058","65.122","65.186","65.272","65.362","65.447","65.493","65.63","65.811","66.02","66.152","66.287","66.428","66.571","66.7","66.813","66.787","66.96","67.321","67.814","67.945","68.122","68.28","68.61","68.592","68.726","68.85","69.262","69.473","69.421","69.249","69.205","69.474","69.762","69.885","69.989","70.214","70.641","70.943","71.01","71.145","71.452","71.911","71.91","72.156","72.289","72.693","72.673","72.631","72.71","72.968","73.259","73.381","73.537","73.856","73.449","73.58","74.511","71.501","72.434","74.192","74.384","",
"United States","USA","Life expectancy at birth, male (years)","SP.DYN.LE00.MA.IN","66.6","67.1","66.9","66.6","66.8","66.8","66.7","67","66","66.8","67.1","67.4","67.4","67.6","68.2","68.8","69.1","69.5","69.6","70","70","70.4","70.8","71","71.1","71.1","71.2","71.4","71.4","71.7","71.8","72","72.3","72.2","72.4","72.5","73.1","73.6","73.8","73.9","74.1","74.3","74.4","74.5","75","75","75.2","75.5","75.6","76","76.2","76.3","76.4","76.4","76.5","76.3","76.1","76.1","76.2","76.3","74.2","73.5","74.8","75.8","76.5","",
"Uzbekistan","UZB","Life expectancy at birth, male (years)","SP.DYN.LE00.MA.IN","54.268","54.565","54.874","55.177","55.494","55.806","56.119","56.434","56.753","57.07","57.381","57.681","57.976","58.256","58.526","58.78","59.035","59.285","59.536","59.782","60.046","60.273","60.5","60.783","61.136","61.659","62.183","62.753","63.084","63.176","63.039","62.562","62.238","61.918","61.767","61.598","61.593","61.885","62.153","62.324","62.395","62.802","63.351","63.916","64.29","64.604","65.003","65.528","66.124","66.65","67.046","67.337","67.559","67.808","68.069","68.489","68.711","68.751","68.914","68.924","68.598","68.921","69.029","69.45","69.564","",
"St. Vincent and the Grenadines","VCT","Life expectancy at birth, male (years)","SP.DYN.LE00.MA.IN","57.584","58.334","58.983","59.519","59.981","60.398","60.843","61.242","61.73","62.174","62.654","63.035","63.342","63.712","64.067","64.545","65.158","65.562","65.938","67.926","66.609","66.909","67.186","67.433","67.761","68.159","68.319","68.434","68.447","68.45","68.436","68.42","69.102","68.38","68.356","68.329","68.096","67.89","67.757","67.782","67.824","67.859","68.45","67.912","67.929","67.941","67.967","68.02","68.25","68.336","68.217","68.051","67.864","67.221","67.424","67.401","68.254","68.448","68.471","68.554","66.055","66.156","68.628","68.664","68.782","",
"Venezuela, RB","VEN","Life expectancy at birth, male (years)","SP.DYN.LE00.MA.IN","56.523","57.306","57.78","58.724","59.39","60.188","61.074","61.84","62.116","62.234","62.982","63.341","63.624","63.701","64.105","64.503","65.081","65.335","65.55","65.637","65.498","66.059","66.277","66.89","67.139","67.499","68.064","68.12","68.125","68.009","68.364","68.286","68.132","68.2","68.114","68.655","68.896","69.583","69.252","68.889","68.757","67.019","69.015","68.2","69.014","69.378","69.006","69.283","68.266","68.546","69.064","68.714","68.829","68.94","68.618","68.871","67.563","67.776","68.902","69.025","68.459","67.683","68.789","68.72","68.885","",
"British Virgin Islands","VGB","Life expectancy at birth, male (years)","SP.DYN.LE00.MA.IN","60.785","61.297","61.88","62.366","62.813","63.166","63.432","63.734","63.647","63.722","63.641","63.82","63.983","64.272","64.841","65.403","65.823","66.159","66.623","66.994","67.406","67.725","67.964","68.228","68.701","69.054","69.393","69.654","69.944","70.209","70.604","70.952","71.317","71.624","71.908","72.122","72.336","72.378","72.446","72.526","72.651","72.745","72.841","72.991","73.108","73.166","73.266","73.403","73.54","73.644","73.713","73.773","73.797","73.825","73.856","73.878","73.931","73.275","74.039","74.137","74.141","72.466","74.434","74.526","74.701","",
"Virgin Islands (U.S.)","VIR","Life expectancy at birth, male (years)","SP.DYN.LE00.MA.IN","59.185","59.95","60.149","59.223","61.542","60.545","61","61.57","62.077","62.594","63.079","63.538","62.779","63.095","63.488","63.863","64.12","64.4","64.671","64.957","65.11","65.309","65.565","65.845","66.005","66.231","66.48","66.721","66.869","67.025","67.219","67.345","67.527","67.669","67.85","67.891","68.316","67.104","67.777","67.336","73.4","74.5","74.4","74.4","74.7","74.3","75.3","73.4","73.7","74.1","74.5","75","75.2","75.4","75.6","75.7","75.9","76.1","76.3","76.4","76.6","76.8","77.1","77.3","77.6","",
"Viet Nam","VNM","Life expectancy at birth, male (years)","SP.DYN.LE00.MA.IN","55.054","55.369","54.819","52.994","53.723","52.766","52.539","52.238","47.295","49.653","49.72","50.399","46.048","50.283","49.097","57.426","59.495","59.828","60.219","60.599","60.919","61.425","61.997","62.466","62.942","63.145","63.45","63.91","64.634","64.861","64.991","65.282","65.699","66.131","66.714","67.116","67.485","67.727","68.13","68.138","68.2","68.297","68.278","68.289","68.282","68.393","68.477","68.559","68.632","68.706","68.775","68.908","68.979","69.042","69.1","69.147","69.153","69.217","69.303","69.414","70.366","69.492","69.761","69.877","70.051","",
"Vanuatu","VUT","Life expectancy at birth, male (years)","SP.DYN.LE00.MA.IN","49.196","49.728","50.244","50.756","51.098","51.606","52.122","52.661","53.192","53.748","54.286","54.843","55.316","55.905","56.462","56.986","57.472","57.984","58.505","59.396","59.994","60.581","61.118","61.557","61.891","62.23","62.828","62.771","63.856","64.147","64.769","65.21","65.529","65.86","66.094","66.27","66.374","66.624","66.742","66.467","67.034","67.192","67.297","67.415","67.483","67.62","67.46","67.314","67.382","67.451","67.552","67.705","67.854","67.965","68.083","68.214","68.492","68.638","68.724","68.848","68.198","67.95","69.291","69.445","69.585","",
"World","WLD","Life expectancy at birth, male (years)","SP.DYN.LE00.MA.IN","49.0329289941033","50.8534751477021","53.2892385505192","53.6438578535896","54.0638655948637","53.7939388352086","54.3619821588389","54.7930349875031","55.2122391350107","55.564269110697","55.8484567769268","55.7852844683126","56.7336844617468","57.1644150262065","57.5359838009647","57.961113190441","58.3119214795671","58.8401146164445","59.16500348193","59.5742322855573","59.8645659087471","60.1890148328824","60.5293417218063","60.7965781998534","61.0985165087035","61.398060598611","61.7910587854664","62.1205862114134","62.3246636701762","62.6174388743033","62.7699181624905","62.9778460223863","63.2239847432634","63.3845427468927","63.5805002094209","63.8375774710998","64.1768138123481","64.5128458243448","64.7538378391264","65.0079065450885","65.3610258489713","65.6577877825746","65.9383639483566","66.2201344138196","66.4769458204585","66.7849547316414","67.1326125094402","67.4685338842444","67.6747036210676","68.0364843402024","68.3517294731734","68.6127040400939","68.9066126855055","69.1787366219819","69.4119977978762","69.6086878220276","69.8151976033045","69.9757430886011","70.2809553686806","70.5189320797109","69.694828384387","68.8462233374681","70.586358939904","70.953015678063","71.1155013160915","",
"Samoa","WSM","Life expectancy at birth, male (years)","SP.DYN.LE00.MA.IN","53.048","53.624","54.161","54.692","52.637","55.685","56.057","56.628","57.114","57.598","58.082","58.542","59.022","59.476","59.92","60.415","60.847","61.257","61.591","61.978","62.39","62.676","62.992","63.354","63.643","63.914","64.177","64.389","64.645","64.898","65.128","65.348","65.775","66.028","66.362","66.657","66.95","67.231","67.504","67.764","68.018","68.277","68.508","68.729","68.842","68.848","68.983","68.998","68.995","67.307","69","69.014","68.904","69.022","69.028","69.029","69.045","69.093","69.197","68.469","68.757","69.306","69.737","69.861","69.96","",
"Kosovo","XKX","Life expectancy at birth, male (years)","SP.DYN.LE00.MA.IN","47.679","48.952","47.534","49.385","50.081","50.721","50.883","51.571","52.143","51.424","52.343","53.12","53.387","54.019","54.301","55.391","55.629","56.391","57.069","57.046","58.565","58.525","58.479","59.191","59.743","59.414","60.723","61.729","62.263","63.443","64.672","64.227","65.355","65.787","66.551","66.82","67.51","68.001","65.509","51.949","69.296","69.767","70.21","70.673","71.176","71.564","71.608","72.283","72.546","72.646","72.326","73.135","73.606","74.276","73.877","73.742","74.59","75.086","74.993","75.064","71.865","72.916","75.34","75.804","76.008","",
"Yemen, Rep.","YEM","Life expectancy at birth, male (years)","SP.DYN.LE00.MA.IN","31.105","31.72","30.986","30.567","32.295","32.924","33.58","34.373","35.33","37.107","38.183","39.541","40.469","41.396","42.362","43.345","44.351","45.357","46.385","47.479","48.569","49.688","50.46","51.699","52.712","53.569","50.528","54.994","55.64","56.206","56.744","56.842","57.319","57.691","57.667","58.592","58.93","59.386","59.863","60.382","60.895","61.461","61.934","62.519","63.017","63.466","63.911","64.332","64.724","64.999","65.308","65.443","65.553","66.028","65.996","63.985","64.403","64.295","62.311","63.337","63.33","63.09","65.665","67.235","67.366","",
"South Africa","ZAF","Life expectancy at birth, male (years)","SP.DYN.LE00.MA.IN","50.823","51.188","51.707","51.994","52.306","52.49","52.764","52.934","53.12","53.322","53.498","53.818","54.218","54.584","54.969","55.475","55.794","56.16","56.638","57.06","57.451","57.891","58.308","58.694","59.03","59.233","59.306","59.542","59.596","59.645","59.477","59.495","59.365","59.111","58.799","58.282","57.778","57.218","56.715","56.11","55.415","54.583","53.215","51.993","51.915","52.088","52.233","52.715","53.511","54.816","56.197","57.735","58.714","59.233","59.91","60.802","61.332","61.98","62.296","62.696","62.174","59.193","61.813","62.609","62.783","",
"Zambia","ZMB","Life expectancy at birth, male (years)","SP.DYN.LE00.MA.IN","49.581","49.998","50.258","50.558","49.851","50.949","51.148","51.337","51.535","51.835","52.217","52.683","53.141","53.723","54.155","54.479","54.753","54.835","54.855","54.386","53.793","53.228","52.534","51.932","51.095","50.231","49.457","48.826","48.2","47.472","46.912","46.197","45.749","45.43","45.199","44.916","44.714","44.72","44.805","45.125","45.797","46.645","47.702","48.72","49.901","51.029","51.932","52.877","53.693","54.719","55.479","56.186","56.954","57.623","58.094","58.545","58.919","59.207","59.693","60.349","60.731","59.79","62.768","63.936","64.1","",
"Zimbabwe","ZWE","Life expectancy at birth, male (years)","SP.DYN.LE00.MA.IN","51.077","51.516","51.965","52.413","52.866","53.305","53.724","54.089","54.423","54.783","55.057","55.298","55.485","55.211","55.312","55.351","54.168","52.972","49.017","49.153","56.177","56.397","56.75","56.721","57.345","57.51","57.518","57.193","56.754","56.062","55.161","54.098","52.908","51.629","50.402","49.181","46.94","47.001","46.024","45.031","44.834","43.997","45.135","44.987","45.655","46.198","46.856","47.644","48.246","49.245","51.197","52.508","54.066","55.397","56.569","57.33","57.94","58.304","58.852","58.83","59.091","57.717","59.88","60.226","60.492","",
