"Data Source","World Development Indicators",

"Last Updated Date","2026-07-13",

"Country Name","Country Code","Indicator Name","Indicator Code","1960","1961","1962","1963","1964","1965","1966","1967","1968","1969","1970","1971","1972","1973","1974","1975","1976","1977","1978","1979","1980","1981","1982","1983","1984","1985","1986","1987","1988","1989","1990","1991","1992","1993","1994","1995","1996","1997","1998","1999","2000","2001","2002","2003","2004","2005","2006","2007","2008","2009","2010","2011","2012","2013","2014","2015","2016","2017","2018","2019","2020","2021","2022","2023","2024","2025",
"Aruba","ABW","Death rate, crude (per 1,000 people)","SP.DYN.CDRT.IN","7.525","7.347","7.066","6.863","6.689","6.572","6.384","6.348","6.263","6.186","6.127","6.079","4.738","4.923","5.107","4.906","5.14","5.463","4.832","5.372","4.807","5.234","5.108","5.448","5.135","5.411","6.291","6.255","5.646","6.155","6.677","6.506","6.144","5.456","5.554","6.315","5.649","5.759","5.709","6.257","5.85","4.757","5.344","5.38","5.277","4.937","5.422","5.322","5.49","6.191","6.078","6.258","5.85","5.422","6.114","6.367","7.257","6.594","6.703","6.145","6.842","8.951","8.191","7.582","7.778","",
"Africa Eastern and Southern","AFE","Death rate, crude (per 1,000 people)","SP.DYN.CDRT.IN","20.9654988515767","20.7455415599483","20.4430710940443","20.2343749153432","19.9037050742127","19.7671117554787","19.882407585097","19.2894920766215","19.0640117602113","18.8928812918467","18.6811074840865","18.4278960698819","18.7810465033117","18.1789049237689","18.2470357236501","18.0801198055509","17.5413649357859","17.3512459217246","17.1924544676563","16.9132363688114","16.7027218044854","16.5254489563127","16.3258946968662","17.568734223628","17.4550744633783","17.0991040129771","16.5966958293015","15.8107480873472","16.2600848936527","15.3974032391511","15.3892030966219","15.6784620755611","15.7625984982371","15.2479517463529","17.2452819188522","14.6754749406442","14.6532589191461","14.4243735108166","14.6777373826067","14.0363588346108","13.5499033167574","13.3076486997769","13.0399204332418","12.7214592060934","12.3834238964521","12.0210911514631","11.5375569750487","11.0865972853099","10.6623751173159","10.1984006728924","9.80778558922546","9.78032115864408","9.06568314572228","8.72936607027465","8.60162251286315","8.41492537639502","8.24213180696689","8.07878715791181","7.67376094327817","7.46246664270849","7.5402043520901","7.91382338403694","7.24533546650364","6.97878741988465","6.91510801460987","",
"Afghanistan","AFG","Death rate, crude (per 1,000 people)","SP.DYN.CDRT.IN","31.672","31.129","30.63","30.168","29.672","29.193","28.733","28.265","27.801","27.334","26.838","26.383","25.882","25.364","24.889","24.403","23.934","23.404","24.171","25.538","25.706","26.413","28.026","27.013","32.008","31.699","25.044","24.617","20.606","19.582","19.479","18.783","17.17","14.613","14.929","14.403","13.928","13.651","13.886","12.697","12.608","11.954","11.187","10.714","10.375","9.913","9.659","9.487","8.884","8.645","8.402","8.032","7.822","7.597","7.511","7.528","7.32","7.315","7.271","7.064","7.565","8.002","5.993","5.797","5.702","",
"Africa Western and Central","AFW","Death rate, crude (per 1,000 people)","SP.DYN.CDRT.IN","26.4428269169118","26.204642352888","25.7261805655791","25.533288477529","25.3332352143232","25.0967449821478","24.8957355947036","25.070577483131","24.4153351236305","24.1595947832153","23.5811102765813","23.2097937569381","22.6730870418849","22.254727914129","21.7969791826381","21.3810612072409","20.7532420254299","20.2671233499032","19.8759733156964","19.5152852412562","19.2105808714476","18.8602132152963","18.5728502598691","18.3965941067979","18.2003613073262","18.0203580299073","17.8733683280918","17.7284887636307","17.513472407338","17.3671515224019","17.3573006923347","17.214892308521","17.0423845093243","16.8759232057841","16.7923117556345","16.6028070734031","16.4876342050441","16.3332983143795","16.1130092208097","15.8282420188512","15.4854734713085","15.1985518894703","14.8769985816561","14.5327841947034","14.1643186751393","13.8548777428141","13.5629084554922","13.2212239850854","12.9292165529337","13.425672170818","12.484898821444","12.2548767515611","12.0376030927752","11.8498354386347","11.7526106920211","11.4864765263751","11.2279359403066","11.047781094398","10.7612745998113","10.7191791238898","10.4720367314194","10.4205510296271","10.3602634932947","9.66114313162509","9.57408923627063","",
"Angola","AGO","Death rate, crude (per 1,000 people)","SP.DYN.CDRT.IN","27.055","28.075","27.871","27.648","27.37","27.087","26.761","26.362","25.951","25.518","24.956","24.318","23.68","23.163","22.73","22.973","22.899","22.492","22.167","21.878","21.611","21.387","21.178","21.881","21.716","21.572","21.427","22.993","22.42","22.217","22.055","20.535","21.67","21.448","20.334","18.7","18.445","18.184","18.925","18.518","18.08","17.606","17.071","15.559","14.958","14.31","13.757","12.98","12.302","11.702","11.078","10.546","10.043","9.578","9.179","8.809","8.476","8.192","7.928","7.701","7.628","7.619","7.097","6.925","6.84","",
"Albania","ALB","Death rate, crude (per 1,000 people)","SP.DYN.CDRT.IN","15.888","15.098","13.857","12.87","12.013","11.274","10.654","10.172","9.75","9.352","8.867","8.465","8.119","7.812","7.567","7.364","7.179","7.035","6.91","6.865","6.62","6.449","6.303","6.172","6.063","5.957","5.825","5.721","5.651","5.624","5.586","5.525","5.472","5.416","5.429","5.45","5.496","5.84","5.582","5.605","5.619","5.625","5.69","5.777","5.784","5.763","5.715","5.609","5.584","5.721","6.055","6.36","6.728","7.019","7.236","7.245","7.288","7.373","7.375","7.473","9.08","10.262","8.709","8.332","8.457","",
"Andorra","AND","Death rate, crude (per 1,000 people)","SP.DYN.CDRT.IN","7.066","6.586","6.186","5.889","5.625","5.417","5.227","5.045","4.855","4.708","4.565","4.449","4.331","4.227","4.14","4.062","3.979","3.93","3.894","3.891","3.925","4.006","4.077","4.158","4.28","4.452","4.595","4.793","4.995","5.273","5.256","5.154","5.046","5.242","5.48","5.334","5.467","5.707","5.91","6.059","6.228","6.293","6.486","6.368","6.287","6.076","5.836","5.865","5.875","5.979","6.266","5.952","5.996","5.926","5.812","5.673","5.412","5.436","5.48","5.56","8.285","6.983","5.948","6.076","6.139","",
"Arab World","ARB","Death rate, crude (per 1,000 people)","SP.DYN.CDRT.IN","21.3504783251473","20.7317481431904","20.4656271099511","19.7400201029682","19.2424222172646","18.7740890540633","18.3099036770788","17.8779054626081","17.4071145710427","16.9745540251482","16.544767254947","16.0796494030011","15.6405084854216","15.2581701733634","14.8125624511741","14.389337722573","14.1888237679447","13.312711116475","12.7992751719926","12.3005800015062","11.8964309070958","11.4932297123877","11.2415599076277","10.8571207215896","10.4325219584245","10.0406089699164","9.43124202558271","9.04953614675536","9.03114634434056","8.67443527897708","8.42465138546443","8.79272747920822","8.33895611792282","7.40011188688669","7.28813705662795","7.11330038640527","6.97632479140949","6.8452518220731","6.71321550607525","6.58509338916442","6.46117283219359","6.33999207742352","6.23623810860253","6.25136743006813","6.2671226451883","6.18231788831916","6.02956905700487","5.90976809563247","5.7919046841356","5.64947352731116","5.68661995464932","6.19255854640541","5.72895771797623","5.59650495446039","5.49346165918509","5.48082717395682","5.4088022918749","5.39805245312802","5.28924539210564","5.15505260686536","5.72358247086361","5.90470479510732","5.19978525681961","5.04104897342606","5.01811300404087","",
"United Arab Emirates","ARE","Death rate, crude (per 1,000 people)","SP.DYN.CDRT.IN","13.891","13.295","12.713","12.141","11.552","10.907","10.176","9.391","7.884","7.346","6.953","6.528","6.156","5.843","5.584","5.376","5.053","4.702","4.393","4.115","3.873","3.719","3.57","3.439","3.326","3.226","3.108","2.992","2.9","2.831","2.786","2.76","2.77","2.801","2.85","2.85","2.754","2.644","2.459","2.233","2.004","1.801","1.646","1.546","1.49","1.471","1.444","1.34","1.205","1.165","1.073","1.027","1.033","1.033","1.014","1.021","1.007","0.97","0.957","0.958","1.118","1.258","1.18","0.932","0.972","",
"Argentina","ARG","Death rate, crude (per 1,000 people)","SP.DYN.CDRT.IN","8.654","8.523","8.712","8.704","8.887","8.831","8.775","8.896","9.195","9.453","9.154","9.352","9.303","9.314","9.25","9.098","9.166","8.94","8.856","8.799","8.879","8.704","8.838","8.769","8.806","8.409","8.223","8.038","7.881","7.727","7.832","7.621","7.681","7.694","7.49","7.562","7.52","7.413","7.605","7.576","7.57","7.496","7.531","7.736","7.527","7.386","7.445","7.899","7.517","7.479","7.625","7.419","7.719","7.78","7.549","7.449","7.865","7.682","7.583","7.676","8.45","9.725","8.797","7.668","7.732","",
"Armenia","ARM","Death rate, crude (per 1,000 people)","SP.DYN.CDRT.IN","13.47","12.948","12.333","11.686","11.044","10.465","9.959","9.553","9.235","8.973","8.745","8.588","8.473","8.381","8.317","8.283","8.21","8.13","8.034","8.021","8.004","7.988","7.962","7.927","7.87","7.818","7.767","7.747","15.223","7.602","7.724","7.711","7.9","7.932","7.983","8.013","8.057","8.084","8.13","8.139","7.5","7.5","8","8.2","8.1","8.4","8.7","8.6","8.9","9","9.2","9.2","9.1","9","9.2","9.3","9.4","9.1","8.7","8.8","12.2","11.6","9","8.2","8.4","",
"American Samoa","ASM","Death rate, crude (per 1,000 people)","SP.DYN.CDRT.IN","6.687","6.376","6.193","6.096","6.062","6.056","9.891","5.999","5.912","5.792","5.657","5.487","5.32","5.18","5.075","4.984","4.935","4.893","4.871","4.831","4.731","4.627","4.553","4.501","4.469","4.427","4.408","4.409","4.446","4.484","4.502","4.466","4.419","4.428","4.41","4.397","4.385","4.373","4.385","4.396","4.421","4.46","4.491","4.619","4.502","4.553","4.628","4.72","4.771","5.432","4.827","4.923","5.055","5.188","5.39","5.574","5.75","5.846","6.011","6.191","6.35","6.583","6.815","7.021","7.293","",
"Antigua and Barbuda","ATG","Death rate, crude (per 1,000 people)","SP.DYN.CDRT.IN","9.155","8.858","8.596","8.326","8.031","7.672","7.311","6.976","6.674","6.407","6.212","6.134","6.116","6.133","6.16","6.206","6.266","6.309","6.323","6.37","6.403","6.474","6.56","6.672","6.807","6.929","7.041","7.176","7.322","7.496","7.597","7.625","7.643","7.562","7.408","7.253","7.039","6.837","6.635","6.447","6.254","6.148","6.164","6.256","6.333","6.343","6.263","6.157","6.008","5.888","5.767","5.664","5.692","5.786","5.954","6.069","6.142","6.228","6.312","6.448","6.605","6.806","6.771","6.893","7.028","",
"Australia","AUS","Death rate, crude (per 1,000 people)","SP.DYN.CDRT.IN","8.6","8.5","8.7","8.7","9","8.8","8.9","8.7","9.1","8.7","9","8.6","8.3","8.3","8.4","7.8","8","7.6","7.5","7.3","7.3","7.3","7.5","7.3","7.1","6.6","7.3","7.5","7.2","7.3","7","6.9","7.1","6.9","7.1","6.9","7","7","6.8","6.8","6.7","6.6","6.8","6.6","6.5","6.4","6.4","6.7","6.7","6.5","6.5","6.6","6.6","6.4","6.6","6.6","6.6","6.5","6.3","6.7","6.3","6.7","7.3","6.875","6.884","",
"Austria","AUT","Death rate, crude (per 1,000 people)","SP.DYN.CDRT.IN","12.7","12.1","12.7","12.8","12.3","13","12.5","12.9","12.9","13.3","13.2","13","12.6","12.2","12.4","12.7","12.6","12.2","12.5","12.2","12.2","12.2","12.1","12.3","11.7","11.8","11.5","11.2","11","10.9","10.8","10.8","10.6","10.4","10.2","10.2","10.2","10","9.8","9.8","9.6","9.3","9.4","9.5","9.1","9.1","9","9","9","9.3","9.2","9.1","9.4","9.4","9.2","9.6","9.2","9.5","9.5","9.4","10.3","10.3","10.3","9.8","9.6","",
"Azerbaijan","AZE","Death rate, crude (per 1,000 people)","SP.DYN.CDRT.IN","14.929","14.498","14.026","13.497","12.983","12.376","12.02","11.499","10.988","10.648","10.247","9.939","9.604","9.413","9.291","9.238","9.139","9.335","9.558","9.789","9.77","6.9","6.7","6.6","6.8","6.8","6.7","6.7","6.8","6.4","6.1","6.3","7.1","7.2","7.3","6.7","6.2","6","5.9","5.8","5.8","5.6","5.7","6","6","6.2","6.2","6.3","6","5.9","5.9","5.9","5.9","5.8","5.8","5.7","5.8","5.8","5.8","5.6","7.5","7.6","6","5.9","5.8","",
"Burundi","BDI","Death rate, crude (per 1,000 people)","SP.DYN.CDRT.IN","21.556","21.295","21.258","21.18","20.978","22.449","21.15","21.364","21.345","21.722","21.54","21.587","40.362","25.938","21.281","21.286","21.088","20.826","20.48","20.16","19.236","19.202","18.669","18.337","18.006","17.929","17.93","17.948","20.786","18.627","18.879","19.105","18.986","26.203","17.69","18.543","18.578","17.459","16.497","15.906","15.854","15.219","14.457","13.818","13.16","12.756","12.264","11.768","11.297","10.772","10.509","10.072","9.601","9.201","8.845","8.688","8.209","7.864","7.559","7.394","7.191","7.306","6.997","6.718","6.67","",
"Belgium","BEL","Death rate, crude (per 1,000 people)","SP.DYN.CDRT.IN","12.4","11.6","12.2","12.6","11.7","12.2","12.1","12","12.7","12.5","12.3","12.4","12.1","12.1","11.9","12.2","12.1","11.5","11.7","11.4","11.5","11.4","11.4","11.6","11.2","11.3","11.3","10.7","10.6","10.8","10.4","10.4","10.4","10.6","10.3","10.3","10.3","10.2","10.3","10.3","10.2","10.1","10.2","10.3","9.7","9.9","9.6","9.5","9.8","9.6","9.7","9.4","9.8","9.8","9.3","9.8","9.5","9.6","9.7","9.5","11","9.7","10","9.4","9.5","",
"Benin","BEN","Death rate, crude (per 1,000 people)","SP.DYN.CDRT.IN","28.056","27.654","27.278","26.843","26.41","25.919","25.561","25.018","24.535","24.081","23.613","23.208","22.681","22.17","21.718","21.212","20.708","20.206","19.794","19.437","19.14","18.844","18.515","18.167","17.697","17.242","16.712","16.231","15.674","15.288","14.84","14.486","13.988","13.444","13.445","13.117","12.817","12.518","12.321","12.121","11.89","11.761","11.583","11.403","11.224","10.967","10.853","10.661","10.654","10.516","10.405","10.331","10.259","10.092","9.99","9.898","9.783","9.62","9.477","9.335","9.17","9.349","8.948","8.797","8.71","",
"Burkina Faso","BFA","Death rate, crude (per 1,000 people)","SP.DYN.CDRT.IN","26.933","26.827","26.61","26.431","26.288","26.083","25.9","25.696","25.502","25.332","24.923","24.687","24.248","23.822","23.237","22.668","22.043","21.442","20.889","20.424","19.888","19.592","19.021","18.665","18.34","18.098","17.867","17.694","17.503","17.354","17.227","17.142","17.008","16.873","16.732","16.594","16.436","16.43","15.934","15.636","15.332","14.998","14.727","14.335","13.861","13.392","13.049","12.653","12.122","11.71","11.334","10.905","10.584","10.277","9.966","9.658","9.366","9.077","8.778","8.564","8.325","8.435","8.135","7.964","7.915","",
"Bangladesh","BGD","Death rate, crude (per 1,000 people)","SP.DYN.CDRT.IN","21.624","20.909","20.239","20.198","19.373","19.783","18.59","18.261","18.003","17.81","22.15","39.876","17.073","16.987","17.282","16.578","16.379","16.171","15.935","15.686","15.449","15.14","14.805","14.384","13.998","13.771","13.218","12.878","12.558","12.249","11.962","12.945","11.243","10.876","10.517","10.147","9.756","9.402","9.037","8.643","8.276","7.934","7.598","7.302","7.053","6.824","6.634","6.51","6.319","6.181","6.049","5.93","5.847","5.778","5.703","5.638","5.575","5.512","5.442","5.372","6.126","6.317","5.037","5.01","5.105","",
"Bulgaria","BGR","Death rate, crude (per 1,000 people)","SP.DYN.CDRT.IN","8.1","7.9","8.7","8.2","7.9","8.2","8.3","9","8.6","9.5","9.1","9.7","9.8","9.5","9.8","10.3","10.1","10.7","10.5","10.7","11.1","10.7","11.2","11.4","11.3","12","11.6","12","12","12","12.5","12.8","12.6","12.9","13.2","13.6","14","14.7","14.3","13.6","14.1","14","14.4","14.4","14.3","14.8","14.9","15","14.8","14.5","14.9","14.7","15","14.6","15.4","15.8","15.6","16.1","16.2","16.3","19","22.9","18.4","15.7","15.6","",
"Bahrain","BHR","Death rate, crude (per 1,000 people)","SP.DYN.CDRT.IN","16.281","15.119","13.994","12.922","11.92","10.999","10.131","9.321","8.637","7.943","7.335","6.725","6.209","5.743","5.357","5.022","4.73","4.472","4.249","4.042","3.866","3.721","3.618","3.533","3.461","3.409","3.36","3.31","3.268","3.227","3.175","3.108","3.05","3.014","2.96","2.904","2.846","2.796","2.748","2.701","2.646","2.528","2.434","2.37","2.313","2.258","2.203","2.151","2.103","2.058","2.077","2.061","2.022","1.984","2.065","2.084","1.983","1.987","2.035","2.104","2.586","2.804","2.094","2.089","2.21","",
"Bahamas, The","BHS","Death rate, crude (per 1,000 people)","SP.DYN.CDRT.IN","8.695","8.457","8.204","7.966","7.746","7.534","7.352","7.12","6.921","6.73","6.567","6.416","6.316","6.183","6.036","5.857","5.757","5.723","5.745","5.782","5.812","5.799","5.778","5.759","5.792","5.861","5.964","6.051","6.111","6.133","6.148","6.154","6.23","6.265","6.34","6.438","6.517","6.558","6.554","6.522","6.485","6.485","6.499","6.545","6.654","6.721","6.827","6.948","7.081","7.202","7.322","7.39","7.457","7.486","7.596","7.832","7.94","8.12","8.276","9.321","9.523","11.259","8.558","8.713","8.77","",
"Bosnia and Herzegovina","BIH","Death rate, crude (per 1,000 people)","SP.DYN.CDRT.IN","11.2","10.858","10.26","9.926","9.248","8.837","8.326","8.043","8.009","7.905","7.845","7.878","7.73","7.304","6.854","6.657","6.732","6.835","7.025","7.123","7.051","7.041","7.207","7.364","7.439","7.362","7.41","7.489","7.59","7.424","7.544","7.535","19.565","19.948","10.658","9.083","7.751","7.637","7.473","7.381","7.413","7.483","7.49","7.488","7.819","8.212","8.883","9.167","9.492","9.593","9.961","10.296","10.712","11.052","11.487","11.909","12.228","12.304","11.98","13.102","15.173","18.387","14.05","13.457","13.522","",
"Belarus","BLR","Death rate, crude (per 1,000 people)","SP.DYN.CDRT.IN","7.751","7.574","7.811","7.738","7.241","7.356","7.379","7.396","7.626","7.626","7.927","7.914","8.128","8.156","8.361","8.746","8.8","8.9","9.1","9.5","9.9","9.6","9.6","9.9","10.5","10.6","9.7","9.9","10.1","10.2","10.8","11.2","11.4","12.6","12.7","13.1","13.1","13.5","13.6","14.2","13.5","14.1","14.8","14.5","14.3","14.5","14.2","13.7","13.8","14.1","14.5","14.3","13.4","13.2","12.8","12.6","12.6","12.6","12.7","12.8","15.784","15.839","13.246","13.338","13.136","",
"Belize","BLZ","Death rate, crude (per 1,000 people)","SP.DYN.CDRT.IN","12.764","15.345","11.974","11.605","11.258","10.901","10.552","10.17","9.811","9.456","9.095","8.847","8.67","8.516","8.377","8.215","8.078","7.938","7.858","7.694","7.558","7.408","7.229","7.035","6.818","6.595","6.38","6.19","6.044","5.961","5.903","5.772","5.721","5.555","5.392","5.311","5.279","5.335","5.477","5.497","5.569","5.598","5.384","5.294","5.2","5.163","5.115","5.104","5.142","5.136","5.173","5.181","5.173","5.173","5.167","5.143","5.113","5.094","5.07","5.04","5.576","5.95","5.409","4.925","4.96","",
"Bermuda","BMU","Death rate, crude (per 1,000 people)","SP.DYN.CDRT.IN","8.619","8.034","7.795","7.874","7.914","7.851","7.748","7.727","7.767","7.78","7.762","7.593","7.399","7.186","7.096","7.109","7.215","7.26","7.304","7.274","7.33","7.345","7.412","7.46","7.515","7.652","7.798","7.894","7.897","7.828","7.717","7.579","7.563","7.516","7.372","7.175","7.015","6.936","6.785","6.593","6.436","6.43","6.521","6.746","6.904","7.134","7.36","7.506","7.572","7.604","7.576","7.674","7.811","7.967","8.159","8.389","8.62","8.691","8.689","8.705","8.755","8.762","8.772","8.858","9.004","",
"Bolivia","BOL","Death rate, crude (per 1,000 people)","SP.DYN.CDRT.IN","22.703","22.411","22.057","21.733","21.4","21.012","20.643","20.26","19.881","19.539","19.163","18.8","18.451","18.057","17.661","17.193","16.745","16.43","16.082","15.689","15.33","15.003","14.774","14.496","14.13","13.837","13.526","13.134","12.781","12.409","12.034","11.675","11.372","10.948","10.703","10.517","10.344","10.179","10.011","9.88","9.745","9.563","9.356","9.148","8.964","8.79","8.648","8.465","8.313","8.172","8.036","7.94","7.835","7.781","7.729","7.659","7.614","7.591","7.561","7.555","10.836","11.791","7.681","7.172","7.172","",
"Brazil","BRA","Death rate, crude (per 1,000 people)","SP.DYN.CDRT.IN","13.591","13.265","12.949","12.627","12.304","11.969","11.643","11.319","10.981","10.706","10.465","10.245","10.03","9.844","9.662","9.463","9.288","9.117","8.941","8.771","8.592","8.414","8.232","8.053","7.869","7.689","7.521","7.359","7.213","7.092","6.977","6.879","6.788","6.713","6.621","6.54","6.46","6.393","6.355","6.302","6.248","6.189","6.126","6.033","5.96","5.896","5.836","5.793","5.778","5.784","5.801","5.843","5.881","5.924","5.998","6.045","6.226","6.256","6.337","6.452","7.502","8.366","7.539","7.077","7.068","",
"Barbados","BRB","Death rate, crude (per 1,000 people)","SP.DYN.CDRT.IN","9.222","8.645","8.314","8.122","7.888","7.607","7.408","7.205","7.095","6.969","6.966","6.942","6.871","6.912","6.844","6.73","6.665","6.55","6.384","6.336","6.192","6.246","6.406","6.56","6.751","7.053","7.297","7.571","7.865","8.189","8.447","8.504","8.613","8.705","8.818","8.887","8.904","9.059","8.932","8.994","9.13","9.041","9.036","9.075","8.97","9.125","9.121","9.064","9.128","9.109","9.203","9.21","9.208","9.252","9.283","9.324","9.36","9.427","9.459","9.517","9.548","9.817","11.097","10.613","10.23","",
"Brunei Darussalam","BRN","Death rate, crude (per 1,000 people)","SP.DYN.CDRT.IN","11.37","10.657","10.506","9.409","8.908","8.545","8.104","7.769","7.432","7.139","6.928","6.503","6.124","5.865","5.626","5.398","5.203","5.034","4.882","4.747","4.625","4.526","4.431","4.345","4.284","4.216","4.143","4.09","4.037","3.979","3.928","3.875","3.812","3.746","3.687","3.625","3.579","3.538","3.502","3.482","3.472","3.472","3.487","3.511","3.555","3.61","3.676","3.752","3.775","3.803","3.825","3.843","3.908","4.018","4.135","4.256","4.381","4.509","4.641","4.779","4.922","5.238","6.559","5.23","5.335","",
"Bhutan","BTN","Death rate, crude (per 1,000 people)","SP.DYN.CDRT.IN","26.952","26.662","26.305","25.953","25.559","25.134","24.658","24.14","23.595","23.047","22.493","21.923","21.353","20.797","20.23","19.644","19.07","18.503","17.924","17.345","16.773","16.192","15.6","15.032","14.491","13.984","13.457","12.94","12.447","11.984","11.569","11.249","11.314","10.382","10.161","9.692","9.133","8.772","8.411","8.055","8.188","7.65","7.5","7.386","7.341","7.362","7.26","7.059","6.89","6.797","6.647","6.549","6.482","6.463","6.478","6.526","6.568","6.643","6.48","6.35","6.275","6.234","6.143","6.11","6.065","",
"Botswana","BWA","Death rate, crude (per 1,000 people)","SP.DYN.CDRT.IN","16.412","15.937","15.473","15.038","14.633","14.358","14.051","13.741","13.425","13.103","12.784","12.301","11.786","11.294","10.867","10.433","9.978","9.522","9.031","8.683","8.454","8.06","7.786","7.559","7.401","7.312","7.325","7.427","7.822","7.931","8.338","8.822","9.169","9.599","10.267","10.894","11.134","11.534","11.942","12.288","12.525","12.657","12.652","12.444","12.102","11.735","11.422","10.633","10.225","9.975","9.625","9.416","9.151","8.776","8.358","7.913","7.463","7.035","6.685","6.408","6.254","8.393","5.826","5.724","5.738","",
"Central African Republic","CAF","Death rate, crude (per 1,000 people)","SP.DYN.CDRT.IN","25.246","24.733","24.215","23.695","23.176","22.667","22.171","21.682","21.207","20.712","20.221","19.727","19.243","18.761","18.311","17.901","17.654","17.441","17.282","17.16","17.06","16.979","16.897","16.828","16.766","16.707","16.668","16.656","16.589","16.45","16.369","16.313","16.28","16.238","16.274","16.411","16.489","16.583","16.553","16.541","16.632","16.539","16.298","15.982","15.669","15.303","15.036","14.6","14.243","72.483","15.907","14.008","13.311","14.395","21.406","12.683","13.177","16.943","12.403","30.25","13.259","20.89","55.126","9.419","9.379","",
"Canada","CAN","Death rate, crude (per 1,000 people)","SP.DYN.CDRT.IN","7.8","7.7","7.7","7.8","7.5","7.6","7.5","7.4","7.4","7.3","7.3","7.3","7.4","7.4","7.4","7.3","7.2","7.1","7.1","7","7.1","7","7.1","7","7","7","7.2","7.2","7.3","7.3","7.3","7","6.9","7.1","7.1","7.2","7.2","7.2","7.2","7.2","7.1","7.1","7.1","7.2","7.1","7.2","7","7.2","7.2","7.1","7.1","7.1","7.1","7.2","7.3","7.4","7.4","7.6","7.7","7.6","8.1","8.2","8.7","8.2","7.9","",
"Central Europe and the Baltics","CEB","Death rate, crude (per 1,000 people)","SP.DYN.CDRT.IN","8.6321716202117","8.49500618092271","9.1148120804198","8.51122842093292","8.5057399011432","8.67903437986204","8.51306874034181","9.02137213739809","9.19753865651332","9.71148515267178","9.62541169199662","9.85595952187929","9.52753926747689","9.82208767485938","9.6654065743982","9.97306587769185","10.0735586821424","10.1723757677585","10.4360201444996","10.3748173095532","10.9398403798579","10.5512597084468","10.6022492179086","10.9492993881309","11.0292390705962","11.2973762849856","11.0427294581049","11.1044736409181","10.968745417021","11.0488326950756","11.1751433470436","11.4146375713028","11.4216329738049","11.4844267326696","11.4337373679571","11.4948485633807","11.5200571644401","11.4090142282431","11.2773899337906","11.2557640956203","11.0069233625195","11.0038623624526","11.1644498611445","11.3194437927004","11.1167788912576","11.3449858605434","11.2858738457596","11.3894110866263","11.3721251360797","11.434333580072","11.4294836462092","11.3167231657085","11.4967160842715","11.4251762203251","11.3937337693189","11.8724843346811","11.6538761640407","12.0201007634533","12.1770825548759","12.042112339602","13.8169779908689","15.5456100764775","13.2665575114509","12.0011240550322","11.9973690662055","",
"Switzerland","CHE","Death rate, crude (per 1,000 people)","SP.DYN.CDRT.IN","9.8","9.4","9.9","10","9.3","9.5","9.4","9.2","9.5","9.5","9.2","9.3","9","9","8.9","8.8","9.1","8.9","9.2","9.1","9.4","9.4","9.3","9.5","9.1","9.2","9.2","9.3","9","9.2","9.5","9.2","9.1","9","8.9","9","8.9","8.9","8.8","8.7","8.7","8.5","8.5","8.6","8.1","8.2","8.1","8.1","8","8.1","8","7.8","8","8","7.8","8.2","7.8","7.9","7.9","7.9","8.8","8.2","8.5","8.1","8","",
"Channel Islands","CHI","Death rate, crude (per 1,000 people)","SP.DYN.CDRT.IN","11.2","11.9","11.7","11.4","11.9","12.2","11.8","11.9","12.2","12.3","12.3","12.1","12.1","11.6","11.7","11.7","11.8","11.7","11.7","11.8","11.5","11.5","12.3","10.9","10.8","10.8","10.9","10.7","10.5","10.2","10.6","10.4","10.1","10.4","10.3","9.8","9.8","9.5","9.3","8.9","9.2","9.1","9","8.9","8.6","8.5","8.3","8.3","8.3","8.2","8.2","8.2","8.4","8.4","8.5","8.9","9.2","9.5","9.6","9.7","10.2","10.9","10.3","10.4","10.4","",
"Chile","CHL","Death rate, crude (per 1,000 people)","SP.DYN.CDRT.IN","10.968","10.913","10.64","10.363","10.128","9.805","9.364","9.064","8.788","8.508","8.415","8.244","7.96","7.666","7.406","7.032","6.758","6.538","6.421","6.16","6.005","5.979","5.884","5.762","5.707","5.645","5.549","5.459","5.408","5.334","5.247","5.18","5.177","5.167","5.166","5.154","5.186","5.189","5.089","5.036","5.011","4.969","5.013","5.161","5.14","5.238","5.377","5.494","5.617","5.687","5.76","5.888","6.092","6.058","6.119","6.106","6.086","6.037","6.196","6.46","7.393","7.655","7.573","6.495","6.58","",
"China","CHN","Death rate, crude (per 1,000 people)","SP.DYN.CDRT.IN","25.43","14.24","10.02","10.04","11.5","9.5","8.83","8.43","8.21","8.03","7.6","7.32","7.61","7.04","7.34","7.32","7.25","6.87","6.25","6.21","6.34","6.36","6.6","6.9","6.82","6.78","6.86","6.72","6.64","6.54","6.67","6.7","6.64","6.64","6.49","6.57","6.56","6.51","6.5","6.46","6.45","6.43","6.41","6.4","6.42","6.51","6.81","6.93","7.06","7.08","7.11","7.14","7.13","7.13","7.12","7.07","7.04","7.06","7.08","7.09","7.07","7.18","7.37","7.87","7.76","",
"Cote d'Ivoire","CIV","Death rate, crude (per 1,000 people)","SP.DYN.CDRT.IN","27.514","26.894","26.252","25.625","25.025","24.399","23.787","23.176","22.548","21.906","21.255","20.588","19.909","19.263","18.609","17.961","17.395","16.766","16.104","15.557","15.138","14.796","14.507","14.251","14.009","13.814","13.66","13.542","13.475","13.438","13.457","13.478","13.492","13.484","13.493","13.559","13.55","13.547","13.628","13.592","13.478","13.36","13.183","13.092","12.706","12.344","11.996","11.611","11.163","10.995","10.851","10.647","10.482","10.366","10.12","9.798","9.437","9.103","8.776","8.492","8.493","8.378","7.816","7.66","7.607","",
"Cameroon","CMR","Death rate, crude (per 1,000 people)","SP.DYN.CDRT.IN","28.697","28.207","22.081","21.707","21.293","20.868","20.401","19.897","19.393","18.893","18.407","18.009","17.646","17.376","17.213","17.083","17.002","16.916","16.745","16.571","16.238","15.976","15.711","15.148","14.723","14.293","14.153","13.719","13.542","13.432","13.383","13.427","13.425","13.458","13.566","13.589","13.588","13.557","13.532","13.424","13.275","13.071","12.849","12.645","12.445","12.238","11.978","11.703","11.435","11.174","10.86","10.52","10.105","9.758","9.477","9.2","8.908","8.65","8.431","8.163","8.107","8.258","7.673","7.151","7.032","",
"Congo, Dem. Rep.","COD","Death rate, crude (per 1,000 people)","SP.DYN.CDRT.IN","23.249","23.704","23.507","23.313","23.7","23.135","22.046","21.896","21.628","21.377","21.085","20.853","20.583","20.358","20.14","19.924","19.761","19.581","19.574","19.124","18.985","18.849","18.667","18.463","18.239","18.173","17.963","17.721","17.449","17.168","16.859","16.616","16.327","16.138","15.793","15.799","16.522","15.744","15.865","15.577","14.619","14.382","14.204","13.814","13.411","13.098","12.803","12.53","12.264","12.006","11.654","11.367","11.113","10.844","10.595","10.349","10.076","9.867","9.647","9.46","9.31","9.38","8.93","8.525","8.424","",
"Congo, Rep.","COG","Death rate, crude (per 1,000 people)","SP.DYN.CDRT.IN","17.86","17.303","16.799","16.321","15.89","15.472","15.102","14.861","14.407","14.086","13.798","13.523","13.275","13.007","12.773","12.553","12.33","12.077","11.871","11.631","11.389","11.167","10.98","10.791","10.577","10.519","10.476","10.469","10.494","10.568","10.667","10.806","10.951","11.153","11.385","11.476","11.608","15.461","12.979","11.923","11.257","11.151","10.905","10.451","10.027","9.616","9.246","8.964","8.655","8.367","8.23","7.952","7.767","7.572","7.347","7.166","7.026","6.881","6.758","7.344","6.798","6.897","6.571","6.288","6.241","",
"Colombia","COL","Death rate, crude (per 1,000 people)","SP.DYN.CDRT.IN","11.964","11.557","11.183","10.793","10.441","10.086","9.737","9.402","9.078","8.74","8.433","8.099","7.8","7.554","7.311","7.089","6.85","6.636","6.423","6.323","6.159","6.019","5.824","5.763","5.715","6.893","5.78","5.884","5.888","5.833","5.863","5.9","5.96","5.892","5.805","5.697","5.586","5.482","5.432","5.5","5.574","5.531","5.46","5.242","5.151","5.085","5.042","5.065","5.013","5.029","5.012","5.019","4.977","5.033","5.145","5.252","5.31","5.315","5.35","5.38","6.621","7.869","5.881","5.398","5.466","",
"Comoros","COM","Death rate, crude (per 1,000 people)","SP.DYN.CDRT.IN","24.677","24.387","24.089","23.766","23.402","23.119","22.695","22.203","21.721","21.237","20.756","20.264","19.807","19.397","19.015","19.533","18.353","17.996","17.636","17.333","16.917","16.475","16.086","15.794","15.313","14.946","14.564","14.254","13.837","13.546","13.104","12.758","12.478","12.155","11.819","11.535","11.296","11.149","11.06","10.705","10.606","10.24","10.125","9.834","9.623","9.456","9.293","9.186","8.985","8.865","8.706","8.596","8.471","8.323","8.198","8.063","7.943","7.828","7.733","7.644","7.662","7.932","7.3","7.196","7.123","",
"Cabo Verde","CPV","Death rate, crude (per 1,000 people)","SP.DYN.CDRT.IN","18.891","18.129","17.368","16.639","15.926","15.253","14.666","14.169","13.756","13.429","13.212","13.07","12.945","12.776","12.613","12.376","12.133","11.76","11.474","11.214","10.949","10.782","10.632","10.463","10.385","10.109","9.903","9.67","9.43","9.185","8.918","8.728","8.536","8.34","8.142","8.463","7.575","7.276","6.972","6.657","6.35","6.102","5.836","5.657","5.533","5.425","5.351","5.349","5.27","5.247","5.224","5.182","5.129","5.165","5.154","5.136","5.15","5.115","5.162","5.004","5.886","5.648","5.004","5.059","5.096","",
"Costa Rica","CRI","Death rate, crude (per 1,000 people)","SP.DYN.CDRT.IN","8.663","8.413","8.175","8.031","7.848","7.622","7.349","7.048","6.822","6.507","6.274","5.986","5.724","5.452","5.208","4.948","4.742","4.586","4.452","4.325","4.195","4.107","4.017","3.94","3.881","3.875","3.859","3.81","3.751","3.701","3.676","3.684","3.696","3.779","3.837","3.859","3.926","3.934","3.914","3.926","3.916","3.893","3.862","3.862","3.858","3.844","3.892","3.992","4.083","4.134","4.256","4.287","4.304","4.332","4.452","4.518","4.822","4.964","5.056","5.124","5.573","6.567","6.106","5.457","5.566","",
"Caribbean small states","CSS","Death rate, crude (per 1,000 people)","SP.DYN.CDRT.IN","10.5175731550203","10.3569007974729","9.96116875746905","9.71030281188354","9.43752334921955","9.22309853794312","9.04221919718356","8.88355479033722","8.74492166874363","8.64068854111276","8.57697152988685","8.46811222495363","8.36638067790321","8.26608997600018","8.16529807546126","8.07757494572187","7.98000700519656","7.92913520180141","7.91516233044816","7.88614699805113","7.88513365706732","7.84779321903663","7.82255567555663","7.81152074557451","7.69755890873105","7.64005164151964","7.60758656636338","7.55279763319649","7.49033736995615","7.44021284753587","7.4292591040258","7.36634966018764","7.33138793203226","7.29688545378024","7.29624774178053","7.30412437811469","7.32379062197064","7.33580240584845","7.28742302998207","7.2797764099878","7.30391742237368","7.29704198704468","7.28929371607815","7.32589749641446","7.33328828209987","7.30219701699087","7.25951719438272","7.19431846942622","7.19740510830877","7.21676559279597","7.25826053264356","7.28487735613494","7.34328323556296","7.3887330075379","7.38861741551356","7.48082882932165","7.53200742744222","7.63948845845529","7.69129888208205","7.88444768827589","8.26785744607564","9.84973073721074","7.97362341421872","7.93817289261011","8.09057037558437","",
"Cuba","CUB","Death rate, crude (per 1,000 people)","SP.DYN.CDRT.IN","8.913","8.786","8.573","8.647","8.251","8.087","7.87","7.655","7.458","7.286","7.029","6.82","6.674","6.593","6.47","6.355","6.27","6.215","6.188","6.251","6.314","6.377","6.256","6.303","6.434","6.581","6.647","6.733","6.789","6.942","6.982","7.17","7.255","7.38","7.353","7.373","7.334","7.262","7.214","7.237","7.354","7.28","7.326","7.103","7.324","7.364","7.701","7.84","8.002","8.212","8.151","8.165","8.245","8.516","8.884","9.123","9.44","9.91","9.866","10.047","10.403","15.253","10.286","10.147","10.375","",
"Curacao","CUW","Death rate, crude (per 1,000 people)","SP.DYN.CDRT.IN","8","7.79","7.643","7.497","7.36","7.236","7.111","6.997","6.885","6.784","6.669","6.568","6.47","6.426","6.393","6.373","6.356","6.357","6.364","6.355","6.367","6.387","6.415","6.472","6.512","6.566","6.628","6.678","6.758","6.891","6.899","6.977","7.043","7.147","7.232","7.345","7.44","7.549","7.697","7.836","7.989","8.121","8.136","8.188","8.258","8.357","8","7.9","8.6","7.9","8.4","8.5","8.2","8.1","8.8","8.8","9.3","8.9","8.8","8.8","9.3","11","10.3","9.8","10.1","",
"Cayman Islands","CYM","Death rate, crude (per 1,000 people)","SP.DYN.CDRT.IN","14.457","13.872","13.327","12.73","12.154","11.608","11.209","11.05","10.967","10.833","10.895","10.157","9.969","9.284","8.794","8.456","8.217","8.029","7.942","7.872","7.768","7.457","7.138","6.883","6.709","6.541","6.425","6.356","6.351","6.375","6.329","6.168","6.01","5.879","5.766","5.669","5.616","5.576","5.552","5.555","5.552","5.481","5.45","5.45","5.47","5.406","5.389","5.374","5.329","5.272","5.169","5.04","4.872","4.731","4.73","4.722","4.723","4.735","4.767","4.809","4.873","4.984","4.82","4.801","4.863","",
"Cyprus","CYP","Death rate, crude (per 1,000 people)","SP.DYN.CDRT.IN","10.381","10.179","9.774","11.24","11.087","9.4","9.399","9.4","9.483","9.581","9.623","9.817","10.046","10.15","17.414","9.159","8.937","8.735","8.564","8.449","8.203","8.236","8.135","8.116","7.963","7.588","7.47","7.344","7.374","7.183","7.179","7.175","7.277","7.347","7.294","7.166","6.999","6.887","6.889","6.743","6.616","6.539","6.287","6.265","6.289","6.253","6.175","6.055","6.095","5.923","5.883","5.874","5.838","5.861","5.988","6.043","6.135","6.309","6.382","6.6","6.668","7.209","7.693","7.063","7.016","",
"Czechia","CZE","Death rate, crude (per 1,000 people)","SP.DYN.CDRT.IN","9.8","9.9","10.8","10.4","10.5","10.7","10.8","11.1","11.7","12.2","12.5","12.5","12.1","12.5","12.7","12.4","12.4","12.4","12.4","12.4","13.2","12.7","12.7","13","12.8","12.7","12.8","12.3","12.1","12.3","12.5","12.1","11.7","11.4","11.4","11.4","10.9","10.9","10.6","10.7","10.6","10.5","10.6","10.9","10.5","10.6","10.2","10.2","10.1","10.3","10.2","10.2","10.3","10.4","10","10.5","10.2","10.5","10.6","10.5","12.1","13.3","11.3","10.4","10.3","",
"Germany","DEU","Death rate, crude (per 1,000 people)","SP.DYN.CDRT.IN","12","11.6","11.9","12","11.6","12","11.9","11.9","12.6","12.7","12.5","12.3","12.3","12.2","12.1","12.6","12.3","11.9","12.2","12.1","12.2","12.2","12","12","11.8","12","11.9","11.6","11.5","11.5","11.6","11.4","11","11.1","10.9","10.8","10.8","10.5","10.4","10.3","10.2","10.1","10.2","10.3","9.9","10.1","10","10.1","10.3","10.4","10.5","10.6","10.8","11.1","10.7","11.3","11.1","11.3","11.5","11.3","11.9","12.3","12.8","12.3","12.1","",
"Djibouti","DJI","Death rate, crude (per 1,000 people)","SP.DYN.CDRT.IN","20.175","19.936","19.698","19.435","19.162","18.882","18.641","18.323","18.019","17.538","17.222","17.316","16.443","16.007","15.603","15.199","14.818","14.485","14.217","14.004","13.794","13.659","13.341","13.042","12.718","12.428","12.109","11.872","11.704","11.391","11.189","11.575","12.762","11.393","11.684","11.17","11.024","10.946","10.814","10.76","10.692","10.307","10.171","10.133","10.108","9.88","9.641","9.449","9.233","8.997","8.85","8.612","8.484","8.359","8.28","8.162","8.007","7.921","7.83","7.797","8.033","8.327","7.544","7.456","7.487","",
"Dominica","DMA","Death rate, crude (per 1,000 people)","SP.DYN.CDRT.IN","13.269","12.552","11.87","11.325","10.851","10.421","10.065","9.797","9.529","9.294","9.076","8.715","8.272","7.904","7.637","7.409","7.29","7.243","7.195","7.718","7.201","7.276","7.331","7.357","7.54","7.699","8.001","8.354","8.785","9.212","9.615","9.971","10.004","9.869","9.727","9.659","9.578","9.551","9.561","9.634","9.729","9.876","9.914","9.956","10.003","10.088","10.252","10.486","10.717","11.064","11.51","11.963","11.447","11.718","10.027","10.873","10.374","13.626","12.517","12.611","12.706","14.31","12.908","12.763","12.623","",
"Denmark","DNK","Death rate, crude (per 1,000 people)","SP.DYN.CDRT.IN","9.5","9.4","9.8","9.8","9.9","10.1","10.3","9.9","9.7","9.8","9.8","9.8","10.1","10.1","10.2","10.1","10.6","9.9","10.4","10.7","10.9","11","10.8","11.2","11.2","11.4","11.3","11.3","11.5","11.6","11.9","11.6","11.8","12.1","11.7","12.1","11.6","11.3","11","11.1","10.9","10.9","10.9","10.7","10.3","10.1","10.2","10.2","9.9","9.9","9.8","9.4","9.4","9.3","9.1","9.2","9.2","9.2","9.5","9.3","9.4","9.8","10.1","9.8","9.5","",
"Dominican Republic","DOM","Death rate, crude (per 1,000 people)","SP.DYN.CDRT.IN","16.115","15.49","14.857","14.342","13.626","14.099","12.553","12.01","11.494","11.015","10.576","10.159","9.78","9.427","9.087","8.775","8.49","8.229","7.996","8.063","7.612","7.429","7.243","7.082","6.89","6.699","6.542","6.404","6.287","6.181","6.062","5.94","5.836","5.752","5.681","5.636","5.605","5.559","5.575","5.54","5.557","5.552","5.549","5.558","5.663","5.618","5.682","5.747","5.755","5.749","5.663","5.573","5.543","5.549","5.599","5.755","5.876","5.8","5.857","6.132","6.474","6.986","5.899","6.25","6.249","",
"Algeria","DZA","Death rate, crude (per 1,000 people)","SP.DYN.CDRT.IN","23.576","23.59","24.88","22.385","22.609","22.812","22.66","22.444","22.205","21.915","21.533","21.043","20.448","19.786","19.05","18.061","17.355","16.547","15.478","14.23","12.865","11.205","10.006","9.111","8.339","7.602","7.003","6.541","6.17","5.902","5.799","5.751","5.739","5.727","5.974","5.835","5.694","5.52","5.431","5.205","5.109","5.022","4.88","4.874","4.744","4.731","4.724","4.733","4.72","4.705","4.678","4.658","4.654","4.641","4.646","4.645","4.647","4.66","4.667","4.681","5.988","4.96","4.602","4.641","4.618","",
"East Asia & Pacific (excluding high income)","EAP","Death rate, crude (per 1,000 people)","SP.DYN.CDRT.IN","22.905536827807","14.4827650821973","11.303122526902","11.2605851637146","12.2253946065455","11.2038028442129","10.2271800213835","9.70786239796563","9.5476324125104","9.27618909372888","8.90991837704285","8.60727484126607","8.83343016392378","8.27271327546189","8.44277859713134","8.58033106241936","8.43689411165492","8.06752662634086","7.54168683038264","7.1631311493373","7.19483201414425","7.16697651217052","7.28248270740733","7.43988768122769","7.32661917432064","7.23861474059757","7.24599798234411","7.0946634804552","6.99911768615454","6.88384671229595","6.94369728982449","6.93528515551443","6.8487443320961","6.80924080935371","6.69200942791784","6.783567240599","6.75898191024391","6.70028310425374","6.67888181366991","6.64958207987427","6.62746581767446","6.60664329316729","6.58346972553945","6.53568788669818","6.65001483910575","6.61938205190911","6.83802287969196","6.91461022614635","7.07567357764936","7.01830091946506","7.04161590768694","7.0570968604646","7.04865056059238","7.05033408282492","7.04588589843085","7.01777567209406","7.00741982873175","7.02271649175657","7.06047592688486","7.08774437953649","7.23128530519464","7.66394492947367","7.37220869363779","7.69140460150208","7.64901907544927","",
"Early-demographic dividend","EAR","Death rate, crude (per 1,000 people)","SP.DYN.CDRT.IN","18.8093571969007","18.4588697653207","18.1287745848641","17.7798048655432","17.4141511272873","18.0908245229975","17.3740086813543","16.8723282255047","16.1363276371651","15.842035415289","15.8846177220054","16.6654541308138","15.0612362364838","14.778999371004","14.4949603925503","14.4353085898297","14.0871573128871","13.7203327791325","13.3835381127971","12.7776670360406","12.4687069844516","12.177041869316","11.9019654446508","11.7247789933759","11.4181944546142","11.1157973792306","10.8404827165914","10.4337591859858","10.203438400632","9.9589034150317","9.7779344182822","9.60455483948526","9.33688566731643","9.1509281351841","9.38853224784912","8.80729817860952","8.63947635260411","8.48344813502435","8.34532509800733","8.21477022258397","8.0496729255085","7.93786729301413","7.79294196539948","7.69503911250932","7.63077799618197","7.47864887862252","7.35120813146319","7.25008509029951","7.198009889789","7.02985865522223","6.95631192266088","6.82641179195621","6.75045558833195","6.67910840499969","6.60512911526787","6.565776513756","6.53052228786174","6.49011582390743","6.47431766838799","6.45731181271963","7.15369194022222","8.34886019740056","6.44398260049447","6.39893019584349","6.38923609436226","",
"East Asia & Pacific","EAS","Death rate, crude (per 1,000 people)","SP.DYN.CDRT.IN","20.8809021675745","13.5993605872988","10.8713658687215","10.7882478446393","11.6015113456041","10.7310629923521","9.8771842577266","9.35416122841177","9.22315907650997","8.97419028408267","8.6622618333274","8.35110784508091","8.51594106850104","8.07535339560489","8.20292662574568","8.31220415099895","8.18339937364358","7.82992141357636","7.36967155009649","7.0220901887021","7.08706233920453","7.0252284480791","7.12283996329245","7.28101197297174","7.16530627565078","7.09323618404492","7.09821282280002","6.97153913242721","6.90279171808527","6.79648593576514","6.8674676553562","6.85760475058379","6.79511527592713","6.76591107658694","6.66876380911301","6.76754893004958","6.73174284693569","6.68550553699715","6.67499191227608","6.67132404025201","6.64070892860743","6.61861500393894","6.60639164043453","6.57602942021814","6.68960849386004","6.68668671408842","6.87596374162501","6.96114358577472","7.1230768819968","7.06803500412405","7.11441086278106","7.15466461683349","7.15629440212304","7.15999055748426","7.16110940124922","7.14822462202852","7.15434639140188","7.18435134428408","7.23033863142703","7.26817662986159","7.38936020164019","7.82629403537403","7.67570200226682","7.94522342586948","7.91952089368012","",
"Europe & Central Asia (excluding high income)","ECA","Death rate, crude (per 1,000 people)","SP.DYN.CDRT.IN","12.248622426848","11.93771477367","11.7469846014319","11.4939689124026","11.2345802507649","11.0331550151774","10.8558927177205","10.7267460197226","10.6482659226095","10.5821945121522","10.5135538217089","10.4051333068852","10.2937184026722","10.2057698005178","10.135526343205","10.1170689747939","10.0755924496958","10.0277477159938","9.9929748691442","9.99957867523113","10.0029406179045","9.78842688808208","9.65425962900289","9.5808157182985","9.55205691459906","9.38302719350057","9.16922794832061","9.01980450966213","9.11013392421368","8.91043080408435","8.96901914544512","9.12281054089137","9.6435953989967","9.84668565842242","9.76693326820041","9.78197297530171","9.68536838494626","9.5517265649144","9.46086755792625","9.56727317537509","9.40321924097148","9.37374171099626","9.42789824926204","9.42474160591876","9.46132384558944","9.49472887688754","9.44023073605668","9.40098042314506","9.28318644361969","8.84607729249764","8.63941707056526","8.52945224812023","8.36550926726951","8.19933729066958","8.16362124693625","8.02223995686099","7.92019505962365","7.82002665736161","7.88527960709688","7.88800496309235","9.0357798644776","9.91548788818823","8.21752409459806","7.97758743438799","7.84378421447003","",
"Europe & Central Asia","ECS","Death rate, crude (per 1,000 people)","SP.DYN.CDRT.IN","10.1270523320208","9.99638087126085","10.1903699144957","10.0637387673162","9.79182849458644","9.9388982097947","9.86256291121008","9.90843989452571","10.1227474229818","10.3158607592063","10.201671149099","10.2081968284497","10.1587532618746","10.2116789260053","10.170861537614","10.3368769122727","10.358888612121","10.2743367069828","10.3753283091824","10.4054321187968","10.5258072610496","10.3928351037232","10.2706859963048","10.4344950547799","10.4194489592446","10.4591003930602","10.1612073238142","10.0615143263488","10.1073686077533","10.0686730662469","10.1981566153871","10.2861636016046","10.4736578532909","10.9962835629616","11.0706536959981","10.9967976097512","10.8170550237745","10.6518378930685","10.5756048554659","10.7759489349751","10.7275602818002","10.7056116874719","10.8600517397273","10.9718725892783","10.6221455863608","10.7452993580312","10.4604850134046","10.4001065713061","10.3838647067916","10.1831729736883","10.1302609525398","9.95638221389702","10.020748861258","9.91160720399705","9.82714554293551","10.0710549340618","9.90701129239913","9.94185097303207","9.99591645334227","9.88733635710868","11.2383131900699","11.8909878686257","10.6541284620143","10.1173849818438","10.0736070836337","",
"Ecuador","ECU","Death rate, crude (per 1,000 people)","SP.DYN.CDRT.IN","15.312","14.836","14.385","13.933","13.493","13.092","12.741","12.411","12.077","11.809","11.41","11.053","10.709","10.356","10.066","9.78","9.517","9.161","8.841","8.537","8.24","7.951","7.682","7.46","7.185","6.953","6.696","6.47","6.277","5.98","5.776","5.626","5.524","5.372","5.161","5.073","4.993","4.997","5.077","5.158","5.168","5.052","4.908","4.817","4.813","4.879","4.923","4.918","4.807","4.83","4.814","4.935","4.901","4.846","4.815","4.869","5.005","5.066","4.648","4.753","7.474","7.108","5.363","5.128","5.207","",
"Egypt, Arab Rep.","EGY","Death rate, crude (per 1,000 people)","SP.DYN.CDRT.IN","21.982","21.276","20.605","20.001","19.44","18.91","18.509","18.303","17.954","17.821","17.59","17.279","16.993","16.796","16.218","15.796","15.354","14.847","14.33","13.805","13.263","12.709","12.196","11.718","11.232","10.758","10.303","9.874","9.483","9.1","8.702","8.363","8.03","7.707","7.424","7.15","6.918","6.732","6.575","6.436","6.319","6.235","6.175","6.131","6.101","6.09","6.086","6.092","6.095","6.088","6.076","6.049","5.999","5.966","5.879","5.818","5.707","5.628","5.533","5.477","6.407","7.036","5.675","5.461","5.506","",
"Euro area","EMU","Death rate, crude (per 1,000 people)","SP.DYN.CDRT.IN","10.4191500820182","10.1752969527791","10.5181472755921","10.5282872408604","10.2086144489972","10.4390735807117","10.3083474194422","10.3612904830669","10.6522106816823","10.8418795145398","10.5796299767321","10.6097301132348","10.4754351199056","10.5256331603125","10.413785161928","10.6029574401217","10.4984911047608","10.2801866635438","10.3254585812082","10.2188480119087","10.3192003589102","10.265743154894","10.1111392026631","10.3195005392325","10.110933238594","10.26737735669","10.1353873949887","9.99269180437504","9.98700642373471","9.98972045229726","10.0849820663916","10.0761152659676","9.91673515203748","10.0433305136881","9.91890427975954","9.95398820269575","9.94104733382822","9.86209229209013","9.91611591759791","9.85975404725466","9.73341787206648","9.60899878108045","9.68970265091755","9.889792629905","9.36955203180955","9.57897607520969","9.38225338944199","9.45613372030348","9.54573649027909","9.53719730467826","9.5470575338085","9.54288025877578","9.82375214087467","9.79081304651108","9.64022338909552","10.2249631339517","10.0008619867418","10.2781055081602","10.2979021084493","10.1898923579851","11.2947440156038","11.3275975678951","11.3554431735984","10.7078140406422","10.5554302998671","",
"Eritrea","ERI","Death rate, crude (per 1,000 people)","SP.DYN.CDRT.IN","25.7","25.323","24.982","24.564","24.254","23.902","25.754","23.303","22.985","22.66","22.299","21.927","22.584","22.148","23.989","23.833","20.609","20.284","19.944","19.612","19.005","18.742","18.761","25.702","25.078","24.16","23.305","16.838","16.393","16.581","15.323","15.99","13.705","13.009","12.735","11.741","12.007","11.502","14.533","18.033","11.145","9.892","9.736","9.313","9.233","8.964","8.633","8.317","8.077","7.825","7.615","7.417","7.248","7.124","6.989","6.828","6.729","6.604","6.484","6.413","6.582","6.612","6.319","6.047","5.995","",
"Spain","ESP","Death rate, crude (per 1,000 people)","SP.DYN.CDRT.IN","8.6","8.3","8.7","8.8","8.4","8.4","8.4","8.4","8.4","8.9","8.3","8.8","8.1","8.5","8.3","8.3","8.3","8.1","8.1","7.8","7.7","7.8","7.5","7.9","7.8","8.1","8","8","8.2","8.4","8.6","8.7","8.5","8.6","8.6","8.7","8.8","8.7","9","9.2","8.9","8.8","8.8","9.1","8.6","8.8","8.3","8.5","8.4","8.3","8.2","8.3","8.6","8.3","8.5","9.1","8.8","9.1","9.1","8.8","10.4","9.5","9.7","9","8.9","",
"Estonia","EST","Death rate, crude (per 1,000 people)","SP.DYN.CDRT.IN","10.5","10.6","10.9","10.5","10","10.4","10.5","10.4","10.7","11.3","11.2","10.9","11.1","11.1","10.9","11.6","12.1","11.8","12.2","12.3","12.3","12.3","11.9","12.1","12.6","12.7","11.7","11.8","11.9","11.8","12.4","12.6","13.1","14.2","15.2","14.5","13.4","13.3","14","13.4","13.2","13.3","13.3","13.2","13","12.8","12.9","13","12.5","12.1","11.9","11.5","11.7","11.6","11.8","11.6","11.7","11.8","11.9","11.6","11.9","14","12.8","11.7","11.5","",
"Ethiopia","ETH","Death rate, crude (per 1,000 people)","SP.DYN.CDRT.IN","23.934","23.548","23.363","23.079","22.907","22.85","24.81","22.457","22.374","22.359","22.393","22.344","23.416","23.352","25.262","25.367","23.069","23.219","23.025","22.458","22.171","21.471","21.368","28.219","27.614","26.536","25.905","19.225","19.37","19.39","19.71","18.48","18.116","17.762","17.473","17.176","16.662","16.185","15.658","15.632","14.681","14.222","13.697","13.114","12.519","12.074","11.427","10.732","10.067","9.505","8.98","8.534","8.118","7.78","7.461","7.206","6.999","6.786","6.631","6.481","6.403","6.638","6.093","5.96","5.879","",
"European Union","EUU","Death rate, crude (per 1,000 people)","SP.DYN.CDRT.IN","10.0538374408414","9.84440514661334","10.2317482686179","10.1217375536863","9.87499885031155","10.0917396571797","9.95358943911863","10.093782731158","10.3585752985176","10.5978828069612","10.3740924133801","10.4535118704452","10.256033607602","10.3847132528021","10.2565421339281","10.461422472729","10.4202595522781","10.2466138202709","10.3479950446405","10.2529633934012","10.4583787213773","10.3297429295337","10.2113616557927","10.4427496239202","10.3033448042637","10.4940613293075","10.3518162765309","10.2460953338314","10.2181036273373","10.2275127540137","10.3225913204952","10.3520434725009","10.2363510757452","10.3296986617042","10.1952799389744","10.2422935502577","10.2454528832394","10.135974163067","10.1388376985285","10.1167981946494","9.94451925601886","9.84300762358932","9.93656191250677","10.1160923378066","9.65602144111416","9.84796514105644","9.67431803397868","9.74437382975888","9.8172253244259","9.83182241746209","9.82428101645122","9.79738992869638","10.0526176339888","10.010766268898","9.86672498293199","10.4158645474974","10.197548670084","10.4801521108725","10.5325165061584","10.4097628589144","11.6185096639856","11.8861285696524","11.5383701858918","10.8266698036587","10.6970605567948","",
"Finland","FIN","Death rate, crude (per 1,000 people)","SP.DYN.CDRT.IN","9","9.1","9.5","9.3","9.3","9.7","9.5","9.5","9.7","9.9","9.6","9.9","9.5","9.3","9.5","9.3","9.5","9.3","9.2","9.2","9.3","9.3","9","9.3","9.2","9.8","9.6","9.7","9.9","9.9","10","9.8","9.9","10.1","9.4","9.6","9.6","9.6","9.6","9.6","9.5","9.4","9.5","9.4","9.1","9.1","9.1","9.3","9.2","9.3","9.5","9.4","9.6","9.5","9.6","9.6","9.8","9.8","9.9","9.8","10","10.4","11.4","11","10.4","",
"Fiji","FJI","Death rate, crude (per 1,000 people)","SP.DYN.CDRT.IN","10.778","10.281","9.813","9.368","8.905","8.406","8.2","8.163","7.932","7.995","7.808","7.714","7.719","8.16","7.885","7.697","7.564","7.324","7.187","7.558","7.521","7.609","7.647","7.304","7.164","6.824","6.861","6.815","6.538","6.384","6.572","6.433","6.499","6.499","6.426","6.395","6.368","6.372","6.382","6.416","6.818","6.946","7.478","7.496","7.515","7.567","7.616","7.734","7.796","7.915","7.799","7.897","8.777","8.43","8.562","8.791","8.792","8.695","8.939","9.092","9.286","11.157","9.299","9.255","9.511","",
"France","FRA","Death rate, crude (per 1,000 people)","SP.DYN.CDRT.IN","11.4","11.3","11.2","11.1","11.1","11.1","11","11","10.9","10.9","10.8","10.8","10.7","10.6","10.5","10.4","10.4","10.3","10.2","10.2","10.2","10.1","10","10","9.9","9.8","9.7","9.6","9.5","9.4","9.3","9.2","9.2","9.2","9.1","9.1","9.1","9.1","9.1","9.1","8.9","8.8","8.8","9.1","8.3","8.5","8.3","8.3","8.5","8.5","8.5","8.4","8.7","8.7","8.4","8.9","8.9","9.1","9.1","9.1","9.9","9.8","9.9","9.4","9.4","",
"Faroe Islands","FRO","Death rate, crude (per 1,000 people)","SP.DYN.CDRT.IN","7.786","7.547","7.383","7.263","7.183","7.128","7.093","7.083","7.057","7.053","7.4","8","6.9","7.7","7.6","6.9","7","6.5","7.1","6.3","7.1","6.7","7.1","8.1","7.8","7.471","8.007","7.99","8.978","7.845","7.549","8.419","8.517","8.37","7.964","8.395","9.074","8.571","8.474","8.901","7.762","7.737","8.289","8.456","7.88","8.65","8.653","7.891","7.905","7.951","7.223","7.97","8.482","7.572","8.148","7.759","7.666","8.938","7.748","7.974","6.996","8.087","9.058","7.639","8.203","",
"Micronesia, Fed. Sts.","FSM","Death rate, crude (per 1,000 people)","SP.DYN.CDRT.IN","13.338","12.943","12.483","12.092","11.633","11.245","10.872","10.522","10.186","9.882","9.6","9.367","9.094","8.859","8.616","8.426","8.236","8.068","7.899","7.781","7.678","7.57","7.481","7.391","7.294","7.194","7.09","7.025","6.89","6.769","6.677","6.573","6.484","6.77","7.115","7.389","7.28","7.155","7.012","6.868","6.888","6.702","7.169","6.791","6.875","6.947","7.04","7.108","7.156","7.188","7.161","7.206","7.249","7.31","7.372","7.482","7.488","7.531","7.582","7.6","7.97","7.916","7.613","7.64","7.712","",
"Gabon","GAB","Death rate, crude (per 1,000 people)","SP.DYN.CDRT.IN","20.717","20.385","20.051","19.707","19.399","18.994","18.655","18.305","17.944","17.562","17.215","16.878","16.548","16.212","15.843","15.493","15.151","14.825","14.499","14.163","13.847","13.541","13.305","13.03","12.746","12.45","12.184","11.948","11.733","11.512","11.308","11.107","10.927","10.756","10.602","10.431","10.318","10.161","10.027","9.882","9.746","9.602","9.452","9.262","9.102","8.926","8.755","8.556","8.35","8.171","7.994","7.802","7.615","7.44","7.272","7.138","7.024","6.918","6.817","6.693","6.831","6.802","6.519","6.269","6.226","",
"United Kingdom","GBR","Death rate, crude (per 1,000 people)","SP.DYN.CDRT.IN","11.5","12","11.9","12.2","11.3","11.6","11.8","11.2","11.9","11.9","11.8","11.5","12","11.9","11.9","11.8","12.1","11.7","11.9","12","11.7","11.7","11.8","11.7","11.4","11.9","11.7","11.3","11.4","11.5","11.2","11.3","11","11.4","10.8","11.1","10.9","10.8","10.8","10.8","10.3","10.2","10.2","10.2","9.7","9.6","9.4","9.4","9.4","9","8.9","8.7","8.9","9","8.8","9.2","9.1","9.2","9.2","9.019","10.268","9.784","9.512","9.518","9.701","",
"Georgia","GEO","Death rate, crude (per 1,000 people)","SP.DYN.CDRT.IN","12.467","12.18","11.884","11.575","11.258","10.98","10.723","10.598","10.462","10.361","10.315","10.323","10.226","10.121","10.028","9.953","9.848","9.763","9.695","9.649","9.632","9.413","9.311","9.495","9.952","9.921","9.859","9.87","10.216","10.32","10.405","10.876","11.208","11.335","10.795","10.288","9.579","10.64","10.825","11.022","11.304","11.39","11.646","11.504","12.254","12.152","12.353","12.671","12.625","12.738","12.865","12.594","12.554","12.336","12.571","12.503","12.774","12.654","12.078","12.081","12.963","15.342","12.211","11.839","11.836","",
"Ghana","GHA","Death rate, crude (per 1,000 people)","SP.DYN.CDRT.IN","19.182","18.942","19.159","19.232","19.203","19.184","19.123","19.077","19.014","18.896","18.779","18.47","17.76","17.267","16.812","16.328","15.877","15.464","15.284","15.144","15.085","14.656","14.386","14.198","14.061","13.675","13.28","12.882","12.456","12.067","11.748","11.51","11.266","11.084","11.036","10.763","10.557","10.389","10.248","10.11","9.991","9.866","9.722","9.58","9.436","9.314","9.161","9.015","8.884","8.741","8.604","8.485","8.333","8.169","7.981","7.845","7.693","7.558","7.448","7.34","7.439","7.482","7.095","7.04","7.009","",
"Gibraltar","GIB","Death rate, crude (per 1,000 people)","SP.DYN.CDRT.IN","8.312","8.403","8.374","8.447","8.407","8.224","7.969","7.744","7.648","7.612","7.585","7.526","7.501","7.432","7.368","7.339","7.379","7.459","7.529","7.569","7.545","7.45","7.32","7.368","7.4","7.444","7.474","7.513","7.557","7.602","7.615","7.611","7.557","7.571","7.563","7.58","7.564","7.514","7.473","7.449","7.423","7.43","7.4","7.418","7.421","7.419","7.425","7.393","7.274","7.144","6.993","6.841","6.739","6.844","6.919","7.019","7.074","7.008","6.909","6.811","6.89","8.847","6.409","6.51","6.589","",
"Guinea","GIN","Death rate, crude (per 1,000 people)","SP.DYN.CDRT.IN","28.234","27.988","27.754","27.505","27.242","26.967","26.636","26.354","26.07","25.762","25.548","25.283","25.026","24.824","24.587","24.28","23.941","23.649","23.279","22.921","22.533","22.151","21.759","21.485","21.025","20.7","20.405","20.124","19.841","19.538","19.043","18.707","18.428","17.92","17.636","17.054","16.519","16.15","15.638","15.258","14.892","14.662","14.157","13.818","13.533","13.241","12.925","12.67","12.367","12.135","11.883","11.641","11.406","11.178","11.066","10.861","10.527","10.365","10.151","9.945","9.919","9.811","9.3","9.125","9.028","",
"Gambia, The","GMB","Death rate, crude (per 1,000 people)","SP.DYN.CDRT.IN","29.278","28.797","28.268","27.78","27.278","26.718","26.241","25.701","25.209","24.738","24.231","23.776","23.352","22.906","22.421","22.138","21.735","21.501","21.491","20.949","20.785","21.181","20.17","19.834","19.525","18.98","18.43","17.899","17.266","16.758","16.278","15.772","15.255","14.725","14.212","13.717","13.188","12.766","12.155","11.737","11.332","10.983","10.623","10.27","9.933","9.687","9.373","9.152","8.878","8.71","8.48","8.275","8.103","7.909","7.716","7.501","7.288","7.123","6.964","6.807","6.797","7.01","6.635","6.292","6.249","",
"Guinea-Bissau","GNB","Death rate, crude (per 1,000 people)","SP.DYN.CDRT.IN","26.972","26.761","26.526","28.611","28.747","28.39","27.702","26.787","26.17","26.092","25.532","25.571","25.121","24.852","21.94","22.359","22.808","23.14","23.268","23.731","23.269","23.116","22.945","22.768","22.563","22.327","22.106","21.815","21.411","21.112","20.713","20.279","19.674","19.147","18.955","18.243","17.833","18.063","17.621","17.194","15.769","15.264","14.758","14.265","13.759","13.539","12.778","12.25","11.902","11.265","10.813","10.405","10.037","9.681","9.323","8.976","8.662","8.36","8.1","7.863","8.201","8.023","7.224","7.05","7.009","",
"Equatorial Guinea","GNQ","Death rate, crude (per 1,000 people)","SP.DYN.CDRT.IN","22.857","22.592","22.336","22.093","21.862","21.644","21.438","21.247","21.078","33.6","33.694","27.381","21.753","21.595","23.846","27.245","34.422","23.056","22.655","22.213","17.968","17.588","17.184","16.913","16.879","16.767","16.723","16.685","16.546","16.408","16.243","16.065","15.889","15.703","15.507","15.275","15.013","14.729","14.435","14.108","13.592","13.251","12.925","12.665","12.423","12.348","12.01","11.713","11.398","11.089","10.797","10.517","10.219","9.918","9.644","9.397","9.14","8.915","8.686","8.496","8.633","8.438","8.015","7.878","7.851","",
"Greece","GRC","Death rate, crude (per 1,000 people)","SP.DYN.CDRT.IN","7.3","7.6","7.9","7.9","8.2","7.9","7.9","8.3","8.4","8.2","8.4","8.4","8.6","8.7","8.5","8.9","8.9","9","8.7","8.6","9.1","8.9","8.8","9.2","8.9","9.4","9.2","9.6","9.2","9.2","9.2","9.3","9.4","9.3","9.3","9.5","9.5","9.4","9.6","9.6","9.7","9.4","9.5","9.7","9.6","9.6","9.6","9.9","9.7","9.8","9.8","10","10.6","10.2","10.4","11.2","11","11.6","11.2","11.7","12.2","13.6","13.4","12.2","12.1","",
"Grenada","GRD","Death rate, crude (per 1,000 people)","SP.DYN.CDRT.IN","9.657","9.259","8.926","8.669","8.231","7.751","7.194","6.716","6.428","6.328","6.292","6.229","6.239","6.214","6.241","6.356","6.563","6.802","7.035","7.263","7.464","7.568","7.637","9.467","7.639","7.675","7.689","7.684","7.617","7.61","7.562","7.532","7.461","7.372","7.295","7.229","7.18","7.152","7.137","7.165","7.213","7.262","7.275","7.274","7.615","7.223","7.209","7.213","7.244","7.307","7.399","7.502","7.577","7.666","7.767","7.888","8.023","8.166","8.332","8.481","8.604","9.198","8.763","8.859","8.918","",
"Greenland","GRL","Death rate, crude (per 1,000 people)","SP.DYN.CDRT.IN","7.9","8.7","10.3","7.7","8.8","8.6","8.1","7.5","7.7","6.9","6.1","6.1","6.1","6.9","6.7","6.3","7","7.6","6.3","7.9","7.6","7.5","7.9","8.3","8.3","8.2","8.3","8.2","7.9","8.2","8.4","8.3","8","7.8","8","8.6","7.9","8.8","8.1","8.5","8","8.3","7.9","7.2","8.4","8.2","7.7","8","7.6","7.8","9","8.4","8.1","7.9","8.2","8.4","8.7","8.9","8.7","9.7","9.2","9.4","9.3","9.4","9.3","",
"Guatemala","GTM","Death rate, crude (per 1,000 people)","SP.DYN.CDRT.IN","18.835","18.453","18.068","17.842","17.457","17.256","16.975","16.738","16.613","16.677","15.981","14.871","13.968","13.353","13.215","13.325","16.583","12.137","11.525","11.406","11.953","12.159","15.571","10.705","10.156","9.76","9.469","9.174","8.923","8.812","8.767","8.64","8.574","8.358","8.11","7.77","7.358","7.024","6.717","6.433","6.25","6.126","5.974","5.842","5.827","5.882","5.666","5.521","5.483","5.455","5.421","5.305","5.205","5.184","5.197","5.243","5.174","5.081","5.135","5.117","5.835","6.909","5.281","4.829","4.86","",
"Guam","GUM","Death rate, crude (per 1,000 people)","SP.DYN.CDRT.IN","6.062","5.898","5.837","5.586","5.481","5.395","5.352","5.264","5.195","5.162","5.07","5.016","4.936","4.853","4.74","4.673","4.69","4.516","4.411","4.329","4.245","4.153","4.065","4.015","3.944","3.883","3.909","3.967","4.081","4.134","4.23","4.289","4.338","4.309","4.291","4.343","4.407","4.474","4.506","4.53","4.541","4.529","4.521","4.51","4.551","4.557","4.671","4.817","4.971","5.084","5.187","5.309","5.472","5.594","5.764","5.939","6.132","6.291","6.412","6.534","7.223","7.414","6.736","6.868","6.92","",
"Guyana","GUY","Death rate, crude (per 1,000 people)","SP.DYN.CDRT.IN","11.312","11.316","11.004","10.731","10.475","10.301","10.123","9.947","9.802","9.674","9.586","9.551","9.493","9.422","9.335","9.273","9.219","9.149","9.098","9.06","9.049","9.057","9.05","9.012","8.985","8.955","8.906","8.839","8.781","8.696","8.614","8.481","8.325","8.241","8.265","8.454","8.439","8.338","8.054","7.892","7.759","7.632","7.764","7.837","7.898","7.924","7.852","7.695","7.727","7.751","7.842","7.894","8.07","8.046","7.832","7.757","7.705","7.59","7.407","7.503","8.49","10.998","7.309","7.32","7.477","",
"High income","HIC","Death rate, crude (per 1,000 people)","SP.DYN.CDRT.IN","9.42267354686277","9.28385923149547","9.48253630042475","9.38216150824973","9.1446249758926","9.27706828180325","9.23230857222989","9.15635661647395","9.40111522931283","9.45713549499167","9.37822303347666","9.27885454158041","9.22680223937883","9.30328944611728","9.20305223857167","9.2329988607731","9.23254942052944","9.07887183975769","9.16218196221487","9.10106780624084","9.29088388950695","9.12176129743999","9.02136385501374","9.18715239920919","9.1659579333842","9.22014035494919","9.0348784895423","8.96644761334819","9.06085307717322","9.03181750664342","9.09292482256863","9.1051613632971","9.13248271720703","9.53632553060317","9.60121051082506","9.56527347573199","9.42020963685913","9.30306712408065","9.24459466141545","9.38788162841952","9.32527412674767","9.29294126185117","9.39034963003755","9.45784170672627","9.17296445733315","9.30754520776166","9.05259469581655","9.01664920838938","9.06705450140668","8.94074546379976","9.00382144947827","8.96040538207408","9.04543321665977","9.01936405908341","8.97729814345606","9.22049100687403","9.15846048801547","9.2641366028313","9.32651385750719","9.28581521752896","10.3756941021588","10.8004844635597","10.3106644382088","9.76151505269229","9.70903173460742","",
"Hong Kong SAR, China","HKG","Death rate, crude (per 1,000 people)","SP.DYN.CDRT.IN","6.45","6.1","6.3","5.9","5.3","5","5.3","5.4","5.1","5","5.1","5","5.2","5","5","4.8","5","5.1","5.1","5.2","5","4.8","4.8","5","4.7","4.6","4.7","4.8","4.9","5.1","5.2","5","5.3","5.2","5","5.1","5","4.9","5","5","5.1","5","5.1","5.5","5.4","5.7","5.5","5.7","6","5.9","6","6","6.1","6","6.2","6.3","6.4","6.3","6.4","6.5","6.8","6.9","8.7","7.3","7","",
"Honduras","HND","Death rate, crude (per 1,000 people)","SP.DYN.CDRT.IN","19.08","18.517","17.706","17.064","16.406","15.868","15.296","14.726","14.194","13.704","13.245","12.799","12.353","12.884","14.152","11.139","10.866","10.604","10.331","10.035","9.736","9.4","9.069","8.703","8.469","8.239","8.009","7.789","7.607","7.305","7.026","6.766","6.554","6.431","6.18","5.965","5.779","5.624","7.893","5.374","5.243","5.148","5.043","4.968","4.898","4.846","4.793","4.75","4.735","4.707","4.762","4.681","4.608","4.554","4.519","4.479","4.442","4.446","4.452","4.486","5.06","5.727","4.442","4.478","4.519","",
"Heavily indebted poor countries (HIPC)","HPC","Death rate, crude (per 1,000 people)","SP.DYN.CDRT.IN","23.8232903084143","23.5559510869835","23.1038496129856","22.9039309864035","22.6393586417084","22.3733787848554","22.3122546523029","21.7529129277347","21.4976334621648","21.2628305701346","21.0102887700205","20.8675826106843","21.070271891361","20.5188952654727","20.4902868500397","20.1941346748683","19.6315762988563","19.3670004455078","19.1937757516576","18.9683022765461","18.7419539024807","18.5298932502887","18.3169677850983","19.194303539159","19.2002747768097","18.8291831594568","18.077099470871","16.9915267046058","16.7509613051205","16.5025071832746","16.4413453508535","16.560639345866","16.2546610140944","15.6169042069017","17.5571063222864","15.0899752419923","14.9266518793722","14.6427148994205","14.4511302381054","14.1096788178097","13.5754123410413","13.1832775306673","12.7979266022828","12.4198768987704","12.0533191672026","11.6556740220684","11.1927367673157","10.7962413977608","10.4255787334628","10.4937080135966","9.95447239542106","9.79268877258215","9.20569018705236","8.90555291739516","8.70923608509408","8.43252052774384","8.20608937095474","8.07455875897174","7.83747887201163","7.75382626376643","7.696765359878","7.89612675537038","7.51531770783511","6.97735230361144","6.90798154959505","",
"Croatia","HRV","Death rate, crude (per 1,000 people)","SP.DYN.CDRT.IN","10","9.1","10","9.1","10.1","9.3","8.8","9.5","10","10.7","10","10.1","10.8","10.2","10","10.1","9.9","9.9","10.6","10.5","10.9","11.2","11","11.8","11.6","11.1","11","11.2","11.1","11","10.9","11.7","11.3","11.1","10.6","10.9","11.1","11.5","11.5","11.5","11.2","11.2","11.4","11.8","11.2","11.656","11.341","11.798","11.8","11.8","11.8","11.9","12.1","11.9","12.1","13.1","12.6","13.2","13.2","13.1","14.6","16.2","14.8","13.3","13.2","",
"Haiti","HTI","Death rate, crude (per 1,000 people)","SP.DYN.CDRT.IN","21.251","20.911","20.597","21.647","19.989","19.641","19.461","19.017","18.712","18.414","18.137","17.885","17.712","17.504","17.331","17.154","16.979","16.798","16.606","16.401","16.224","15.974","15.742","15.505","15.28","15.045","14.834","14.566","14.337","14.084","13.823","13.548","13.153","12.803","12.568","12.013","11.655","11.293","10.994","10.662","10.393","10.14","9.878","9.668","10.106","9.225","9.04","8.896","8.834","8.679","17.931","8.728","8.442","8.314","8.205","8.143","8.15","7.977","7.927","7.876","8.284","8.941","8.272","7.817","7.804","",
"Hungary","HUN","Death rate, crude (per 1,000 people)","SP.DYN.CDRT.IN","10.2","9.6","10.8","9.9","10","10.7","10","10.7","11.2","11.3","11.6","11.9","11.4","11.8","12","12.4","12.5","12.4","13.1","12.8","13.6","13.5","13.5","13.9","13.8","13.9","13.8","13.4","13.2","13.8","14","14","14.3","14.5","14.2","14.1","13.9","13.5","13.7","14","13.3","13","13.1","13.4","13.1","13.5","13.1","13.2","13","13","13","12.9","13","12.8","12.8","13.4","13","13.6","13.5","13.4","14.6","16.2","14.2","13.4","13.4","",
"IBRD only","IBD","Death rate, crude (per 1,000 people)","SP.DYN.CDRT.IN","18.9574809772345","14.8575623747297","13.3048281543199","13.1070005485214","13.4455805244144","13.1286850756415","12.5403587044532","12.213343333541","11.8137136447993","11.6271180318844","11.3556226938618","11.0944121279105","11.101092739405","10.7311953937545","10.6756426438319","10.484301061231","10.3386801584363","10.0378049268447","9.69647920430367","9.54578983307242","9.49731385793124","9.34984427799977","9.28808870868943","9.25265179616025","9.10477027084009","8.94582004390946","8.77518044800517","8.60849549462476","8.48402616232999","8.31494161676411","8.29291865489821","8.19860341720618","8.1349297226024","8.14337090153369","8.05459433914389","7.97433475769912","7.86394095871464","7.74848971439007","7.66547345944441","7.64027542531287","7.59324790542325","7.55219105438056","7.51305295825372","7.48152777966576","7.45891032107296","7.40136982001024","7.41857868705049","7.3909025466032","7.37253913618191","7.3001545345162","7.25546330847024","7.18876449347996","7.13255642197999","7.08353101648002","7.05009372640924","7.01471138301731","7.00568634668646","6.98078162268068","6.9985429739314","7.00485415610666","7.6194529151119","8.66351508136819","7.23599808925833","7.25447582337432","7.23517781120517","",
"IDA & IBRD total","IBT","Death rate, crude (per 1,000 people)","SP.DYN.CDRT.IN","19.5686472474896","16.12139060256","14.7680297185521","14.5597667050223","14.7567663901094","14.4626721518534","13.9157027779016","13.5851348292922","13.1856198495114","12.9833408433141","12.8241346710346","13.0412259124163","12.4343993621115","12.0649792571705","12.0047219566885","11.9260915414051","11.7286054245576","11.4301982957122","11.1085195833496","10.8325392344776","10.7446849866581","10.587794314168","10.5060105270114","10.5293108422466","10.3986387655382","10.230288934937","10.0174331693212","9.80163213639241","9.70259106279069","9.48609251588743","9.45389946145876","9.4191118548213","9.31659336226553","9.26136567988165","9.32585152629149","9.05026048457427","8.93888073921413","8.80768511966093","8.73632619649696","8.6301857531328","8.51691296293771","8.42989180556196","8.34196926015589","8.25954579805489","8.19272350037012","8.0997082619695","8.04031701082933","7.96519220874676","7.92531423827994","7.84549746332944","7.73745885016214","7.66089364833836","7.55437253314375","7.47802921490487","7.43802358053464","7.38817350887292","7.34297505195383","7.29935646594178","7.253241643363","7.22828738057747","7.71343701901471","8.51137329085805","7.33233092898252","7.26456718605813","7.23721609043286","",
"IDA total","IDA","Death rate, crude (per 1,000 people)","SP.DYN.CDRT.IN","22.4950829213225","22.0923110282748","21.6303454837474","21.3596853039181","20.8769963769791","20.6680704794878","20.2951694339521","19.9249178414394","19.5016462801147","19.2047254169093","19.5403130145402","21.9303660005236","18.5048271390534","18.1062816802598","17.9878964925306","18.375503858122","17.9051528887724","17.5742118345032","17.2890537826743","16.4131501849968","16.1061811070668","15.8653813745075","15.6552102541082","15.8800973888087","15.7758753583995","15.5224090151149","15.0922891293708","14.6356511131798","14.5994654603635","14.1527924346801","14.0394986481472","14.1948143657444","13.8899323776983","13.5360556510935","14.128249117393","13.0657360387341","12.9017160864156","12.66609174439","12.5915565111586","12.1523968819678","11.764163345608","11.4776116230862","11.1831584717842","10.8915990085694","10.6437980631228","10.4024708684378","10.0631895191789","9.80757530715814","9.67461620204547","9.5485557373813","9.22300342760424","9.09769667575724","8.8234240206268","8.65329618367282","8.58185736931954","8.4773488087895","8.31525830237033","8.20658705221669","7.96910966743564","7.84748991867026","7.9699604952998","8.10278346317562","7.58681786065352","7.29079739201134","7.24243272250004","",
"IDA blend","IDB","Death rate, crude (per 1,000 people)","SP.DYN.CDRT.IN","22.281039970559","21.8555897241766","21.2025749045474","20.7678644539401","20.307759320162","19.9300980420224","19.4368393669243","19.3330889775988","18.6192989146505","18.2383975747422","17.6852819499928","18.2564360285013","16.9411093626914","16.6473468871506","16.3556875964197","16.0864425280582","15.6348839301432","15.3252801536252","15.0584364298677","14.766398693558","14.4050667633231","14.1387867491061","13.9411963302146","13.8038292908434","13.6400540808053","13.5230104092179","13.4590363682726","13.354514080099","13.2740311228427","13.1809652487039","13.1605714702486","13.1762088260888","13.1318712720008","13.0599184054827","13.0327760202778","12.9655090267082","12.9189462086905","12.831163796621","12.646080866178","12.4459833879644","12.2000969867003","12.0202041337818","11.7671084398902","11.5325253385084","11.2731482884272","11.2277362193072","10.881653358685","10.6796458776054","10.5029958368066","10.3329921579316","10.1780521765295","10.019264249188","9.87975215699674","9.75420846908746","9.63785985940226","9.53670276335277","9.37753270660368","9.23958121614882","9.1029381373359","8.97482954250514","9.21887792929506","9.13903981979752","8.56462495496463","8.44402069033262","8.3848386286146","",
"Indonesia","IDN","Death rate, crude (per 1,000 people)","SP.DYN.CDRT.IN","17.765","17.441","16.97","16.587","16.135","20.827","16.663","14.885","14.475","14.014","13.567","13.171","12.803","12.454","12.094","11.757","11.486","11.122","10.857","10.565","10.29","10.079","9.781","9.461","9.186","8.908","8.703","8.542","8.435","8.237","8.092","7.938","7.765","7.527","7.517","7.497","7.494","7.437","7.436","7.482","7.431","7.391","7.315","7.336","8.097","7.376","7.423","7.421","7.444","7.461","7.528","7.517","7.51","7.51","7.499","7.495","7.502","7.506","7.562","7.558","8.843","10.042","7.492","7.531","7.624","",
"IDA only","IDX","Death rate, crude (per 1,000 people)","SP.DYN.CDRT.IN","22.5933926061916","22.2011271645436","21.8271864750593","21.6323862573008","21.1396381795437","21.0090116517769","20.6922692973408","20.1990125955791","19.9106645477965","19.6532291765509","20.4031512037477","23.6454917282609","19.2374315066807","18.7913677690716","18.7564238188001","19.4581875808563","18.984927058408","18.6506886037815","18.3628306733959","17.2104402068368","16.9398574277627","16.7233548523628","16.5140273624687","16.9249120836191","16.8546067493346","16.5374957682285","15.9263440965716","15.2936737683789","15.2842934622949","14.6577212577675","14.4990251270176","14.7305774831059","14.2896034199207","13.7871283166307","14.7062877170735","13.1186866759818","12.8925984666099","12.5785841254491","12.5625948872789","11.9961941784532","11.5316387561537","11.1872686832273","10.870348367462","10.5480034043874","10.3057105158731","9.95833507102726","9.62209991360186","9.33626182184498","9.2252935407596","9.12159950714856","8.70150456689663","8.59345439731088","8.24505525153907","8.05003305409987","8.00330367912164","7.89753081750553","7.73526104607438","7.64405656240772","7.35330581739186","7.2372301380882","7.29599649538251","7.54490318829421","7.061584957677","6.67331151133478","6.63287998171399","",
"Isle of Man","IMN","Death rate, crude (per 1,000 people)","SP.DYN.CDRT.IN","16.899","17.097","17.247","17.388","17.443","17.445","17.375","17.24","17.163","17.142","17.138","17.173","17.135","17.015","16.907","16.791","16.671","16.547","16.393","16.224","16.067","16.009","16.006","16.008","16.039","16.103","16.018","15.738","15.406","15.107","14.799","14.572","14.427","14.31","14.149","14.056","13.875","13.649","13.361","13.092","12.743","12.317","11.909","11.541","11.189","10.865","10.619","10.307","9.975","9.694","9.492","9.411","9.458","9.568","9.707","9.854","9.922","9.974","10.032","10.085","10.437","10.725","10.267","10.476","10.649","",
"India","IND","Death rate, crude (per 1,000 people)","SP.DYN.CDRT.IN","19.421","19.227","18.981","18.728","18.512","19.359","19.058","18.783","17.515","17.267","17.014","16.812","16.597","16.311","15.893","15.528","15.179","14.817","14.429","14.066","13.752","13.424","13.093","12.773","12.471","12.164","11.879","11.577","11.286","11","10.726","10.472","10.225","10.001","9.777","9.572","9.371","9.174","8.988","8.805","8.628","8.482","8.294","8.125","7.982","7.819","7.67","7.536","7.41","7.29","7.164","7.048","6.945","6.859","6.77","6.729","6.7","6.673","6.67","6.67","7.214","9.259","6.576","6.611","6.587","",
"Not classified","INX","Death rate, crude (per 1,000 people)","SP.DYN.CDRT.IN","","","","","","","","","","","","","","","","","","","","","","","","","","","","","","","","","","","","","","","","","","","","","","","","","","","","","","","","","","","","","","","","","","",
"Ireland","IRL","Death rate, crude (per 1,000 people)","SP.DYN.CDRT.IN","11.5","12.3","11.9","11.8","11.4","11.5","12.2","10.8","11.4","11.5","11.4","10.7","11.3","11.1","11.1","10.4","10.5","10.2","10.2","10","9.8","9.5","9.3","9.4","9.1","9.4","9.5","8.9","9","9.1","8.9","8.9","8.7","9","8.6","8.9","8.7","8.6","8.5","8.7","8.2","7.8","7.5","7.3","7","6.8","6.7","6.4","6.3","6.3","6.1","6.2","6.3","6.4","6.3","6.4","6.4","6.3","6.4","6.2","6.4","6.7","6.7","6.6","6.5","",
"Iran, Islamic Rep.","IRN","Death rate, crude (per 1,000 people)","SP.DYN.CDRT.IN","23.788","22.946","22.656","21.29","20.494","19.783","19.113","18.464","18.198","17.083","16.325","15.527","14.891","13.976","13.339","12.766","12.298","11.866","12.231","11.018","10.976","11.45","11.01","10.493","9.333","8.879","8.453","8.069","7.703","6.798","7.251","6.252","6.016","5.859","5.579","5.4","5.266","5.205","5.084","5.019","4.957","4.91","4.887","5.225","4.772","4.728","4.673","4.649","4.634","4.623","4.613","4.61","4.609","4.609","4.613","4.617","4.625","4.631","4.645","4.659","6.439","6.387","4.897","4.672","4.754","",
"Iraq","IRQ","Death rate, crude (per 1,000 people)","SP.DYN.CDRT.IN","14.537","14.36","14.504","14.356","13.937","13.272","12.727","12.121","11.796","11.393","10.922","10.48","10.177","9.855","10.273","9.986","9.054","8.813","8.606","8.432","9.584","10.396","10.191","9.987","9.834","9.739","9.517","9.413","11.178","11.022","11.093","8.993","7.136","6.981","7.123","7.153","7.14","7.239","7.1","6.992","6.801","6.588","6.359","6.685","6.729","6.606","7.101","6.885","5.953","5.48","5.409","5.299","5.12","5.059","4.855","4.737","5.2","4.802","4.361","4.36","4.997","4.579","4.164","4.132","4.166","",
"Iceland","ISL","Death rate, crude (per 1,000 people)","SP.DYN.CDRT.IN","6.6","7","6.8","7.2","7","6.7","7.1","7","6.9","7.1","7.1","7.3","6.9","7","7","6.5","6.1","6.5","6.4","6.6","6.8","7.2","6.8","7","6.6","6.8","6.6","7","7.3","6.8","6.7","7","6.6","6.6","6.5","7.2","7","6.8","6.6","6.9","6.5","6.1","6.3","6.3","6.2","6.2","6.3","6.2","6.3","6.3","6.4","6.2","6.1","6.7","6.3","6.6","6.9","6.5","6.4","6.3","6.3","6.3","7","6.7","6.8","",
"Israel","ISR","Death rate, crude (per 1,000 people)","SP.DYN.CDRT.IN","5.7","5.8","6","6.1","6.3","6.3","6.3","6.4","6.7","6.9","7.1","7","7.2","7","7.1","7.1","6.7","6.9","6.8","6.7","6.7","6.5","6.9","6.9","6.7","6.6","6.8","6.7","6.6","7.1","6.8","6.5","6.4","6.6","6.5","6.3","6.1","6.2","6.2","6.1","6","5.8","5.8","5.8","5.6","5.6","5.5","5.6","5.4","5.2","5.2","5.3","5.3","5.2","5.2","5.3","5.2","5.2","5","5.1","5.3","5.4","5.4","5.2","5.3","",
"Italy","ITA","Death rate, crude (per 1,000 people)","SP.DYN.CDRT.IN","9.6","9.3","10","10.1","9.5","9.9","9.4","9.6","10","10.1","9.7","9.7","9.6","10","9.7","10","9.9","9.8","9.6","9.6","9.8","9.7","9.5","10","9.5","9.7","9.6","9.4","9.5","9.4","9.6","9.7","9.6","9.7","9.7","9.8","9.7","9.8","10","9.8","9.8","9.6","9.8","10.2","9.5","9.8","9.6","9.7","9.9","9.9","9.8","9.9","10.2","10","9.9","10.8","10.2","10.8","10.6","10.6","12.5","11.9","12.1","11.4","11","",
"Jamaica","JAM","Death rate, crude (per 1,000 people)","SP.DYN.CDRT.IN","9.025","8.979","8.926","8.861","8.799","8.712","8.652","8.662","8.581","8.527","8.473","8.351","8.403","8.433","8.393","8.378","8.373","8.414","8.465","8.545","8.548","8.551","8.524","8.392","8.166","8.043","7.854","7.664","7.592","7.492","7.469","7.475","7.489","7.396","7.35","7.333","7.279","7.23","7.146","7.043","6.92","6.847","6.716","6.639","6.633","6.632","6.664","6.664","6.625","6.548","6.448","6.371","6.358","6.422","6.55","6.721","6.911","7.117","7.366","7.531","7.717","9.705","7.905","8.076","8.206","",
"Jordan","JOR","Death rate, crude (per 1,000 people)","SP.DYN.CDRT.IN","15.59","14.909","14.238","13.593","12.826","12.113","11.698","10.855","10.335","9.867","10.068","9.07","8.642","8.255","7.895","7.551","7.22","6.917","6.622","6.347","6.082","5.829","5.585","5.369","5.158","4.975","4.804","4.645","4.502","4.376","4.141","4.189","4.126","4.069","4.024","3.984","3.936","3.874","3.815","3.764","3.731","3.702","3.684","3.667","3.644","3.636","3.486","3.644","3.664","3.693","3.711","3.726","3.772","3.595","3.376","3.171","3.172","3.098","3.051","3.033","3.49","4.068","3.163","3.049","3.121","",
"Japan","JPN","Death rate, crude (per 1,000 people)","SP.DYN.CDRT.IN","7.6","7.4","7.5","7","6.9","7.1","6.8","6.8","6.8","6.8","6.9","6.6","6.5","6.6","6.5","6.3","6.3","6.1","6.1","6","6.2","6.1","6","6.2","6.2","6.3","6.2","6.2","6.5","6.4","6.7","6.7","6.9","7.1","7.1","7.4","7.2","7.3","7.5","7.8","7.7","7.7","7.8","8","8.2","8.6","8.6","8.8","9.1","9.1","9.5","9.9","10","10.1","10.1","10.3","10.5","10.8","11","11.2","11.1","11.7","12.9","13","13.3","",
"Kazakhstan","KAZ","Death rate, crude (per 1,000 people)","SP.DYN.CDRT.IN","12.857","12.555","12.243","11.917","11.558","11.207","10.942","10.737","10.541","10.379","10.271","10.199","10.137","10.064","9.981","9.908","9.813","9.825","9.821","9.874","10.909","10.744","10.507","10.26","10.033","9.827","9.612","9.4","9.255","9.21","9.266","9.374","9.558","9.784","10.079","10.311","10.522","10.696","10.809","10.692","10.622","10.528","10.447","10.395","10.345","10.248","10.124","9.939","9.676","9.294","8.926","8.55","8.198","7.88","7.615","7.388","7.208","7.063","6.97","6.911","8.585","9.645","6.992","6.709","6.697","",
"Kenya","KEN","Death rate, crude (per 1,000 people)","SP.DYN.CDRT.IN","18.794","18.02","17.326","16.721","16.189","15.68","15.227","14.799","14.356","13.952","13.568","13.213","12.798","12.375","11.944","11.519","11.138","10.747","10.373","10.051","9.731","9.482","9.254","8.996","8.832","8.7","8.68","8.696","8.81","8.917","9.461","9.641","9.882","10.021","10.205","10.292","10.376","10.383","10.31","10.109","9.942","9.709","9.535","9.203","8.893","8.6","8.323","8.142","7.886","7.631","7.424","7.275","7.208","7.175","7.149","7.14","7.169","7.126","7.186","7.294","7.937","8.124","7.212","7.211","7.18","",
"Kyrgyz Republic","KGZ","Death rate, crude (per 1,000 people)","SP.DYN.CDRT.IN","16.271","15.847","15.391","14.938","14.444","13.936","13.459","13.007","12.627","12.316","12.092","11.853","11.591","11.297","10.994","10.757","10.557","10.368","10.167","9.93","9.671","9.55","9.363","9.379","9.184","8.923","8.536","8.275","8.407","7.2","6.9","6.9","7.1","7.6","8.2","8","7.4","7.3","7.2","6.8","7","6.6","7.1","7.1","6.9","7.2","7.4","7.2","7.1","6.7","6.6","6.5","6.5","6.1","6.1","5.8","5.5","5.4","5.2","5.2","6.1","5.8","4.5","4.4","4.4","",
"Cambodia","KHM","Death rate, crude (per 1,000 people)","SP.DYN.CDRT.IN","21.087","20.667","20.245","19.825","19.474","19.101","18.731","18.491","18.183","17.915","23.509","23.094","22.704","22.357","21.727","86.572","90.595","92.984","93.923","19.369","16.591","16.692","16.433","16.117","15.881","15.442","14.903","13.683","13.241","12.843","12.501","12.235","11.869","11.689","11.311","10.853","10.43","9.861","9.538","9.111","8.7","8.303","7.936","7.58","7.261","6.999","6.793","6.649","6.516","6.384","6.26","6.145","6.067","6.036","6.01","6.015","6.033","6.067","6.126","6.189","6.341","6.827","6.323","6.39","6.454","",
"Kiribati","KIR","Death rate, crude (per 1,000 people)","SP.DYN.CDRT.IN","19.314","18.781","18.176","17.519","16.874","16.269","15.799","15.426","14.996","14.488","13.934","13.413","12.989","12.548","12.317","12.107","11.892","12.05","11.476","11.131","11.139","11.067","10.993","10.887","10.771","10.597","10.394","10.138","9.859","9.581","9.318","9.071","8.801","8.535","8.306","8.107","7.93","7.738","7.556","7.378","7.204","7.045","6.936","6.861","6.849","6.86","6.892","6.9","6.91","6.915","6.926","6.943","6.947","6.95","6.963","6.99","7.019","7.083","7.137","7.171","7.555","8.152","7.073","7.046","7.059","",
"St. Kitts and Nevis","KNA","Death rate, crude (per 1,000 people)","SP.DYN.CDRT.IN","14.642","14.252","13.734","13.34","12.962","12.675","12.434","12.297","12.226","12.264","12.141","11.981","11.87","11.812","11.778","11.797","11.838","11.918","12.011","12.184","12.4","12.396","12.21","12.051","11.885","11.822","11.787","11.85","11.954","12.038","12.059","11.903","11.531","11.17","10.865","10.641","10.416","10.201","10.091","9.672","9.408","9.218","9.001","8.765","8.622","8.555","8.523","8.59","8.704","8.868","9.109","9.362","9.208","9.316","9.437","9.551","9.672","9.785","9.916","9.985","10.492","12.687","11.658","9.963","9.977","",
"Korea, Rep.","KOR","Death rate, crude (per 1,000 people)","SP.DYN.CDRT.IN","12.967","12.512","12.097","12.037","11.75","11.42","11.604","8.557","8.547","8.31","8","7.2","6.3","7.8","7.2","7.7","7.4","6.8","6.8","6.4","7.3","6.1","6.2","6.4","5.9","5.9","5.8","5.9","5.6","5.6","5.6","5.6","5.4","5.2","5.4","5.3","5.2","5.3","5.2","5.3","5.2","5.1","5.1","5.1","5.1","5.1","5","5","5","5","5.1","5.1","5.3","5.3","5.3","5.4","5.5","5.6","5.8","5.7","5.9","6.2","7.3","6.9","7","",
"Kuwait","KWT","Death rate, crude (per 1,000 people)","SP.DYN.CDRT.IN","10.389","9.701","9.033","8.366","7.756","7.202","6.689","6.302","5.954","5.644","5.356","5.093","4.862","4.67","4.499","4.34","4.188","3.97","3.754","3.547","3.362","3.185","3.018","2.852","2.703","2.556","2.42","2.344","2.289","2.252","4.187","2.588","2.326","2.48","2.323","2.051","1.971","2.001","2.015","2.021","2.023","2.025","2.034","2.055","2.087","2.088","2.08","2.067","2.039","1.999","1.944","1.864","1.818","1.804","1.798","1.797","1.826","1.861","1.903","1.64463780206516","2.35541151840582","2.59","1.75198239171633","1.53211676064858","1.52","",
"Latin America & Caribbean (excluding high income)","LAC","Death rate, crude (per 1,000 people)","SP.DYN.CDRT.IN","13.4982346190195","13.1164997848027","12.8038347828158","12.5165546743193","12.1945967169134","11.8756253159915","11.535197306627","11.2458381257185","11.0070384226692","10.8061739328087","10.7670032918487","10.2658079006097","10.0406388701549","9.79674555173078","9.57770349587438","9.30606083421031","9.16931364832275","8.87716805584622","8.68834965296868","8.54469979534917","8.4015867294082","8.20388973200623","8.10805225683994","7.86494204179127","7.7163971832232","7.62685456950871","7.37804635734495","7.25218920064571","7.12718321096771","7.01890206733919","6.93938256324574","6.83294147954719","6.74578683771353","6.64645180305998","6.52863188494474","6.43245763877037","6.33781136128526","6.2449171872717","6.25772044325902","6.17842605349492","6.14282101767432","6.11208633337592","6.03990025136309","6.01067006977941","5.98173478594897","5.93154951969487","5.93191636238379","5.96100375590666","5.96341156030871","5.98279299339568","6.15139342720019","5.97501930302537","5.98350104447407","6.00610578589501","6.03406652353969","6.07150850097826","6.22909662868875","6.27215497085544","6.29348270539212","6.35990264369496","7.68675129975309","8.64181424566167","7.0180104207732","6.57614577438349","6.61202730566827","",
"Lao PDR","LAO","Death rate, crude (per 1,000 people)","SP.DYN.CDRT.IN","22.425","22.177","21.5","21.994","21.752","21.483","21.409","21.014","20.797","20.612","20.411","20.173","19.971","19.762","19.055","18.899","19.001","18.705","18.363","17.877","17.101","16.625","16.168","15.812","15.481","15.116","14.733","14.413","14.081","13.732","13.431","13.002","12.704","12.353","12.094","11.642","11.24","10.874","10.624","10.363","10.033","9.682","9.417","9.221","8.993","8.656","8.476","8.313","8.197","7.995","7.853","7.659","7.563","7.496","7.43","7.507","7.201","6.945","6.766","6.599","6.473","6.674","6.265","6.221","6.187","",
"Lebanon","LBN","Death rate, crude (per 1,000 people)","SP.DYN.CDRT.IN","10.187","9.876","9.588","9.328","9.099","8.87","8.65","8.466","8.29","8.153","8.035","7.906","7.812","7.717","7.623","11.194","27.668","9.991","10.124","10.314","10.108","9.913","17.711","9.477","9.268","9.066","8.821","8.671","8.494","7.488","7.351","5.224","5.127","5.003","4.854","4.758","4.728","4.672","4.642","4.596","4.527","4.436","4.348","4.262","4.198","4.158","4.393","4.121","4.163","4.168","4.203","4.213","4.208","4.049","4.272","4.509","4.718","4.984","5.195","5.458","6.407","8.421","5.769","5.962","6.035","",
"Liberia","LBR","Death rate, crude (per 1,000 people)","SP.DYN.CDRT.IN","25.791","25.857","25.889","25.838","25.751","25.557","25.315","25.02","24.702","24.313","23.891","23.485","23.05","22.712","22.369","22.079","21.814","21.547","21.318","21.111","20.941","20.722","20.589","20.423","20.325","20.785","20.417","20.513","20.584","20.647","29.188","20.381","20.407","21.057","21.919","19.599","19.693","16.245","16.203","15.627","14.843","13.978","13.358","13.941","12.051","11.392","11.021","10.644","10.343","10.043","9.819","9.569","9.534","9.359","9.66","9.559","8.934","8.765","8.64","8.513","8.497","8.51","8.159","8.071","8.016","",
"Libya","LBY","Death rate, crude (per 1,000 people)","SP.DYN.CDRT.IN","25.552","24.049","22.504","21.166","19.558","18.32","17.025","15.728","14.538","13.449","12.519","11.699","10.959","10.228","9.57","9.037","8.518","8.076","7.652","7.292","6.965","6.608","6.421","6.108","5.68","5.426","5.19","4.991","4.837","4.69","4.569","4.464","4.369","4.309","4.282","4.287","4.329","4.418","4.533","4.649","4.761","4.778","4.779","4.743","4.699","4.646","4.593","4.594","4.596","4.605","4.627","5.827","4.971","4.97","5.443","5.372","5.38","5.094","5.007","5.165","5.544","5.842","4.808","6.654","6.534","",
"St. Lucia","LCA","Death rate, crude (per 1,000 people)","SP.DYN.CDRT.IN","12.504","11.787","11.223","10.72","10.179","9.765","9.358","9.104","8.843","8.681","8.491","8.279","8.113","8.053","7.652","7.396","7.229","6.899","6.79","6.828","6.716","6.354","6.241","5.873","5.685","5.759","5.765","5.935","5.892","5.907","6.055","6.082","5.931","5.827","5.844","5.828","5.897","5.996","6.021","6.254","6.428","6.426","6.353","6.224","6.196","6.247","6.233","6.296","6.444","6.655","6.907","6.96","7.143","7.343","7.501","7.501","7.84","7.991","8.058","8.425","8.556","11.654","8.455","8.614","8.712","",
"Latin America & Caribbean","LCN","Death rate, crude (per 1,000 people)","SP.DYN.CDRT.IN","13.1996098126198","12.8436691670272","12.5420533110877","12.2671026263547","11.9626164302431","11.6497097616209","11.3168349393438","11.0330275196108","10.8033181138233","10.6062119642901","10.5674496845955","10.0925529850631","9.87165372994347","9.63176575539909","9.4187422526323","9.14922512926429","9.01164501826487","8.72937558884253","8.54765719167507","8.40652402208659","8.26628086138085","8.08057814806071","7.9867253036269","7.75759352598326","7.6180372945775","7.53604485490518","7.30048420812037","7.1815002491529","7.06238245742029","6.96002934614672","6.87813156879352","6.77663783599063","6.69690231983602","6.60569680357951","6.49542762868155","6.40733752388289","6.31791014917076","6.22818870017973","6.23711142614949","6.15923498422128","6.121643731331","6.08934011707352","6.0214240647596","5.99851045984474","5.97101842481266","5.9256804503229","5.92828570246708","5.95970639232673","5.9673999488037","5.98788786645143","6.15049881228664","5.99076304397922","6.00519823653669","6.02479758381254","6.05587575807062","6.08970520765849","6.24486709683189","6.28634306866715","6.31033173247129","6.38409505313831","7.67433171839722","8.60749918470953","7.05869716838512","6.59873046030646","6.63631272891259","",
"Least developed countries: UN classification","LDC","Death rate, crude (per 1,000 people)","SP.DYN.CDRT.IN","23.5946535918451","23.2456612658297","22.8681411992732","22.6956910244982","22.1898235020006","22.0862738791445","21.7713642829572","21.2550557776423","20.9653033299359","20.7027101233657","21.5573328692434","25.1859142864417","20.292761901366","19.8350171833711","19.8282507784717","20.703273438186","20.2099048872699","19.8706388268885","19.5650942900668","18.2904859456254","18.0227497667663","17.7891211836521","17.5403152336971","18.0752139938845","17.9955064560526","17.6593662806492","17.0061520740955","16.3541780443396","16.3554608502475","15.6571060372099","15.5222628150966","15.7574905863891","15.2909476929774","14.731138433092","15.7369612415312","13.9585055505378","13.7160634688979","13.3763152919136","13.3518126899809","12.7533245594229","12.2540867637091","11.8834946180195","11.5319840045024","11.1505119473322","10.8312538933786","10.488144857697","10.1108335742908","9.79155254095506","9.65120521934046","9.50211474029389","9.06967063978342","8.92935267312038","8.47877790028109","8.24369566183386","8.18855863838486","8.04890935971232","7.88809863970739","7.78653608057568","7.48325586211507","7.37765839665875","7.41766786046856","7.65725276393373","7.16852241334516","6.74437331153099","6.70903949371091","",
"Low income","LIC","Death rate, crude (per 1,000 people)","SP.DYN.CDRT.IN","23.6615140616783","23.3796827561428","23.1194247048833","22.9402663406799","22.5512221881145","22.3834038087454","22.4550931681728","21.812596028662","21.5208480028197","21.2728337142204","20.9911572457412","20.7113165003302","20.9845974128495","20.338251939329","20.3184651903254","20.0830252902783","19.4788112526506","19.2375761798003","19.0818940233945","18.8631408474523","18.7007489903332","18.558257760747","18.4300431997573","19.5304993655104","19.6452238285146","19.2422736981203","18.4062388993188","17.4381521167222","17.6848383701196","16.6600980397524","16.6136185376614","16.7834494209922","16.6183644798763","15.853218209111","17.9172984037113","15.3042396316471","15.1194181391157","14.7647634872568","14.9256018413441","14.1149612631389","13.5275064305605","13.1356696975202","12.769224350766","12.1909674298099","11.8439991033814","11.4789189561589","11.0130517213669","10.6169706966763","10.2449657341532","10.4032798430586","9.61819633310523","9.68807814278766","9.15008199584505","8.87529753406917","8.8613303339071","8.72664368686316","8.52757168576487","8.43581428132198","7.99443945217785","7.85621631000382","7.73550707831202","7.91103235905602","7.66325675285747","7.05122947170464","6.98803788418176","",
"Liechtenstein","LIE","Death rate, crude (per 1,000 people)","SP.DYN.CDRT.IN","7.5","7.8","9.5","8.1","7.9","8.1","7.8","7.8","7.1","8","7.7","8.6","6.7","7.8","6.3","7.5","7.4","6.1","6.5","6.8","6.9","6.3","6.4","5.7","6.7","6.4","6.9","6.5","7","6.1","6.8","6.4","6.1","5.9","6.8","7.3","7.4","7.4","6.6","6.4","7.3","6.6","6.4","6.4","5.7","6.2","6.3","6.4","5.8","6.4","6.6","6.8","6.1","6.7","7.2","6.7","7.2","6.6","7.2","6.8","8.2","6.9","7.1","6.8","7.5","",
"Sri Lanka","LKA","Death rate, crude (per 1,000 people)","SP.DYN.CDRT.IN","10.699","10.204","9.794","9.451","9.165","8.853","8.585","8.341","8.139","7.961","7.827","7.828","7.652","7.567","7.481","7.34","7.175","6.988","6.87","6.662","6.503","6.407","6.326","6.368","6.448","6.479","6.528","6.608","6.708","7.504","6.809","6.917","6.781","6.689","6.715","6.988","7.019","7.043","7.005","6.944","6.633","6.482","6.406","6.462","8.246","6.415","6.632","6.694","6.947","7.984","6.403","6.407","6.324","6.291","6.341","6.398","6.493","6.608","6.677","6.7","6","7.4","8.1","8.2","7.8","",
"Lower middle income","LMC","Death rate, crude (per 1,000 people)","SP.DYN.CDRT.IN","20.3803551554054","20.0593974558219","19.6816725904867","19.390104577627","19.0429481652484","19.4084095570154","18.9900644859594","18.7223639718351","17.7913137217931","17.510941262658","17.5607313588724","18.7337503238949","16.7063886043253","16.4205291456746","16.0847249927056","16.1109028747509","15.780395956474","15.3664650106883","14.990477922187","14.3243066255425","13.9875738495326","13.6740427155793","13.3904232585514","13.0935478622218","12.819111808312","12.5562774806124","12.2895414391556","12.0373828625432","11.788592142228","11.5416984273574","11.3201946008736","11.2042684804227","10.9261204492048","10.7333477543957","10.5408109594815","10.3471831366402","10.1701250879389","9.9880551130612","9.81635065416911","9.61395536693456","9.41328233641559","9.25105121376936","9.03941147414942","8.84684276320941","8.67368485015097","8.5330387844072","8.34788235301557","8.20154579412654","8.13176680647119","7.94440847146011","7.85714314339953","7.6997935813712","7.5902342809365","7.49534255790259","7.40294245372501","7.34176074993208","7.27226007238024","7.21043751119141","7.15724024468522","7.11334640192688","7.57712263283468","8.69072285399862","6.94615384456628","6.92108126264585","6.90011881722273","",
"Low & middle income","LMY","Death rate, crude (per 1,000 people)","SP.DYN.CDRT.IN","20.559020230188","16.8227475533636","15.3306177630186","15.1297199581381","15.3366913565418","14.9952025314028","14.3954308719008","14.0030094101047","13.5548532509612","13.2920629713651","13.1110982701801","13.3253799637673","12.6688469519473","12.258755646456","12.185810346197","12.0721041426862","11.8494544493178","11.5148562437309","11.1562996066834","10.8472121136455","10.7339322796186","10.5816174800802","10.5008515701159","10.5025353977118","10.342398981649","10.1696514400641","9.98558653988265","9.75095678309454","9.64284263551339","9.41629963254987","9.36410821918252","9.31596116690141","9.18227420280152","9.05010177071954","9.08352264107484","8.83967558286367","8.74902633124197","8.63004707055145","8.57266841003165","8.43321502056964","8.30327710663023","8.20918847613171","8.10302246492515","7.99886981187256","7.95265523389106","7.8536858576607","7.82446983960252","7.76264186118193","7.72605656149911","7.6550992428795","7.54234924295278","7.48349121602402","7.37706199151953","7.3089178589323","7.26711596195012","7.21457564186796","7.17542108287576","7.14171713988968","7.09181540101211","7.07426601945283","7.50314013060665","8.26884915367736","7.15791864293096","7.12936327169047","7.09543580646857","",
"Lesotho","LSO","Death rate, crude (per 1,000 people)","SP.DYN.CDRT.IN","17.438","17.217","17.054","16.947","16.799","16.691","16.517","16.383","16.047","15.699","15.347","15.045","14.735","14.465","14.277","13.999","13.778","13.457","13.074","12.654","12.217","11.741","11.328","10.99","10.69","10.49","10.381","10.32","10.259","10.215","10.231","10.292","10.438","10.652","10.976","11.414","12.047","12.802","13.778","14.783","15.879","17.126","18.198","19.152","19.974","20.455","20.795","20.39","19.803","19.088","18.204","17.475","16.464","15.503","14.634","13.932","13.259","12.664","12.197","11.83","11.887","12.601","10.918","10.648","10.478","",
"Late-demographic dividend","LTE","Death rate, crude (per 1,000 people)","SP.DYN.CDRT.IN","19.7971952513072","12.869612652435","10.3123543738591","10.2258291644729","11.0128400739817","9.77973789560619","9.30948973809541","9.04763259170821","8.94279644637887","8.80022486887356","8.48467673417689","8.26184855330966","8.45652979739017","8.0118151918903","8.17446930774531","8.05529013490609","7.99480799375198","7.71203131583374","7.32013891749599","7.29105846965304","7.37911453869185","7.30627940580394","7.40289055463525","7.57549289527478","7.53089545558085","7.47164367137812","7.37082040214229","7.25974754736867","7.20198919671124","7.10080486289401","7.19477742491743","7.22049560258936","7.23469795707997","7.39753511333099","7.37540240962502","7.39874181396392","7.31068772618098","7.2199258841065","7.16401384637268","7.20341776987449","7.22186726899827","7.20824747029861","7.23150994627614","7.18899489810236","7.17441539668659","7.21546769267763","7.32311176965858","7.35488395674567","7.41943793903964","7.41041554201493","7.41345925902632","7.37946117231855","7.36415561393796","7.3381527505666","7.34463031144587","7.32650734826546","7.317503480086","7.31382708406479","7.35091129326118","7.3626732411265","7.72178894129542","8.19409134679692","7.81437006606616","7.94082428143267","7.89968239205934","",
"Lithuania","LTU","Death rate, crude (per 1,000 people)","SP.DYN.CDRT.IN","7.8","7.9","8.7","8","7.4","7.9","7.9","8.1","8.4","8.7","8.9","8.5","9.1","9","9","9.5","9.6","9.8","10.1","10.3","10.5","10.4","10.1","10.5","11","11.1","10","10.2","10.3","10.4","10.8","11.1","11.2","12.5","12.7","12.5","11.9","11.5","11.5","11.4","11.1","11.6","11.9","12","12.2","13.2","13.7","14.1","13.7","13.3","13.6","13.6","13.7","14","13.7","14.4","14.3","14.1","14","13.6","15.5","17","15.1","12.9","13","",
"Luxembourg","LUX","Death rate, crude (per 1,000 people)","SP.DYN.CDRT.IN","11.8","11.4","12.6","12.1","11.8","12.2","12.1","12.3","12.2","12.4","12.2","12.8","11.9","12","12.2","12.2","12.5","11.3","11.6","11","11.3","11.2","11.3","11.3","11.1","11","10.8","10.8","10.3","10.6","9.9","9.7","10.3","9.8","9.4","9.3","9.4","9.4","9.2","8.8","8.6","8.4","8.4","9","7.8","7.8","8","8.1","7.4","7.3","7.4","7.4","7.3","7","6.9","7","6.8","7.1","7.1","6.9","7.3","7","6.8","6.6","6.6","",
"Latvia","LVA","Death rate, crude (per 1,000 people)","SP.DYN.CDRT.IN","10","10.1","10.8","10.3","9.4","10.1","10.2","10.6","10.8","11.2","11.3","11.1","11.4","11.6","11.5","12.2","12.3","12.4","12.5","12.8","12.8","12.7","12.3","12.7","13","13.2","12","12.2","12.2","12.2","13.1","13.1","13.5","15.3","16.6","15.7","14","13.8","14.2","13.7","13.6","14.1","14.1","14.2","14.2","14.6","14.9","15","14.2","14","14.3","13.9","14.3","14.3","14.3","14.4","14.6","14.8","15","14.5","15.2","18.4","16.4","14.9","14.3","",
"Macao SAR, China","MAC","Death rate, crude (per 1,000 people)","SP.DYN.CDRT.IN","9.455","9.095","8.699","8.354","6.697","6.427","6.095","5.875","5.702","5.746","5.612","5.478","4.976","4.968","11.335","10.449","9.437","9.045","8.37","7.755","7.192","6.613","6.26","6.171","6.062","5.1","4.5","4.3","4.5","4.7","4.4","3.8","3.9","4","3.4","3.3","3.4","3.1","3.2","3.2","3.1","3.1","3.2","3.3","3.4","3.4","3.1","3","3.2","3.1","3.3","3.4","3.2","3.2","3.1","3.1","3.4","3.3","3.1","3.4","3.3","3.4","4.4","4.4","3.6","",
"St. Martin (French part)","MAF","Death rate, crude (per 1,000 people)","SP.DYN.CDRT.IN","6.778","6.628","6.465","6.305","6.164","6.016","5.825","5.641","5.537","5.378","5.211","5.093","5.002","4.927","4.858","4.795","4.71","4.619","4.512","4.406","4.286","4.147","3.649","3.391","3.231","3.105","2.995","2.9","2.809","2.725","2.743","2.738","2.758","2.809","2.894","3.006","3.144","3.297","3.472","3.607","3.576","3.54","3.507","3.482","3.466","3.464","3.482","3.514","3.557","3.611","3.662","3.712","3.776","3.841","3.931","4.036","4.169","4.687","4.476","6.886","12.649","8.933","9.021","9.282","9.657","",
"Morocco","MAR","Death rate, crude (per 1,000 people)","SP.DYN.CDRT.IN","22.98","21.366","20.915","20.399","19.82","19.239","18.66","18.072","17.524","17.018","16.567","16.152","15.731","15.324","14.899","14.455","13.95","13.407","12.872","12.344","11.837","11.37","10.874","10.371","9.902","9.438","9.021","8.66","8.342","8.053","7.797","7.6","7.41","7.219","7.059","6.956","6.825","6.738","6.644","6.541","6.458","6.379","6.32","6.282","6.27","6.195","6.155","6.097","6.047","6.01","5.984","5.91","5.847","5.771","5.716","5.686","5.672","5.63","5.616","5.629","6.479","6.422","5.572","5.638","5.726","",
"Monaco","MCO","Death rate, crude (per 1,000 people)","SP.DYN.CDRT.IN","15.79","16.018","16.269","16.428","16.354","16.378","16.452","16.757","16.967","16.954","16.916","17.022","17.217","17.524","17.796","17.96","17.559","17.069","16.639","16.536","16.6","16.783","16.597","15.998","15.131","14.093","13.088","12.317","12.292","12.485","12.69","12.514","12.203","11.944","11.727","11.569","11.449","11.344","11.239","11.193","11.108","10.947","10.532","10.175","9.884","9.921","10.266","10.738","10.908","11.104","11.875","12.874","14.423","16.242","18.028","19.5","20.841","21.068","21.274","22.362","21.439","24.387","23.496","20.971","20.141","",
"Moldova","MDA","Death rate, crude (per 1,000 people)","SP.DYN.CDRT.IN","11.187","11.006","10.819","10.671","10.54","10.492","10.485","10.516","10.58","10.648","10.751","10.694","10.637","10.623","10.627","10.644","10.67","10.711","10.759","10.772","10.314","10.19","10.176","10.166","10.165","10.025","9.84","9.617","9.505","9.598","9.905","10.304","10.974","11.305","11.71","11.916","12.027","12.004","11.883","11.787","11.819","11.926","12.112","12.277","12.392","12.425","12.463","12.477","12.44","12.336","12.18","12.185","12.3","12.558","12.759","13.094","13.246","13.253","13.63","13.919","14.759","16.7","13.07","13.606","13.823","",
"Madagascar","MDG","Death rate, crude (per 1,000 people)","SP.DYN.CDRT.IN","21.485","21.033","20.614","20.169","19.767","19.395","18.963","18.6","18.26","17.996","17.616","17.422","17.231","16.958","16.706","16.516","16.387","16.3","16.261","16.231","16.247","16.295","16.117","15.992","15.859","15.656","15.384","15.011","14.735","14.437","14.193","13.896","13.601","13.12","12.797","12.437","12.06","11.668","11.255","10.841","10.464","10.02","9.688","9.361","9.077","8.793","8.536","8.334","8.117","7.972","7.826","7.683","7.602","7.536","7.495","7.461","7.452","7.48","7.491","7.518","7.869","7.94","7.728","7.528","7.471","",
"Maldives","MDV","Death rate, crude (per 1,000 people)","SP.DYN.CDRT.IN","26.63","26.526","26.321","25.959","25.485","24.676","23.763","22.552","21.585","20.968","20.285","19.514","18.724","17.933","17.082","16.312","15.668","15.015","15.794","13.692","13.044","12.457","11.907","11.384","10.847","10.408","9.978","9.522","9.051","8.576","8.136","7.684","7.227","6.804","6.421","6.079","5.672","5.273","4.944","4.633","4.412","4.211","4.069","3.89","4.103","3.66","3.635","3.547","3.485","3.388","3.288","3.196","3.112","3.037","2.958","2.851","2.763","2.685","2.642","2.579","2.963","3.118","2.329","2.338","2.364","",
"Middle East, North Africa, Afghanistan & Pakistan","MEA","Death rate, crude (per 1,000 people)","SP.DYN.CDRT.IN","21.9386266673358","21.2860725611188","20.9035854050643","20.1087846150334","19.479973190132","18.9684015435202","18.3500390574904","17.821543299379","17.3503410936684","16.8101127226483","16.3333531810503","16.5910376519824","15.4294871394775","15.023138029817","14.600502869792","14.1910393831384","13.9338062605332","13.3179933312481","13.0359970774702","12.549141506787","12.1904789078981","11.9151862442213","11.6686236033891","11.0771362499201","10.806904291918","10.4662103534859","9.95570824437223","9.63545255459301","9.33963331294805","8.98100580828189","8.87375677796937","8.4398861673874","8.15689642297416","7.93356087196946","7.82594320594434","7.65897686929547","7.49334369284819","7.36873810888337","7.21390719044303","7.02667288640031","6.88687725906014","6.72620471797115","6.58385835085417","6.54706564339562","6.38634621819332","6.41814538550246","6.24109223316098","6.17345857928454","6.0699585299591","6.00269303455125","5.96483170395813","5.92026897359686","5.93283755217467","5.87102420338753","5.79209068095591","5.76548409396423","5.68103870175183","5.61154353692807","5.55563178463691","5.47939645694138","6.20361462553811","6.2840358206747","5.35811738067193","5.28288911918863","5.27334470449628","",
"Mexico","MEX","Death rate, crude (per 1,000 people)","SP.DYN.CDRT.IN","13.993","13.345","12.846","12.462","12.105","11.606","11.168","10.778","10.54","10.339","10.013","9.683","9.293","8.971","8.573","8.182","7.859","7.584","7.351","7.116","6.896","6.701","6.571","6.472","6.402","6.314","6.22","6.148","6.128","6.155","6.159","6.064","5.961","5.874","5.788","5.695","5.622","5.561","5.534","5.493","5.481","5.433","5.45","5.469","5.517","5.537","5.575","5.62","5.682","5.735","5.733","5.698","5.674","5.677","5.705","5.768","5.868","5.997","6.071","6.083","8.429","9.015","6.521","6.161","6.219","",
"Marshall Islands","MHL","Death rate, crude (per 1,000 people)","SP.DYN.CDRT.IN","16.101","15.682","15.185","14.734","14.38","14.094","13.922","13.642","12.922","12.083","11.35","10.951","10.887","10.827","10.777","10.582","10.339","10.081","9.837","9.592","9.312","9.063","8.844","8.62","8.404","8.208","8.034","7.877","7.756","7.666","7.557","7.451","7.334","7.21","7.095","6.998","6.905","6.817","6.738","6.654","6.745","6.619","6.615","6.616","6.622","6.637","6.626","6.619","6.599","6.539","6.465","6.381","6.376","6.385","6.436","6.493","6.563","6.639","6.714","6.787","7.296","7.389","6.862","6.968","7.131","",
"Middle income","MIC","Death rate, crude (per 1,000 people)","SP.DYN.CDRT.IN","20.3482167821592","16.3727328700164","14.793814307425","14.5918564535444","14.8397713073529","14.4858844727694","13.8397969928885","13.4639317562676","13.0040444894548","12.7395308919035","12.5648513871157","12.8126003097442","12.0904484378249","11.6953081230941","11.6165475599043","11.5090355296789","11.3106204276477","10.9669644029216","10.5902674989006","10.2706643359993","10.1602049430908","10.0081488456979","9.9294783151493","9.84834419416253","9.66421308018308","9.50437227548022","9.3649480302418","9.18127866638648","9.04338401488539","8.87265775282945","8.81686702009205","8.74832118981432","8.6104741130034","8.51923418191209","8.38534032774031","8.32265369738503","8.23293650238696","8.12696576288326","8.04518348046046","7.95522877132436","7.85845050440629","7.78445470221176","7.69446487141663","7.62584145960296","7.60111396087891","7.52102579770302","7.52690646632881","7.49177487271866","7.48317879496182","7.3858941629799","7.33579727462573","7.26072557291469","7.19534373210306","7.14633481894568","7.09960827516928","7.05360440432535","7.02934381268474","6.99968138429207","6.99103020276297","6.98533510747071","7.47621331093206","8.31109624072466","7.09711945358697","7.13894821612083","7.1088636971711","",
"North Macedonia","MKD","Death rate, crude (per 1,000 people)","SP.DYN.CDRT.IN","10.911","10.089","11.077","10.072","9.957","9.441","8.98","8.79","8.422","8.645","8.217","8.147","8.024","7.426","7.457","7.458","7.269","7.151","6.874","6.933","7.035","6.962","6.904","7.076","7.01","7.118","7.208","7.29","7.378","7.212","7.285","7.286","7.737","7.808","8.142","8.063","8.707","8.3","8.4","8.3","8.5","8.3","8.9","8.9","8.8","9","9.1","9.6","9.3","9.3","9.3","9.5","9.8","9.3","9.5","9.9","9.853364793075","9.8","9.5","9.8","12.4","15.5","12.3","11","11.1","",
"Mali","MLI","Death rate, crude (per 1,000 people)","SP.DYN.CDRT.IN","34.347","34.171","33.977","33.793","33.58","33.275","33.037","32.642","32.299","32.02","31.493","31.108","30.419","29.868","29.252","28.587","27.961","27.253","26.562","25.924","25.266","24.64","23.902","23.051","22.442","21.952","21.377","20.856","20.414","19.928","19.559","19.223","18.88","18.541","18.216","17.839","17.586","17.12","16.73","16.404","16.02","15.536","15.062","14.632","14.214","13.843","13.459","13.101","12.756","12.437","12.12","11.812","11.559","11.217","10.887","10.59","10.268","10.033","9.774","9.475","9.502","9.277","8.859","8.627","8.51","",
"Malta","MLT","Death rate, crude (per 1,000 people)","SP.DYN.CDRT.IN","8.6","9","8.8","9.2","8.6","9.4","9.1","9.6","9.4","9.9","10.1","10.2","9.6","9.7","9.1","9.5","9.7","9.4","10.5","9.5","10.2","9.6","9.4","9.5","8.8","8.4","8.3","8.4","7.8","7.4","7.8","7.9","7.9","7.3","7.2","7.2","7.3","7.5","7.8","7.9","7.5","7.4","7.6","7.9","7.5","7.8","7.9","7.6","7.9","7.8","7.3","7.8","8.1","7.6","7.5","7.7","7.4","7.6","7.6","7.3","7.9","8","8","7.3","7.3","",
"Myanmar","MMR","Death rate, crude (per 1,000 people)","SP.DYN.CDRT.IN","20.518","20.038","19.474","18.903","18.338","17.763","17.175","16.664","16.257","15.819","15.501","15.133","14.873","14.635","14.404","14.132","13.87","13.638","13.477","13.187","12.975","12.783","12.624","12.491","12.337","12.173","11.957","11.736","11.56","11.387","11.259","11.162","11.035","10.882","10.754","10.604","10.376","10.235","10.09","10.043","9.983","9.918","9.852","9.777","9.708","9.637","9.567","9.49","12.279","9.3","9.212","9.125","9.043","8.982","8.92","8.904","8.861","8.855","8.827","8.847","8.994","9.819","9.18","9.153","9.176","",
"Middle East, North Africa, Afghanistan & Pakistan (excluding high income)","MNA","Death rate, crude (per 1,000 people)","SP.DYN.CDRT.IN","22.217739855914","21.5548457664432","21.1766636587517","20.3673415138263","19.7318018852028","19.218452939656","18.5943889842448","18.0644000788906","17.5905669898851","17.0462476333955","16.5691015466208","16.8654340778885","15.6722518009922","15.2756741626805","14.8565523834432","14.4492315307405","14.2096158412759","13.5841346697407","13.3122171222855","12.8257570388787","12.4706464507285","12.2051147043946","11.9598200920495","11.3545682460938","11.0904896477537","10.7497353542919","10.2250192537908","9.90460333010701","9.60893584525938","9.23713082093262","9.11886729009731","8.67615168551881","8.3927674226014","8.16165567681607","8.05641713307944","7.88994835328642","7.72490444548707","7.59908029269142","7.44218448399255","7.25207697466778","7.11467622788675","6.95819553159622","6.81706945748265","6.78740628216706","6.62656850045798","6.66825405927924","6.48846381814087","6.42697763892394","6.33067754756034","6.26916491583328","6.22798969380528","6.18760176470549","6.21157969358684","6.16006628385174","6.08567756645915","6.07202491769587","5.99397995523691","5.91817819647849","5.85027561810575","5.76039002544217","6.53144976980249","6.59443643039469","5.60732350870116","5.55223906087096","5.54650486139431","",
"Montenegro","MNE","Death rate, crude (per 1,000 people)","SP.DYN.CDRT.IN","9.606","9.354","9.162","8.924","8.584","8.24","7.99","7.683","7.447","7.354","7.291","7.17","7.04","6.952","6.999","6.943","6.964","7.143","7.168","7.386","7.173","7.322","7.332","7.428","7.527","7.551","7.46","7.359","7.33","7.209","7.263","7.356","7.547","7.638","7.843","8","8.2","8.5","8.7","8.9","9","8.9","9","9.3","9.3","9.5","9.7","9.7","9.3","9.5","9.1","9.4","9.5","9.5","9.6","10.1","10.3","10.4","10.4","10.5","11.6","14.6","11.3","10.1","10.2","",
"Mongolia","MNG","Death rate, crude (per 1,000 people)","SP.DYN.CDRT.IN","22.928","22.506","22.072","21.624","20.979","20.26","19.584","18.773","18.022","17.281","16.761","16.286","15.846","15.451","15.098","14.794","14.517","14.268","14.014","13.704","13.549","13.374","13.187","12.983","12.755","12.502","12.197","11.887","11.547","11.084","10.539","9.805","9.218","8.778","8.601","8.488","8.347","8.058","7.695","7.363","7.08","7","6.995","7.026","7.069","7.018","6.868","6.655","6.555","6.654","6.7","6.9","6.3","5.9","5.7","5.8","5.8","5.5","5.6","5.6","5.1","6.2","5.6","5.5","5.5","",
"Northern Mariana Islands","MNP","Death rate, crude (per 1,000 people)","SP.DYN.CDRT.IN","7.776","7.615","7.447","7.254","7.084","6.89","6.703","6.68","6.939","6.764","6.117","5.774","5.627","5.549","5.545","5.404","5.267","5.157","5.102","5.06","4.813","4.546","4.346","4.216","4.119","4.068","4.066","4.091","4.089","4.083","4.165","4.151","4.057","3.957","3.837","3.678","3.384","3.175","2.934","2.725","2.633","2.611","2.564","2.515","2.542","2.499","2.51","2.576","2.671","2.796","2.918","3.081","3.259","3.447","3.615","3.765","3.9","4.016","4.133","4.142","4.146","4.381","4.505","4.704","4.977","",
"Mozambique","MOZ","Death rate, crude (per 1,000 people)","SP.DYN.CDRT.IN","23.568","23.362","23.189","23.045","23.256","23.111","23.028","22.888","22.736","22.566","22.381","22.209","22.131","21.98","21.694","21.351","21.398","21.494","21.615","21.829","22.129","23.997","23.789","23.673","25.384","25.154","23.205","23.337","21.289","20.932","20.451","20.014","19.621","18.804","17.964","18.017","17.531","17.061","16.676","16.178","15.664","15.044","14.524","14.074","13.666","13.277","12.926","12.57","12.261","11.929","11.543","11.108","10.665","10.233","9.779","9.371","8.984","8.633","8.324","8.078","8.007","8.403","7.255","7.002","6.908","",
"Mauritania","MRT","Death rate, crude (per 1,000 people)","SP.DYN.CDRT.IN","20.04","19.68","19.271","18.857","18.407","17.964","17.517","17.062","16.679","16.314","16.023","15.871","15.673","15.537","15.375","15.24","15.073","14.892","14.623","14.299","13.978","13.647","13.269","12.978","12.563","12.151","11.79","11.387","11.061","10.956","10.689","10.555","10.302","10.316","10.31","10.291","10.204","9.824","9.512","9.18","8.861","8.578","8.281","8.004","7.744","7.494","7.242","7.068","6.896","6.953","7.054","7.205","7.381","7.564","7.26","6.993","6.731","6.513","6.286","6.115","6.41","6.29","5.627","5.52","5.414","",
"Mauritius","MUS","Death rate, crude (per 1,000 people)","SP.DYN.CDRT.IN","10.111","9.8","9.3","9.7","8.7","8.8","9","8.6","9.2","8.3","7.9","7.7","7.9","7.8","7.3","8.1","7.7","7.8","7.1","7.2","7.2","6.8","6.6","6.5","6.6","6.8","6.6","6.5","6.6","6.8","6.6","6.6","6.5","6.8","6.7","6.7","6.8","7","6.8","6.8","6.7","6.7","6.9","7","6.9","7","7.4","6.9","7.2","7.4","7.3","7.3","7.5","7.5","7.7","7.8","8.1","8.1","8.6","8.9","8.8","10.6","10.3","9.5","10","",
"Malawi","MWI","Death rate, crude (per 1,000 people)","SP.DYN.CDRT.IN","30.101","29.99","29.884","29.782","29.754","29.686","29.598","29.487","29.352","29.117","28.75","28.226","27.67","26.916","26.085","25.247","24.387","23.526","22.666","22.226","21.942","21.772","21.733","21.691","21.825","21.988","22.149","22.01","22.831","22.518","22.231","21.962","21.514","21.519","21.316","20.556","20.127","19.735","19.412","18.657","18.022","17.367","16.779","15.903","15.076","14.32","13.667","13.053","12.386","11.541","10.708","9.939","9.239","8.623","8.081","7.642","7.184","6.816","6.546","6.301","6.189","6.257","5.803","5.363","5.292","",
"Malaysia","MYS","Death rate, crude (per 1,000 people)","SP.DYN.CDRT.IN","11.326","10.676","10.059","9.488","8.957","8.495","8.14","7.898","7.673","7.459","7.256","7.036","6.839","6.65","6.469","6.288","6.1","5.936","5.794","5.664","5.512","5.384","5.252","5.156","5.053","4.956","4.873","4.806","4.756","4.692","4.657","4.6","4.552","4.508","4.498","4.493","4.479","4.453","4.461","4.494","4.431","4.359","4.278","4.257","4.225","4.187","4.165","4.175","4.212","4.271","4.334","4.401","4.478","4.607","4.749","4.864","4.915","4.931","4.946","4.98","5.034","6.201","5.547","5.158","5.273","",
"North America","NAC","Death rate, crude (per 1,000 people)","SP.DYN.CDRT.IN","9.34652755540906","9.15501261907105","9.33634871838465","9.43571074817574","9.22587146706759","9.23416262994574","9.31454041183914","9.21335866649471","9.57477209778814","9.2928556868471","9.29241363359968","9.10836511725564","9.20814442289638","9.1172504851032","8.93575241358676","8.65447656323549","8.64431423689997","8.45386245331367","8.54421954610406","8.35412571118821","8.63416810238864","8.44359658725132","8.36285807332994","8.4431840547119","8.53327152649547","8.53325929358576","8.55278849560561","8.46210533435561","8.74181290471037","8.65055529453253","8.47003250732897","8.44018909796498","8.34049917796209","8.63080724025955","8.63097862217198","8.64108898236877","8.64122759649087","8.55141560405207","8.46170703439057","8.46208677254565","8.36230192787477","8.36218310213238","8.36200803667718","8.28168854063533","8.09158547740369","8.19158713670022","7.9916214538627","7.92117424398923","8.01121640369986","7.82092327390336","7.90630536205068","7.97642751190665","8.00231585828143","8.11376122607349","8.14339551071781","8.3361474511813","8.38354638110472","8.53357099239408","8.57884854090137","8.58483368893004","10.0465049044242","10.1725903606865","9.6849586583523","9.09367331369541","8.88097392636789","",
"Namibia","NAM","Death rate, crude (per 1,000 people)","SP.DYN.CDRT.IN","17.901","17.437","16.97","16.546","16.09","15.666","15.418","15.004","14.609","14.232","13.871","13.488","13.137","12.784","12.452","12.07","11.771","11.408","11.168","10.797","11.929","11.673","11.254","10.998","10.711","10.445","10.252","10.015","9.969","8.966","8.856","9.027","9.203","9.467","9.725","10.037","10.361","10.716","11.258","11.669","12.213","12.742","12.733","12.801","12.71","12.582","12.318","11.932","11.63","11.389","11.077","10.848","10.299","9.956","9.567","9.253","8.898","8.52","8.127","7.722","7.519","9.175","7.471","6.169","6.176","",
"New Caledonia","NCL","Death rate, crude (per 1,000 people)","SP.DYN.CDRT.IN","14.495","13.975","13.439","12.936","12.443","11.925","11.414","10.91","10.426","9.929","9.423","9.093","8.81","8.48","8.187","7.938","7.799","7.616","7.405","7.22","7.048","6.908","6.705","6.502","6.34","6.253","6.215","6.193","6.191","6.165","5.883","5.857","5.798","5.723","5.636","5.548","5.469","5.369","5.287","5.214","5.161","5.115","5.097","5.119","5.16","5.216","5.214","5.328","5.436","5.526","5.549","5.501","5.476","5.484","5.559","5.69","5.813","5.933","6.07","6.278","7.412","6.664","6.8","6.271","6.251","",
"Niger","NER","Death rate, crude (per 1,000 people)","SP.DYN.CDRT.IN","27.633","27.563","27.553","27.456","27.443","27.5","27.579","27.668","27.785","27.914","28.016","28.655","28.196","28.13","27.946","27.655","27.219","26.749","26.339","25.928","25.697","25.603","25.562","25.56","25.638","25.594","25.512","25.336","25.03","24.636","24.126","23.607","22.918","22.227","21.544","20.778","20.112","19.473","18.882","18.308","17.7","17.076","16.403","15.662","14.965","14.258","13.586","12.981","12.434","12","11.605","11.261","10.99","10.751","10.532","10.386","10.156","9.957","9.769","9.573","9.526","9.55","9.173","8.859","8.719","",
"Nigeria","NGA","Death rate, crude (per 1,000 people)","SP.DYN.CDRT.IN","26.457","26.286","26.165","26.016","25.89","25.698","25.598","26.356","25.297","25.049","24.206","23.752","23.228","22.804","22.315","21.906","21","20.5","20.12","19.778","19.526","19.201","19.034","19.034","18.937","18.928","18.984","18.926","18.89","18.848","18.855","18.972","18.851","18.675","18.65","18.535","18.513","18.358","18.153","17.803","17.439","17.149","16.799","16.37","15.986","15.692","15.43","15.067","14.801","14.554","14.36","14.203","14.019","13.864","13.736","13.656","13.408","13.192","12.952","12.679","12.586","12.306","11.953","11.74","11.641","",
"Nicaragua","NIC","Death rate, crude (per 1,000 people)","SP.DYN.CDRT.IN","18.812","18.029","17.447","16.841","16.227","15.517","14.902","14.396","14.025","13.685","13.368","13.097","16.771","12.539","12.296","12.051","11.824","11.734","12.901","14.109","10.662","10.408","10.126","10.739","10.918","10.67","10.051","10.029","8.897","7.982","7.656","7.255","7.048","6.825","6.6","6.446","6.297","6.229","6.912","6.234","6.145","5.982","5.735","5.556","5.401","5.21","5.115","5.104","5.097","5.127","5.09","5.051","4.964","4.982","4.964","4.993","4.959","4.949","4.832","4.95","6.663","6.618","4.691","4.586","4.636","",
"Netherlands","NLD","Death rate, crude (per 1,000 people)","SP.DYN.CDRT.IN","7.6","7.6","7.9","8","7.7","8","8.1","7.9","8.2","8.4","8.4","8.4","8.5","8.2","8.1","8.3","8.3","7.9","8.2","8","8.1","8.1","8.2","8.2","8.3","8.5","8.6","8.3","8.4","8.7","8.6","8.6","8.6","9","8.7","8.8","8.9","8.7","8.8","8.9","8.8","8.7","8.8","8.7","8.4","8.4","8.3","8.1","8.2","8.1","8.2","8.1","8.4","8.4","8.3","8.7","8.7","8.8","8.9","8.8","9.7","9.8","9.6","9.5","9.6","",
"Norway","NOR","Death rate, crude (per 1,000 people)","SP.DYN.CDRT.IN","9.1","9.2","9.4","10","9.5","9.4","9.6","9.6","9.9","10.1","10","10","10","10.1","9.9","10","10","9.8","10","10.2","10.1","10.2","10.1","10.2","10.3","10.7","10.5","10.7","10.8","10.7","10.9","10.5","10.4","10.8","10.2","10.4","10","10.1","10","10.1","9.8","9.7","9.8","9.3","9","8.9","8.9","8.9","8.7","8.6","8.5","8.4","8.4","8.1","7.9","7.8","7.8","7.7","7.7","7.6","7.5","7.8","8.4","7.9","7.9","",
"Nepal","NPL","Death rate, crude (per 1,000 people)","SP.DYN.CDRT.IN","24.717","24.473","24.169","23.922","23.394","22.99","22.527","22.136","21.776","21.318","20.964","20.597","20.218","19.824","19.5","19.076","18.728","18.251","17.846","17.438","17.012","16.763","16.392","16.047","15.677","15.208","14.756","14.256","13.795","13.232","12.764","12.242","11.639","11.197","10.639","10.268","9.824","9.344","8.947","8.669","8.369","8.046","7.912","7.623","7.432","7.247","7.043","7.001","6.969","6.996","7.028","6.998","7.029","7.061","7.098","7.385","7.065","7.07","7.07","7.024","7.272","7.761","6.888","6.932","6.972","",
"Naoero","NRU","Death rate, crude (per 1,000 people)","SP.DYN.CDRT.IN","11.413","10.917","10.584","10.26","9.98","9.691","9.559","9.253","8.994","7.946","7.755","7.781","7.92","8.127","8.375","8.654","8.94","9.25","9.752","10.259","10.747","11.184","11.596","12.023","11.989","11.825","11.547","11.19","10.741","10.185","9.55","8.864","8.14","7.856","7.73","7.668","7.66","7.705","7.771","7.853","7.896","7.917","7.885","7.877","7.997","8.098","8.178","8.244","8.248","8.232","8.156","8.021","7.783","7.692","7.642","7.64","7.628","7.608","7.578","7.573","7.552","7.661","7.472","7.519","7.574","",
"New Zealand","NZL","Death rate, crude (per 1,000 people)","SP.DYN.CDRT.IN","8.79","8.98","8.89","8.84","8.83","8.72","8.86","8.43","8.88","8.69","8.81","8.49","8.51","8.5","8.3","8.1","8.13","8.26","7.85","8.08","8.48","7.97","8.03","8.07","7.8","8.4","8.25","8.3","8.26","8.12","7.89","7.55","7.67","7.58","7.44","7.57","7.57","7.26","6.87","7.33","6.91","7.16","7.1","6.95","6.95","6.54","6.75","6.75","6.85","6.73","6.53","6.86","6.82","6.65","6.87","6.85","6.61","6.92","6.78","6.88","6.43","6.87","7.58","7.29","7.13","",
"OECD members","OED","Death rate, crude (per 1,000 people)","SP.DYN.CDRT.IN","10.2828354108707","10.0912852909916","10.2402308286908","10.1667289517905","9.89473032777796","9.96302807856936","9.87396661719808","9.69000017712616","9.90471661408675","9.8607957866331","9.73987289376442","9.58451518545015","9.45652426312032","9.49167926500533","9.31578405327352","9.25323769687842","9.19224243789597","8.94207168968021","8.96512177000083","8.8120738865603","8.94497165323735","8.76110302284797","8.65146309212877","8.73822332827773","8.63764210765912","8.73343971772412","8.61797744853666","8.50342575413332","8.56484823629054","8.53291826533831","8.51827787442823","8.48484441137448","8.38810043405181","8.50663107849235","8.40959365569102","8.43940010548977","8.36428124092977","8.29117562527427","8.27458142957265","8.31603098771224","8.16481435292282","8.09939788454352","8.12541896189915","8.17507396482862","7.95980164262931","8.07837296947855","7.95591194288406","7.99328344530422","8.07356524497805","7.95331567696425","7.99393943263496","8.03607922017984","8.13900130676999","8.16058392738424","8.11428883063971","8.39322454496879","8.36406198627353","8.53111919774223","8.57534117569014","8.55822060985299","9.67686131841407","9.93672129456694","9.55353786636205","9.12294008707727","9.03610700064115","",
"Oman","OMN","Death rate, crude (per 1,000 people)","SP.DYN.CDRT.IN","30.071","29.218","28.295","27.304","26.287","25.24","24.176","23.102","22.022","20.941","20.022","18.974","18.118","17.109","16.044","15.103","13.899","13.148","12.172","11.355","10.57","9.829","9.06","8.355","7.703","7.053","6.434","5.898","5.445","5.067","4.751","4.485","4.263","4.087","3.975","3.798","3.641","3.499","3.371","3.258","3.155","3.062","2.98","2.909","2.802","2.766","2.727","2.709","2.621","2.549","2.456","2.182","2.2","2.192","2.113","2.057","2.017","1.993","1.992","2.001","2.444","2.785","2.13","1.901","1.904","",
"Other small states","OSS","Death rate, crude (per 1,000 people)","SP.DYN.CDRT.IN","14.5499927867044","14.4096055688931","14.2050736719294","14.1931431009511","13.7145274841609","13.4950040556264","13.3768185500612","13.1568272206872","13.1416823444148","13.0591641860068","12.867437412772","12.6584788644625","12.5564770273682","12.4017535542457","13.0895964816596","13.7630687440103","13.4250236529035","13.3856730747692","13.6013858218636","13.3060357872174","12.5122021524505","12.3132728352223","11.9875744652213","11.939663424601","11.6294580671008","11.500366329707","11.1139415957717","10.8673554150748","10.7598236528129","10.0100403163015","9.98858501754214","10.0080473481416","10.0777429883638","10.0728779882077","10.1953702114097","10.0737315714578","9.83651100148097","9.82832535259251","9.97713810212325","10.2707556491148","9.31301682437636","9.25904666964274","9.28836729832104","9.32474877338915","9.27070946486757","9.20460624013105","9.15453800835969","8.96964712318733","8.82393868599162","8.66916249957801","8.44357764379212","8.33821437868546","8.24551384856905","8.12563125668845","8.06780506237491","7.99219999576878","7.96335208436305","7.90732258450342","7.8962215532629","7.82588761232274","8.00673113075086","8.82807316664978","8.12690008028188","7.64971162701934","7.66720746801045","",
"Pakistan","PAK","Death rate, crude (per 1,000 people)","SP.DYN.CDRT.IN","20.065","19.483","18.857","18.234","17.506","17.066","16.223","15.618","15.084","14.65","14.273","16.533","13.75","13.61","13.507","13.263","13.084","12.887","12.616","12.351","12.066","11.883","11.707","11.571","11.459","11.344","11.259","11.188","11.079","10.942","10.763","10.625","10.513","10.351","10.187","10.029","9.834","9.658","9.348","9.122","8.899","8.685","8.492","8.32","8.137","8.411","7.904","7.84","7.8","7.741","7.691","7.575","7.482","7.377","7.272","7.164","7.039","6.94","6.852","6.772","7.301","7.23","6.513","6.466","6.445","",
"Panama","PAN","Death rate, crude (per 1,000 people)","SP.DYN.CDRT.IN","9.598","9.288","9.042","8.854","8.7","8.554","8.386","8.227","8.017","7.785","7.574","7.27","7.011","6.722","6.376","6.08","5.861","5.685","5.536","5.412","5.312","5.228","5.237","5.194","5.135","5.122","5.115","5.102","5.093","5.434","5.068","5.086","5.085","5.01","5.015","5.055","5.038","4.968","4.944","4.884","4.829","4.763","4.699","4.637","4.622","4.589","4.579","4.586","4.583","4.577","4.609","4.624","4.646","4.658","4.673","4.714","4.739","4.782","4.722","4.719","5.864","5.643","4.751","4.771","4.914","",
"Peru","PER","Death rate, crude (per 1,000 people)","SP.DYN.CDRT.IN","17.139","16.69","16.386","15.83","15.473","15.193","14.91","14.638","14.352","14.069","18.817","13.548","13.306","13.175","12.794","12.45","12.155","11.881","11.545","11.198","10.853","10.454","10.138","9.862","9.567","9.159","8.852","8.578","8.291","8.033","7.72","7.556","7.178","6.856","6.504","6.299","6.127","6.004","5.903","5.732","5.631","5.592","5.606","5.679","5.89","5.926","6.079","6.195","6.505","6.722","6.733","6.671","6.469","6.321","6.123","6.037","6.036","6.102","6.173","6.16","7.415","9.297","6.389","5.491","5.595","",
"Philippines","PHL","Death rate, crude (per 1,000 people)","SP.DYN.CDRT.IN","10.014","9.732","9.462","9.203","9.031","8.778","8.57","8.39","8.251","8.151","8.202","8.054","8.092","8.143","8.103","8.06","8.082","7.858","7.858","7.798","7.741","7.723","7.635","7.581","7.563","7.431","7.364","7.17","6.991","6.814","6.68","6.576","6.237","6.115","5.989","5.886","5.74","5.637","5.559","5.475","5.394","5.421","5.426","5.407","5.356","5.357","5.519","5.428","5.463","5.526","5.482","5.463","5.459","5.508","5.558","5.583","5.662","5.565","5.753","5.896","5.831","7.992","6.266","6.236","6.35","",
"Palau","PLW","Death rate, crude (per 1,000 people)","SP.DYN.CDRT.IN","14.595","14.159","13.684","13.332","13.003","12.777","12.519","12.353","12.251","12.168","11.872","11.387","11.038","10.765","10.619","10.332","10.067","9.831","9.642","9.54","9.445","9.326","9.246","9.186","9.122","9.097","9.132","9.305","9.548","9.845","10.157","10.158","10.119","10.108","10.039","9.944","9.842","9.787","9.77","9.8","9.922","9.961","9.943","9.884","9.857","9.915","9.798","9.629","9.485","9.349","9.261","9.195","9.143","9.053","9.241","9.503","9.774","10.047","10.341","10.631","11.13","11.538","11.502","11.495","11.729","",
"Papua New Guinea","PNG","Death rate, crude (per 1,000 people)","SP.DYN.CDRT.IN","16.898","16.463","16.265","15.599","15.178","14.744","14.309","13.854","13.424","12.997","12.579","12.25","11.814","11.397","11.002","10.649","10.321","10.023","9.762","9.527","9.321","9.164","9.05","8.994","8.895","8.827","8.758","8.685","8.641","8.552","8.459","8.37","8.229","8.16","8.061","7.984","7.945","7.882","8.296","7.818","7.785","7.779","7.803","7.775","7.76","7.738","7.681","7.607","7.489","7.389","7.285","7.167","7.076","6.977","6.89","6.804","6.744","6.692","6.661","6.624","6.824","7.229","6.846","6.516","6.554","",
"Poland","POL","Death rate, crude (per 1,000 people)","SP.DYN.CDRT.IN","7.6","7.6","7.9","7.5","7.6","7.4","7.4","7.7","7.6","8.1","8.2","8.7","8","8.4","8.2","8.7","8.9","9","9.4","9.2","9.8","9.2","9.3","9.6","10","10.3","10.1","10.1","9.9","10.1","10.2","10.6","10.3","10.2","10","10","10","9.8","9.7","9.9","9.6","9.5","9.4","9.6","9.5","9.6","9.7","9.9","10","10.1","9.9","9.9","10.1","10.2","9.9","10.4","10.2","10.6","10.9","10.8","12.7","14","12.2","11.1","11.2","",
"Pre-demographic dividend","PRE","Death rate, crude (per 1,000 people)","SP.DYN.CDRT.IN","24.6540097659355","24.4463766983758","24.0291205553737","23.7748445515896","23.4946903033265","23.2569620130328","22.9886009042453","22.9005127678482","22.396759043745","22.1293551380703","21.6581871497053","21.2827686899523","21.1456110652168","20.5079104719345","20.1456692792042","19.8472828244507","19.3803182530825","18.996925666203","18.7638725225208","18.5347271401022","18.382096193811","18.2525963269023","18.0399477563861","18.10949595292","18.192510310885","17.994429095101","17.4396674673199","17.5216519207597","17.7111646639642","16.9618752329627","16.9021153306422","17.0539848214","16.9056444824436","16.3352388304371","15.7988279879019","15.7453293023524","15.6821730266427","15.4275184041783","15.5178804522647","14.8332471765615","14.364243152992","13.9965957334507","13.6315811977979","13.2391048930027","12.887105567446","12.5157030971924","12.1465487057156","11.7861235789155","11.4258970544133","11.4514385499775","10.8607978284986","10.8383057589908","10.3281824428071","10.0639235647216","9.99524464064676","9.80774104672862","9.62533358990592","9.46194548671297","9.05278484330479","8.90351391067352","8.83618208207599","8.88027991115802","8.55546448415199","8.06776807290414","7.99344731660045","",
"Puerto Rico (US)","PRI","Death rate, crude (per 1,000 people)","SP.DYN.CDRT.IN","6.7","6.8","6.8","7","7.3","6.8","6.7","6.3","6.5","6.5","6.7","6.5","6.6","6.5","6.7","6.5","6.6","6.4","6.3","6.4","6.4","6.5","6.5","6.5","6.6","7.1","7.2","7.3","7.35","7.4","7.3","7.4","7.6","7.8","7.7","8.1","8","7.7","7.8","7.7","7.48","7.5","7.28","7.31","7.46","7.6","7.29","7.44","7.61","7.78","7.833","8","8.1","8.1","8.5","8.084","8.86","9.222","9.063","9.194","10.131","10.2","11","10.7","10.3","",
"Korea, Dem. People's Rep.","PRK","Death rate, crude (per 1,000 people)","SP.DYN.CDRT.IN","11.152","10.81","10.621","10.527","10.287","10.01","9.777","9.602","9.221","8.851","8.51","8.155","7.891","7.471","7.155","6.918","6.676","6.487","6.339","6.223","6.105","6.017","5.918","5.831","5.764","5.712","5.678","5.671","5.645","5.643","5.65","5.652","5.629","5.823","6.081","10.049","10.144","10.25","10.387","10.532","10.693","10.876","11.059","7.897","8.174","8.461","8.754","8.966","8.996","8.92","8.794","8.699","8.605","8.52","8.418","8.443","8.592","8.819","9.063","9.326","9.721","9.466","9.484","9.684","9.858","",
"Portugal","PRT","Death rate, crude (per 1,000 people)","SP.DYN.CDRT.IN","10.7","11.2","10.8","10.9","10.7","10.6","11.2","10.8","10.7","11.5","10.7","11.4","10.5","11.1","11.1","10.8","10.9","10.2","10.1","9.6","9.7","9.7","9.3","9.7","9.7","9.7","9.5","9.5","9.8","9.6","10.3","10.4","10.1","10.6","9.9","10.3","10.6","10.4","10.5","10.6","10.2","10.1","10.2","10.4","9.7","10.2","9.7","9.8","9.9","9.9","10","9.7","10.2","10.2","10.1","10.5","10.7","10.6","10.9","10.8","11.9","12","11.9","11.2","11.1","",
"Paraguay","PRY","Death rate, crude (per 1,000 people)","SP.DYN.CDRT.IN","10.561","10.385","10.218","10.048","10.009","9.94","9.84","9.732","9.619","9.503","9.39","9.269","9.122","8.948","8.919","8.818","8.734","8.68","8.624","8.569","8.475","8.352","8.197","7.964","7.704","7.472","7.258","7.052","6.87","6.706","6.472","6.288","6.136","5.994","5.867","5.749","5.64","5.556","5.482","5.398","5.324","5.264","5.217","5.182","5.178","5.175","5.171","5.186","5.207","5.222","5.211","5.209","5.176","5.193","5.24","5.319","5.396","5.501","5.514","5.584","6.095","8.92","6.359","5.703","5.697","",
"West Bank and Gaza","PSE","Death rate, crude (per 1,000 people)","SP.DYN.CDRT.IN","","","","","","","","","","","","","","","","","","","","","","","","","","","","","","","6.72","6.46","6.2","5.94","5.68","5.42","5.16","4.9","4.8","4.6","4.5","4.4","4.3","4.2","4.1","4","3.9","3.675","3.71","3.734","3.463","3.431","3.425","3.341","3.855","3.318","3.262","3.218","3.217","3.134","3.391","3.768","2.992","7.198","5.87","",
"Pacific island small states","PSS","Death rate, crude (per 1,000 people)","SP.DYN.CDRT.IN","13.1443952506249","12.6808895170126","12.2109685704815","11.7321834480093","11.5157111774898","10.7847833609224","10.4701607036841","10.238613684556","9.90437819659708","9.73989675325405","9.47036564999657","9.20730368967367","9.01309302144027","9.01241280465763","8.70584292031935","8.61193924860848","8.23234575630318","8.01769142280095","7.77331543215913","7.7975411774715","7.90903316039591","7.84009023226611","7.77041022349222","7.53603452102638","7.40473443610233","7.190232245607","7.20136366335387","7.08199240235098","6.85007035764458","6.71365903139116","6.7273432651482","6.59575820787985","6.55600799936522","6.5220812811497","6.46474152545757","6.43450427809286","6.38865817751988","6.35380481387384","6.31922254578285","6.31844659678924","6.44468657927389","6.46164253295036","6.68567794172884","6.6613764708157","6.6720706020261","6.6975128424551","6.72370181495854","6.80337419564247","6.79810084931801","6.92029256259569","6.77017531500625","6.77281050618747","7.09137422000031","6.94161187126274","7.00220905523584","7.05890769868548","7.03979426941868","6.9952321749929","7.07857601881032","7.16709275200728","7.37179155483945","8.07591020886363","7.02894372505929","6.97221180013268","7.02817079692793","",
"Post-demographic dividend","PST","Death rate, crude (per 1,000 people)","SP.DYN.CDRT.IN","9.71051718293799","9.53185840120905","9.72600746109762","9.69549346839282","9.42600333941676","9.54888258448635","9.50206502522737","9.35652968735612","9.63292675367081","9.62036113327622","9.52818161239699","9.39881616983123","9.34944906288496","9.42002878715","9.30289184469341","9.29206062987343","9.28076861644801","9.07100880851478","9.1465645902705","9.0449284747709","9.22464564345372","9.08223535493312","9.00309048640813","9.13934860255484","9.05575876561108","9.14254617189611","9.06966885005247","8.96820724602172","9.08350213428434","9.0673650649726","9.09683235811385","9.11129255939425","9.12134127407041","9.32039108675854","9.2329304078537","9.30932862436367","9.24903580983223","9.17673981345298","9.16216900283779","9.20172854906694","9.07363979635489","9.02470781933211","9.08340894152439","9.14890006602334","8.90912868617918","9.05598269026956","8.89682895245743","8.92659941553437","9.00217891957491","8.89139100245725","8.93577581433726","8.97192880033457","9.08550361985412","9.10391122891636","9.03512516218987","9.31768976259542","9.25557910867464","9.43042220705426","9.5103851467651","9.48876759909846","10.5051588191047","10.7828424466818","10.6052914001649","10.1028004584169","10.0317850528742","",
"French Polynesia","PYF","Death rate, crude (per 1,000 people)","SP.DYN.CDRT.IN","9.758","9.527","9.305","9.057","8.912","8.753","8.569","8.371","8.167","7.956","7.713","7.474","7.264","7.083","6.888","6.656","6.411","6.161","5.883","5.622","5.361","5.119","4.846","4.6","4.36","4.205","3.984","3.869","3.731","3.62","3.529","3.436","3.334","3.242","3.139","3.001","2.882","2.772","2.728","2.617","2.588","2.581","2.594","2.618","2.678","2.743","2.806","2.844","2.892","2.92","2.947","2.957","2.972","2.996","3.059","3.124","3.175","3.225","3.292","3.369","3.812","5.245","3.529","3.649","3.808","",
"Qatar","QAT","Death rate, crude (per 1,000 people)","SP.DYN.CDRT.IN","11.403","10.733","10.267","9.851","9.449","9.047","8.62","8.186","7.768","7.372","6.93","6.233","5.658","5.191","4.807","4.487","4.213","3.976","3.763","3.57","3.39","3.218","3.053","2.894","2.74","2.595","2.473","2.396","2.329","2.262","2.197","2.137","2.094","2.06","2.032","2.007","1.982","1.931","1.901","1.877","1.854","1.831","1.798","1.758","1.722","1.634","1.461","1.391","1.371","1.287","1.188","1.148","1.132","1.104","1.047","0.97","0.92","0.901","0.877","0.841","1.053","1.053","0.932","0.93","1.051","",
"Romania","ROU","Death rate, crude (per 1,000 people)","SP.DYN.CDRT.IN","8.7","8.7","9.2","8.3","8.1","8.6","8.2","9.2","9.5","10.1","9.5","9.5","9.2","9.8","9.1","9.3","9.5","9.6","9.7","9.8","10.4","10","10","10.4","10.3","10.9","10.6","11.1","11","10.7","10.6","10.9","11.6","11.6","11.7","12","12.7","12.4","12","11.8","11.4","11.7","12.4","12.4","12.1","12.3","12.2","12.1","12.3","12.6","12.8","12.5","12.7","12.4","12.8","13.2","13.1","13.4","13.6","13.4","15.5","17.5","14.3","12.8","12.8","",
"Russian Federation","RUS","Death rate, crude (per 1,000 people)","SP.DYN.CDRT.IN","7.51","7.517","7.653","7.389","7.314","7.581","7.659","7.905","8.086","8.535","8.692","8.745","8.985","9.054","9.302","9.717","9.886","10.164","10.395","10.8","11","10.9","10.7","11.1","11.6","11.3","10.4","10.5","10.7","10.7","11.2","11.4","12.2","14.5","15.7","15","14.2","13.8","13.5","14.6","15.3","15.6","16.2","16.4","15.9","16.1","15.1","14.6","14.5","14.1","14.2","13.5","13.3","13","13.1","13","12.9","12.4","12.5","12.3","14.6","16.7","12.9","12.1","12.4","",
"Rwanda","RWA","Death rate, crude (per 1,000 people)","SP.DYN.CDRT.IN","19.585","19.106","18.677","20.841","18.024","17.78","17.702","17.667","17.804","18.013","18.265","18.557","18.9","19.26","19.626","19.893","20.012","19.908","19.538","18.9","18.128","17.278","16.469","15.765","15.207","14.783","14.504","14.375","14.445","15.016","15.886","16.688","17.773","18.497","153.963","18.168","16.283","17.985","17.76","16.303","15.173","14.257","13.328","12.143","11.058","10.253","9.52","8.907","8.336","7.784","7.347","7.043","6.759","6.598","6.478","6.401","6.336","6.234","6.206","6.132","6.089","6.185","5.993","5.935","5.895","",
"South Asia","SAS","Death rate, crude (per 1,000 people)","SP.DYN.CDRT.IN","19.5900657373166","19.3362833360021","19.0426641146157","18.8101057210814","18.5235118408222","19.2774934399732","18.8796675780098","18.5962356468301","17.4738998341177","17.2289584275249","17.4717897210917","19.1942404894454","16.5497304937889","16.2876364518552","15.9559109799172","15.5581760855448","15.2297456554568","14.8863300347504","14.5206438507112","14.1724265774882","13.868108833794","13.5490525207338","13.2233295340611","12.9006684226843","12.5972325281489","12.3035651207668","11.9923090222149","11.6894294979728","11.399098530974","11.1234924121814","10.8381412669163","10.7213676423188","10.3096159860132","10.067467877583","9.82625714963798","9.6073904936932","9.38422895794551","9.16783261403728","8.96036313057045","8.75432487105115","8.55229720785149","8.38139281240631","8.18056140686701","7.99940419770712","7.87388966207306","7.67867478066212","7.53029688715617","7.40258372947514","7.27756717349703","7.17592159401116","7.03176592598332","6.9193795820485","6.82170475134596","6.74103295952171","6.65802987623666","6.62207288681925","6.58621785424306","6.55826548351985","6.54951355817355","6.54194290208949","7.08524618053496","8.9016996797664","6.44240107249924","6.47109012670958","6.45473353030836","",
"Saudi Arabia","SAU","Death rate, crude (per 1,000 people)","SP.DYN.CDRT.IN","21.094","20.601","20.083","19.549","18.998","18.389","17.751","17.078","16.359","15.614","14.863","14.093","13.34","12.601","11.889","11.215","10.56","9.945","9.366","8.85","8.299","7.801","7.336","6.904","6.508","6.135","5.766","5.42","5.11","4.819","4.558","4.334","4.131","3.964","3.821","3.696","3.586","3.491","3.407","3.328","3.234","3.103","2.992","2.899","2.827","2.777","2.741","2.721","2.701","2.693","2.668","2.642","2.593","2.506","2.392","2.266","2.178","2.174","2.228","2.295","2.46","2.615","2.57","2.34","2.337","",
"Sudan","SDN","Death rate, crude (per 1,000 people)","SP.DYN.CDRT.IN","16.316","16.03","15.743","15.496","15.445","15.332","15.184","15.026","14.853","14.672","14.506","14.355","14.159","13.902","13.746","13.539","13.451","13.274","13.273","13.2","12.793","12.659","12.629","15.731","15.574","15.407","12.48","12.382","12.271","12.322","11.999","11.964","11.773","11.671","11.179","10.931","10.818","10.549","10.358","10.182","9.972","9.781","9.717","10.161","10.861","10.599","9.063","8.569","8.597","7.947","7.819","7.686","7.528","7.474","7.21","7.069","6.948","6.741","6.646","6.549","6.786","6.996","6.522","6.404","6.335","",
"Senegal","SEN","Death rate, crude (per 1,000 people)","SP.DYN.CDRT.IN","24.996","24.907","24.846","24.795","24.736","24.686","24.574","24.421","24.246","24","23.64","23.232","22.764","22.189","21.617","20.944","20.256","19.567","18.874","18.17","17.521","16.899","16.289","15.592","14.944","14.288","13.5","12.87","12.252","11.809","11.507","11.271","11.101","11.046","10.965","11.021","11.111","11.108","11.108","10.996","10.815","10.493","10.071","9.867","9.473","9.155","8.769","8.389","8.158","7.929","7.739","7.505","7.316","7.094","6.861","6.615","6.459","6.283","6.119","5.979","6.052","6.307","5.92","5.581","5.505","",
"Singapore","SGP","Death rate, crude (per 1,000 people)","SP.DYN.CDRT.IN","6.2","5.9","5.8","5.6","5.7","5.4","5.4","5.3","5.5","5","5.2","5.4","5.4","5.4","5.2","5.1","5.1","5.1","5.1","5.2","4.9","4.9","4.9","5","4.8","4.9","4.6","4.7","4.9","4.9","4.7","4.6","4.7","4.6","4.7","4.8","4.7","4.5","4.6","4.5","4.5","4.3","4.4","4.5","4.4","4.4","4.4","4.5","4.4","4.3","4.4","4.5","4.5","4.6","4.7","4.8","4.8","5","5","5","5.2","5.8","6.3","6.2","6","",
"Solomon Islands","SLB","Death rate, crude (per 1,000 people)","SP.DYN.CDRT.IN","17.278","16.866","16.398","15.902","15.446","14.96","14.487","14.068","13.508","13.076","12.673","11.968","11.31","10.721","10.189","10.74","9.25","8.929","8.348","7.993","7.688","7.46","7.263","7.109","6.986","6.886","7.185","6.75","6.618","6.492","6.394","6.299","6.233","6.196","6.154","6.138","6.131","6.125","6.092","6.073","6.071","6.034","6.009","5.987","5.962","5.94","5.922","6.028","5.89","5.922","5.802","5.663","5.564","5.529","5.56","5.451","5.431","5.44","5.47","5.547","5.82","5.898","5.194","5.141","5.083","",
"Sierra Leone","SLE","Death rate, crude (per 1,000 people)","SP.DYN.CDRT.IN","31.164","30.754","30.349","29.917","29.435","28.89","28.28","27.734","27.311","26.887","26.532","26.119","25.766","25.383","25.047","24.599","24.245","23.894","23.599","23.307","23.021","22.794","22.591","22.434","22.324","22.279","22.224","21.993","21.914","21.885","21.468","22.683","22.206","22.093","22.458","22.626","21.682","21.487","22.112","22.437","20.008","19.156","18.85","18.305","17.695","17.026","16.182","15.709","15.167","14.642","14.152","13.647","13.212","12.581","12.332","11.6","10.769","10.329","9.676","9.39","9.319","8.996","8.523","8.287","8.211","",
"El Salvador","SLV","Death rate, crude (per 1,000 people)","SP.DYN.CDRT.IN","17.807","17.493","17.203","17.043","16.813","16.498","16.167","15.988","15.895","15.539","15.398","14.965","14.567","13.908","13.656","13.189","12.534","12.54","12.082","12.457","15.218","13.904","12.441","11.834","10.59","9.738","9.045","8.977","8.67","8.132","7.748","7.491","7.291","6.885","6.819","6.792","6.711","6.562","6.593","6.523","6.552","6.672","6.677","6.832","6.926","7.239","7.496","7.791","7.588","7.45","7.216","7.109","7.042","7.152","7.237","7.378","7.449","7.494","7.437","7.439","8.565","8.712","7.459","7.519","7.47","",
"San Marino","SMR","Death rate, crude (per 1,000 people)","SP.DYN.CDRT.IN","8.553","8.37","8.147","7.985","7.824","7.678","7.611","7.599","7.551","7.491","7.443","7.318","7.341","7.381","7.359","7.388","7.413","7.125","7.34","7.357","7.373","7.361","7.359","7.445","7.577","7.581","7.705","8.239","8.252","8.312","8.36","8.4","8.424","8.424","8.427","8.393","8.306","8.19","8.155","8.088","8.003","7.925","7.871","7.812","6.3","7.3","7.5","7.2","6","6.3","6.5","6.8","7.1","7.5","7.7","7.1","7.6","8.2","7.1","7.2","9.9","9.1","7.8","8.3","7.5","",
"Somalia, Fed. Rep.","SOM","Death rate, crude (per 1,000 people)","SP.DYN.CDRT.IN","21.082","20.96","20.69","20.495","20.321","20.118","19.945","19.775","19.615","19.461","19.315","19.179","19.034","18.897","20.456","20.261","20.083","18.324","17.623","17.234","18.004","18.507","17.892","17.763","17.561","17.664","17.542","17.285","20.974","18.72","18.465","44.114","42.637","15.254","15.966","15.694","15.943","16.099","15.758","15.858","15.749","15.688","15.691","15.691","15.67","15.501","15.443","15.32","14.959","14.501","16.617","32.124","16.102","12.893","12.637","12.292","12.054","14.073","12.391","10.908","10.834","11.3","12.812","9.835","9.741","",
"Serbia","SRB","Death rate, crude (per 1,000 people)","SP.DYN.CDRT.IN","8.928","8.859","8.638","8.688","8.484","8.303","8.086","7.952","8.136","8.392","8.739","8.97","8.978","8.835","8.568","8.45","8.51","8.825","9.271","9.694","9.936","10.007","10.231","10.366","10.512","10.433","10.436","10.425","10.433","10.331","10.557","10.89","11.331","11.325","11.212","12.3","12.9","12.91","13.13","13.5","13.8","13.2","13.7","13.9","14","14.3","13.88","13.92","13.97","14.2","14.2","14.2","14.2","14","14.2","14.6","14.3","14.8","14.6","14.6","16.9","20","16.3","14.7","14.9","",
"Sub-Saharan Africa (excluding high income)","SSA","Death rate, crude (per 1,000 people)","SP.DYN.CDRT.IN","23.3158238932586","23.0811294507472","22.6962236760868","22.4872256387727","22.2042246274752","22.0174636715519","21.9921849029018","21.7134585574595","21.29979614989","21.0864509383494","20.7164310937804","20.4089350696858","20.3899671162626","19.8598400092322","19.7080236858179","19.4369683738943","18.859646453709","18.5473579122169","18.2920781560955","17.9776489722472","17.7275822441795","17.4782468734918","17.2410006344007","17.9061425386829","17.7581107001661","17.472672448293","17.1129159563868","16.5842825182288","16.7656369461908","16.1906666012357","16.1808571410117","16.2963301352855","16.2777520757938","15.9024933076589","17.0646419603167","15.4509310265063","15.3916671011369","15.1933910313223","15.2568121979357","14.7594666002686","14.3315814662711","14.072213899098","13.7835051446125","13.4553716063651","13.1058537071329","12.7656060459841","12.3605485461664","11.9546482529052","11.5846930579779","11.5117640026519","10.8976849877057","10.7885358671874","10.2770727113669","10.0010286081378","9.8858512079722","9.66674235718881","9.45909906845335","9.28868815135786","8.93029275587033","8.7856159220928","8.72924867911122","8.9285163150024","8.50428740655055","8.0620182533217","7.98844232785871","",
"South Sudan","SSD","Death rate, crude (per 1,000 people)","SP.DYN.CDRT.IN","37.378","37.107","36.832","37.604","32.277","36.853","41.575","41.119","40.666","41.8","41.356","33.72","33.403","28.138","27.836","27.542","27.28","26.932","26.676","26.391","26.098","25.765","25.368","28.745","31.686","30.96","30.407","49.397","77.739","35.345","34.795","34.248","46.657","46.058","20.088","31.58","30.849","29.594","53.367","19.361","17.315","16.566","15.89","14.057","13.455","12.776","12.254","11.725","11.2","10.857","10.388","10.322","10.044","9.997","17.932","22.034","24.844","25.765","12.423","9.302","9.594","10.038","9.906","9.609","9.821","",
"Sub-Saharan Africa","SSF","Death rate, crude (per 1,000 people)","SP.DYN.CDRT.IN","23.313944092424","23.0792109829663","22.6943278270897","22.4853194400323","22.2023273802012","22.0155542840892","21.99026127377","21.7115213657306","21.2978565082711","21.0844828478293","20.7144604177346","20.4067782305051","20.3879820967323","19.8577775300027","19.7060615403657","19.4348353528453","18.8577007684699","18.5454796205755","18.2902523276957","17.9758312257082","17.725841387918","17.4765604774004","17.2394859900745","17.9044982211923","17.7565988435762","17.4711896868805","17.111573603943","16.5829688855943","16.7643160826749","16.1895622403988","16.1797257685974","16.2951990230429","16.2766098082323","15.9015215222813","17.063432065164","15.4498634065296","15.3906696621446","15.1924815832111","15.2558280724342","14.7585254065302","14.3306838858544","14.0713693548305","13.7827960449143","13.4547708309791","13.1052113160727","12.7651099395945","12.3600667670183","11.9541777345594","11.5842836003302","11.5113915233433","10.8973338736759","10.7882610623753","10.2768037353091","10.0008431935552","9.88566931443976","9.66654481359519","9.45895877621921","9.28855606548131","8.93024649518435","8.78555712993412","8.72908606273467","8.92854709178186","8.50421866414022","8.06194574893221","7.98834933766101","",
"Small states","SST","Death rate, crude (per 1,000 people)","SP.DYN.CDRT.IN","13.2271052010085","13.0411575307036","12.750113458613","12.615228930314","12.2222900045817","11.9459838137016","11.7839143451438","11.5762396030494","11.4853735139723","11.3842790532735","11.2208870889952","11.0368997254719","10.9285607030668","10.812852374629","11.163749629973","11.5363164506492","11.270804367118","11.2169911543436","11.3231879737476","11.1485277555765","10.6889533023049","10.5559429053805","10.3486044357983","10.292986652686","10.0615434617862","9.94589614421541","9.70726194498282","9.53294065752729","9.42872380711961","8.94247482802514","8.93538371613024","8.92232030289692","8.95018485813219","8.93056831374209","8.99845111062777","8.91820011881266","8.76996380468129","8.76472926811539","8.84220158120879","9.01573441037663","8.43846180373771","8.40932134292821","8.45839528798502","8.4887207748198","8.45845029385497","8.4174966978637","8.38077932111043","8.26091318789614","8.17101644917141","8.09558187415289","7.94413462156903","7.88417866011352","7.88127659847451","7.79654038393121","7.76799898103464","7.74932394371608","7.74049381338859","7.72398547672138","7.73998882233494","7.75166507704563","7.9818977988417","8.9604819828154","7.94528147997891","7.62384548008009","7.67621602255786","",
"Sao Tome and Principe","STP","Death rate, crude (per 1,000 people)","SP.DYN.CDRT.IN","21.812","20.512","19.327","18.115","17.097","16.157","15.361","14.704","14.155","13.72","13.301","12.675","12.402","12.178","12.006","11.86","11.755","11.652","11.57","11.521","11.521","11.563","11.602","11.516","11.375","11.201","12.383","10.778","10.627","11.06","10.509","10.41","10.398","10.367","10.322","10.276","10.186","10.083","9.954","9.81","9.653","9.421","9.219","8.983","8.704","8.68","8.322","8.119","7.99","7.816","7.67","7.516","7.324","7.148","6.925","6.719","6.53","6.371","6.219","6.117","6.227","6.196","5.732","5.572","5.53","",
"Suriname","SUR","Death rate, crude (per 1,000 people)","SP.DYN.CDRT.IN","13.922","13.707","13.431","12.857","12.312","11.918","11.588","11.364","11.029","10.736","10.487","10.287","10.293","10.202","10.154","10.148","10.172","10.223","10.309","10.43","10.531","10.199","9.921","9.671","9.404","9.141","9.079","8.884","8.655","8.319","8.199","8.081","7.961","7.859","7.709","7.54","7.589","7.67","7.779","7.913","8.055","8.198","8.312","8.418","8.534","8.151","7.811","7.506","7.281","7.146","7.1","7.118","7.17","7.206","7.199","7.186","7.069","7.041","7.061","7.034","6.848","9.013","6.687","6.649","6.841","",
"Slovak Republic","SVK","Death rate, crude (per 1,000 people)","SP.DYN.CDRT.IN","7.8","7.5","8.1","7.7","7.6","8.2","8.2","8","8.5","9","9.3","9.4","9","9.4","9.6","9.5","9.5","9.7","9.8","9.7","10.2","9.9","10","10.3","10.1","10.2","10.2","10","10","10.2","10.3","10.3","10.1","9.9","9.6","9.8","9.5","9.7","9.9","9.7","9.8","9.7","9.6","9.7","9.7","10","9.9","10","9.9","9.8","9.9","9.6","9.7","9.6","9.5","9.9","9.6","9.9","10","9.8","10.8","13.5","11","10","9.9","",
"Slovenia","SVN","Death rate, crude (per 1,000 people)","SP.DYN.CDRT.IN","9.6","8.8","9.9","9.3","10.2","9.7","9.1","9.7","10.2","10.8","10.1","10","10.4","10","9.7","10.1","10","9.6","9.9","9.6","9.9","9.8","10.3","10.8","10.5","10.2","9.9","10","9.6","9.4","9.3","9.7","9.7","10","9.7","9.5","9.4","9.5","9.6","9.5","9.3","9.3","9.4","9.7","9.3","9.4","9.1","9.2","9.1","9.2","9.1","9.1","9.4","9.4","9.2","9.6","9.5","9.9","9.9","9.9","11.4","11","10.6","10.2","10.1","",
"Sweden","SWE","Death rate, crude (per 1,000 people)","SP.DYN.CDRT.IN","10","9.8","10.2","10.1","10","10.1","10","10.1","10.4","10.5","9.9","10.2","10.3","10.5","10.6","10.8","11","10.7","10.8","11","11","11.1","10.9","10.9","10.9","11.3","11.1","11.1","11.5","10.8","11.1","11","10.9","11.1","10.5","10.6","10.6","10.6","10.5","10.7","10.5","10.5","10.6","10.4","10.1","10.2","10","10","9.9","9.7","9.6","9.5","9.7","9.4","9.2","9.3","9.2","9.1","9.1","8.6","9.5","8.8","9","9","8.6","",
"Eswatini","SWZ","Death rate, crude (per 1,000 people)","SP.DYN.CDRT.IN","18.59","18.306","18.005","17.739","17.386","17.009","16.636","16.3","15.965","15.659","15.345","15.022","14.684","14.301","13.894","13.444","12.971","12.468","11.955","11.46","10.999","10.597","10.135","10.641","9.388","8.867","8.494","8.17","7.904","7.881","7.936","8.136","8.525","9.031","9.836","10.248","11.049","11.833","12.775","13.648","14.509","15.482","16.272","16.962","17.667","17.757","17.355","16.948","16.548","15.913","14.988","14.617","13.661","12.917","12.205","11.487","10.891","10.281","9.822","9.372","9.545","10.607","8.1","7.7","7.731","",
"Sint Maarten (Dutch part)","SXM","Death rate, crude (per 1,000 people)","SP.DYN.CDRT.IN","10.565","10.025","9.279","8.609","8.052","7.576","7.067","6.567","6.107","5.641","5.266","5.05","4.882","4.63","4.433","4.311","4.242","4.229","4.238","4.267","4.296","4.234","4.047","3.878","3.74","3.641","3.584","3.556","3.532","3.525","3.537","3.571","3.669","3.76","3.812","3.835","3.825","3.803","3.781","3.757","3.782","3.803","3.833","3.905","3.991","4.081","4.192","4.326","4.518","4.756","4.993","5.205","5.222","5.272","5.312","5.459","5.69","6.185","6.475","6.879","7.902","8.819","7.981","8.126","8.303","",
"Seychelles","SYC","Death rate, crude (per 1,000 people)","SP.DYN.CDRT.IN","13.051","12.648","12.407","12.148","11.912","11.655","11.545","11.179","10.73","10.331","9.908","8.5","9.4","8.3","8.6","7.3","7.7","7.7","7.5","7","7","6.9","7.5","7","7.5","7.2","7.6","7.4","7.3","8.1","7.7","7.7","7.4","8.3","7.6","7","7.4","7.8","7.2","7","6.8","6.8","7.7","8.1","7.2","8.1","7.8","7.4","7.6","7.8","7.4","7.9","7.4","8","7.9","7.5","7.9","7.8","8.4","8.1","6.8","9.3","7.8","7.3","7","",
"Syrian Arab Republic","SYR","Death rate, crude (per 1,000 people)","SP.DYN.CDRT.IN","16.638","15.852","15.085","14.391","13.744","13.143","12.592","12.119","11.437","10.913","10.391","9.891","9.453","9.659","8.538","8.106","7.729","7.404","7.083","6.848","6.622","7.305","8.786","5.993","5.79","5.616","5.435","5.252","5.073","4.918","4.763","4.65","4.569","4.535","4.533","4.556","4.57","4.571","4.554","4.48","4.385","4.265","4.145","4.031","3.965","3.902","3.798","3.736","3.815","3.799","3.824","4.334","6.829","7.514","7.353","8.223","7.323","7.246","6.544","5.284","5.058","4.964","4.773","5.039","4.932","",
"Turks and Caicos Islands","TCA","Death rate, crude (per 1,000 people)","SP.DYN.CDRT.IN","14.448","13.891","13.405","12.887","12.372","11.893","11.499","11.112","10.793","10.457","10.076","9.617","9.268","8.975","8.673","8.404","8.181","7.963","7.762","7.625","7.482","7.262","7.071","6.879","6.691","6.535","6.35","6.171","5.988","5.825","5.626","5.433","5.244","5.085","4.911","4.775","4.66","4.568","4.478","4.386","4.308","4.24","4.148","4.111","4.125","4.18","4.307","4.467","4.84","4.978","5.291","5.673","6.051","6.209","6.403","6.454","6.662","6.796","6.92","7.04","7.389","7.713","7.372","7.401","7.39","",
"Chad","TCD","Death rate, crude (per 1,000 people)","SP.DYN.CDRT.IN","25.572","25.348","25.143","24.854","24.627","24.656","24.54","24.288","24.045","23.815","23.556","24.019","23.343","23.127","22.978","22.868","22.815","22.624","22.452","22.145","22.396","21.845","20.829","20.951","21.238","20.63","20.107","21.611","19.774","19.739","20.604","19.466","19.457","19.544","19.18","18.572","18.614","18.385","18.227","17.989","17.852","17.478","17.236","16.855","16.692","16.561","16.489","16.111","15.77","15.463","15.178","14.857","14.55","14.231","14.071","13.876","13.548","13.277","12.857","12.519","12.328","12.162","11.486","11.032","11.08","",
"East Asia & Pacific (IDA & IBRD countries)","TEA","Death rate, crude (per 1,000 people)","SP.DYN.CDRT.IN","23.0612114686647","14.5325851796495","11.3124883559429","11.2706417685145","12.2519445352816","11.2201787835452","10.2333666987567","9.70934188093381","9.55215507597348","9.28206881243377","8.91545195008689","8.6135255334306","8.8464354999817","8.28378775103294","8.46051606199195","8.60318863368811","8.4610749133844","8.08920405434268","7.55816495700086","7.17600175637151","7.20972713554556","7.1826751386468","7.30105981570002","7.46173512292132","7.34781279481902","7.25929157257432","7.26718986817696","7.11385817790786","7.01732785095329","6.90050368217407","6.96103454226302","6.9524713980492","6.86508936037919","6.82247722111525","6.70023346437133","6.73990520989188","6.71384814493899","6.65310378098685","6.62975741878037","6.5982979595452","6.57391795826851","6.55058841394258","6.52491407849809","6.5179498103053","6.63017722151419","6.59545618279504","6.8131926207524","6.88809837500833","7.05092917630841","6.99386904842348","7.0191719576702","7.03614007796096","7.02886967103304","7.03172871374546","7.02857700467762","6.99984927160779","6.98754273011111","7.00024908786374","7.03547908734764","7.0598429737917","7.20027083878493","7.64149215172189","7.3458586097443","7.66650078943162","7.62137194214103","",
"Europe & Central Asia (IDA & IBRD countries)","TEC","Death rate, crude (per 1,000 people)","SP.DYN.CDRT.IN","9.61489644302963","9.48176704884957","9.55393550397941","9.23896401715054","9.1115044389446","9.1414442513337","9.0777706379289","9.23447671594468","9.27975809274054","9.53632159658421","9.52559325847787","9.56328399622213","9.5346740131553","9.57971659159606","9.58657358476081","9.79991370930781","9.86519040184872","9.9722270966339","10.0846806317628","10.2224325773768","10.3963578312534","10.177295064016","10.0604676884546","10.2278588813767","10.4131267802257","10.2954307226139","9.8330443801515","9.83199679593018","9.91668244708765","9.81732468096926","10.0244516263287","10.2289936461089","10.752792600664","11.6257893621952","11.9776059300574","11.7696969875151","11.4916924407501","11.2703384111487","11.0838371523734","11.4953737281929","11.6001676864975","11.6793907963163","11.929001879559","12.0023552348909","11.8133500583663","11.9169825831535","11.5548642849546","11.3851389772423","11.2983424781924","10.9518496030839","10.8663678624647","10.5589489842815","10.4347804509011","10.2297352779072","10.2415491234316","10.2007622587661","10.0761589626649","9.91252962606029","10.0023518612779","9.9127889699642","11.5360458602672","12.9104733349742","10.4501249509296","9.87403432581056","9.89252325872245","",
"Togo","TGO","Death rate, crude (per 1,000 people)","SP.DYN.CDRT.IN","22.052","21.824","21.575","21.314","21.018","20.729","20.444","20.092","19.724","18.971","18.944","18.628","18.285","17.93","17.57","17.203","16.83","16.335","15.786","15.304","14.808","14.328","14.014","13.64","13.353","13.039","12.832","12.658","12.552","12.57","12.593","12.686","12.715","13.275","12.531","12.537","12.43","12.475","12.388","12.173","12.067","12.04","11.957","11.879","11.789","11.7","11.662","11.644","11.593","11.548","11.501","11.376","11.035","10.708","10.439","10.207","10.032","9.881","9.757","9.58","9.537","9.42","8.955","8.731","8.486","",
"Thailand","THA","Death rate, crude (per 1,000 people)","SP.DYN.CDRT.IN","14.971","14.608","14.299","13.896","13.486","13.047","12.609","12.169","11.694","11.182","10.665","10.26","9.879","9.543","9.164","8.819","8.506","8.253","8.094","7.929","7.756","7.512","7.235","6.902","6.528","6.196","5.973","5.848","5.796","5.765","5.723","5.783","5.834","5.894","6.007","6.124","6.216","6.211","6.243","6.306","6.395","6.429","6.488","6.53","6.692","6.575","6.58","6.587","6.584","6.571","6.607","6.644","6.696","6.713","6.754","6.818","6.918","7.029","7.167","7.422","7.618","7.744","9.231","8.888","9.033","",
"Tajikistan","TJK","Death rate, crude (per 1,000 people)","SP.DYN.CDRT.IN","16.737","16.461","16.134","15.789","15.365","14.915","14.483","14.085","13.715","13.377","13.092","12.843","12.613","12.383","12.168","11.961","11.779","11.616","11.482","11.38","11.284","11.172","10.487","10.315","10.181","10.017","9.796","10.021","9.997","10.107","10.037","9.833","11.682","12.145","10.023","9.308","9.152","8.517","8.281","7.818","7.382","7.062","6.755","6.365","6.15","6.137","5.983","5.853","5.723","5.664","5.666","5.568","5.424","5.286","5.255","5.281","5.162","4.953","4.898","4.843","5.85","5.385","4.618","4.581","4.591","",
"Turkmenistan","TKM","Death rate, crude (per 1,000 people)","SP.DYN.CDRT.IN","17.356","17.002","16.612","16.171","15.687","15.168","14.634","14.11","13.62","13.184","12.822","12.522","12.259","12.05","11.878","11.717","11.561","11.393","11.056","10.612","10.086","9.7","9.413","9.224","9.07","8.883","8.724","8.542","8.385","8.219","8.057","7.947","7.881","7.826","7.764","7.688","7.592","7.49","7.34","7.114","6.942","6.806","6.723","6.668","6.655","6.644","6.597","6.487","6.329","6.174","6.067","6.029","6.052","6.1","6.121","6.123","6.095","6.076","6.039","5.986","6.276","6.044","5.787","5.781","5.836","",
"Latin America & the Caribbean (IDA & IBRD countries)","TLA","Death rate, crude (per 1,000 people)","SP.DYN.CDRT.IN","13.4295361329635","13.0585407624276","12.748955116184","12.4556075088827","12.1461672427149","11.8286949949791","11.4876513650183","11.2008944468696","10.9638883546322","10.762431971359","10.7273235368915","10.2395130997984","10.0120974619164","9.76451239825493","9.54330320096335","9.26688735400206","9.12375224358998","8.83183205725047","8.64307934661342","8.4919328135725","8.34313872272824","8.14633578793767","8.05140993385576","7.81153948348899","7.6618421784731","7.56800189367995","7.32075340885259","7.19418424391396","7.06895277952848","6.95860471414274","6.87369681008362","6.76335486512861","6.67738254656213","6.57874927912435","6.46644095881077","6.37189576083836","6.28160523509319","6.19326761201874","6.20324112906593","6.12338811377999","6.08406671638166","6.05294026650126","5.98387328131168","5.96514172100782","5.93137339048902","5.88323664165961","5.88161183972186","5.91041928550643","5.91420528263739","5.93057860997488","6.09902616270027","5.93406638544175","5.94750430569756","5.96321983867678","5.98616906486209","6.01954790668061","6.16885347319242","6.20187779040032","6.2294166981041","6.30102482505453","7.61176197978894","8.48092841132876","6.98079564680561","6.51473444834791","6.55192161920342","",
"Timor-Leste","TLS","Death rate, crude (per 1,000 people)","SP.DYN.CDRT.IN","30.262","29.888","29.476","29.021","28.513","27.971","27.41","26.837","26.257","25.654","25.049","24.442","23.834","23.231","25.369","40.323","37.663","39.074","42.164","40.415","32.632","32.13","31.278","30.741","28.631","28.675","28.109","26.677","26.484","19.067","18.619","18.389","17.439","16.806","16.205","16.421","15.899","15.4","15.66","20.643","9.68","9.336","9.096","9.027","8.733","8.384","8.212","8.099","8.022","7.98","7.965","7.948","7.862","7.785","7.715","7.65","7.606","7.559","7.513","7.477","7.39","7.842","7.362","7.271","7.219","",
"Middle East, North Africa, Afghanistan & Pakistan (IDA & IBRD)","TMN","Death rate, crude (per 1,000 people)","SP.DYN.CDRT.IN","22.217739855914","21.5548457664432","21.1766636587517","20.3673415138263","19.7318018852028","19.218452939656","18.5943889842448","18.0644000788906","17.5905669898851","17.0462476333955","16.5691015466208","16.8654340778885","15.6722518009922","15.2756741626805","14.8565523834432","14.4492315307405","14.2096158412759","13.5841346697407","13.3122171222855","12.8257570388787","12.4706464507285","12.2051147043946","11.9598200920495","11.3545682460938","11.0904896477537","10.7497353542919","10.2250192537908","9.90460333010701","9.60893584525938","9.23713082093262","9.13207345202793","8.68855860189406","8.40525780651189","8.17454153548991","8.0704715774324","7.90485739078973","7.74071737206766","7.61608361330435","7.45886907556815","7.26886626773805","7.13128386834758","6.97450453965445","6.83318077702673","6.80402739299243","6.64284607011474","6.68549342248211","6.50523440604416","6.44487452034253","6.34782120925688","6.28582562391935","6.24624024450855","6.20587510237181","6.23013863444885","6.17893508985375","6.10068344232853","6.09065946708871","6.01257908145837","5.93661837910958","5.8683989165756","5.77859857430233","6.55338345346757","6.61432652333789","5.6258636704773","5.54049504420753","5.54418138113803","",
"Tonga","TON","Death rate, crude (per 1,000 people)","SP.DYN.CDRT.IN","10.6","10.276","9.909","9.589","9.276","8.979","8.685","8.442","8.174","7.886","7.625","7.398","7.176","7.032","6.82","6.686","6.57","6.558","6.536","6.536","6.556","6.571","6.683","6.641","6.679","6.729","6.77","6.783","6.77","6.77","6.794","6.772","6.77","6.75","6.74","6.725","6.713","6.681","6.636","6.594","6.553","6.529","6.484","6.453","6.413","6.406","6.375","6.334","6.318","6.4","6.302","6.292","6.294","6.328","6.368","6.376","6.386","6.363","6.401","6.426","6.459","6.701","6.476","6.442","6.442","",
"South Asia (IDA & IBRD)","TSA","Death rate, crude (per 1,000 people)","SP.DYN.CDRT.IN","19.5900657373166","19.3362833360021","19.0426641146157","18.8101057210814","18.5235118408222","19.2774934399732","18.8796675780098","18.5962356468301","17.4738998341177","17.2289584275249","17.4717897210917","19.1942404894454","16.5497304937889","16.2876364518552","15.9559109799172","15.5581760855448","15.2297456554568","14.8863300347504","14.5206438507112","14.1724265774882","13.868108833794","13.5490525207338","13.2233295340611","12.9006684226843","12.5972325281489","12.3035651207668","11.9923090222149","11.6894294979728","11.399098530974","11.1234924121814","10.8381412669163","10.7213676423188","10.3096159860132","10.067467877583","9.82625714963798","9.6073904936932","9.38422895794551","9.16783261403728","8.96036313057045","8.75432487105115","8.55229720785149","8.38139281240631","8.18056140686701","7.99940419770711","7.87388966207306","7.67867478066212","7.53029688715617","7.40258372947514","7.27756717349703","7.17592159401116","7.03176592598332","6.91937958204849","6.82170475134596","6.74103295952171","6.65802987623666","6.62207288681925","6.58621785424306","6.55826548351985","6.54951355817355","6.54194290208949","7.08524618053496","8.9016996797664","6.44240107249924","6.47109012670958","6.45473353030836","",
"Sub-Saharan Africa (IDA & IBRD countries)","TSS","Death rate, crude (per 1,000 people)","SP.DYN.CDRT.IN","23.313944092424","23.0792109829663","22.6943278270897","22.4853194400323","22.2023273802012","22.0155542840892","21.99026127377","21.7115213657306","21.2978565082711","21.0844828478293","20.7144604177346","20.4067782305051","20.3879820967323","19.8577775300027","19.7060615403657","19.4348353528453","18.8577007684699","18.5454796205755","18.2902523276957","17.9758312257082","17.725841387918","17.4765604774004","17.2394859900745","17.9044982211923","17.7565988435762","17.4711896868805","17.111573603943","16.5829688855943","16.7643160826749","16.1895622403988","16.1797257685974","16.2951990230429","16.2766098082323","15.9015215222813","17.063432065164","15.4498634065296","15.3906696621446","15.1924815832111","15.2558280724342","14.7585254065302","14.3306838858545","14.0713693548305","13.7827960449143","13.4547708309791","13.1052113160727","12.7651099395945","12.3600667670183","11.9541777345594","11.5842836003302","11.5113915233433","10.8973338736759","10.7882610623753","10.2768037353091","10.0008431935552","9.88566931443976","9.66654481359519","9.45895877621921","9.28855606548131","8.93024649518435","8.78555712993413","8.72908606273467","8.92854709178186","8.50421866414022","8.06194574893221","7.98834933766101","",
"Trinidad and Tobago","TTO","Death rate, crude (per 1,000 people)","SP.DYN.CDRT.IN","8.49","8.25","8.085","8.022","7.895","7.836","7.825","7.813","7.828","7.885","7.989","7.886","7.729","7.596","7.506","7.42","7.238","7.206","7.231","7.172","7.175","7.228","7.28","7.269","7.211","7.11","7.027","6.901","6.768","6.698","6.676","6.605","6.65","6.669","6.722","6.697","6.751","6.78","6.778","6.788","6.846","6.856","6.783","6.811","6.743","6.743","6.771","6.745","6.743","6.765","6.727","6.698","6.727","6.781","6.918","7.131","7.312","7.494","7.742","7.948","8.312","9.762","8.225","8.368","8.739","",
"Tunisia","TUN","Death rate, crude (per 1,000 people)","SP.DYN.CDRT.IN","22.146","21.891","20.958","20.292","19.619","18.845","18.025","17.121","16.095","15.245","14.107","13.267","12.465","11.826","11.168","10.579","10.023","9.474","8.934","8.477","8.089","7.791","7.498","7.194","6.924","6.696","6.474","6.22","6.013","5.842","5.753","5.657","5.58","5.501","5.397","5.285","5.171","5.085","5.019","5.012","5.028","5.067","5.095","5.136","5.186","5.246","5.309","5.38","5.448","5.523","5.604","5.719","5.791","5.871","5.931","5.996","6.041","6.068","6.087","6.099","6.648","8.348","6.159","6.071","6.128","",
"Turkiye","TUR","Death rate, crude (per 1,000 people)","SP.DYN.CDRT.IN","17.733","17.141","16.745","16.229","15.858","15.437","14.997","14.638","14.279","13.882","13.491","13.087","12.648","12.297","11.908","11.565","11.214","10.758","10.318","10","9.655","9.352","8.972","8.627","8.306","8.01","7.74","7.489","7.245","7.038","6.807","6.626","6.52","6.406","6.307","6.236","6.119","6.046","5.954","6.184","5.822","5.791","5.766","5.774","5.794","5.832","5.875","5.905","5.973","5.1","5","5.1","5","4.9","5.1","5.2","5.3","5.3","5.2","5.3","6.1","6.7","5.9","6.2","5.7","",
"Tuvalu","TUV","Death rate, crude (per 1,000 people)","SP.DYN.CDRT.IN","18.319","17.539","16.741","15.936","15.344","14.77","14.259","13.825","13.415","12.847","12.505","12.155","12.873","11.517","10.999","10.872","10.608","10.406","10.254","10.238","10.263","10.273","10.332","10.441","10.621","10.774","10.77","10.746","10.705","10.627","10.566","10.518","11.37","10.477","10.392","10.34","10.28","10.211","10.162","10.113","10.015","9.892","9.78","9.676","9.655","9.628","9.587","9.533","9.503","9.445","9.406","9.368","9.344","9.386","9.395","9.394","9.335","9.255","9.18","9.19","9.177","9.593","9.066","9.138","9.268","",
"Tanzania","TZA","Death rate, crude (per 1,000 people)","SP.DYN.CDRT.IN","21.114","20.981","20.78","20.551","20.265","19.98","19.742","19.598","19.266","18.997","18.714","18.417","18.1","17.792","17.477","17.134","16.758","16.397","16.126","15.824","15.511","15.235","15.045","14.876","14.81","14.669","14.529","14.402","14.31","14.284","14.24","14.226","14.348","14.266","14.216","14.284","14.283","14.106","13.741","13.316","12.772","12.242","11.737","11.18","10.685","10.222","9.755","9.318","8.954","8.635","8.293","8.021","7.72","7.501","7.261","7.002","6.8","6.581","6.382","6.183","5.909","6.091","5.844","5.791","5.721","",
"Uganda","UGA","Death rate, crude (per 1,000 people)","SP.DYN.CDRT.IN","19.129","18.593","18.144","17.72","17.379","17.072","16.966","16.655","16.52","16.422","16.407","18.01","18.071","18.127","18.321","18.506","18.78","19.036","19.274","19.476","20.814","20.752","20.61","20.425","20.192","18.933","18.831","17.869","17.761","17.67","17.542","17.389","17.18","17.04","16.93","16.871","16.575","16.304","15.921","15.345","14.786","14.101","13.421","12.757","11.942","11.177","10.456","9.793","9.208","8.705","8.263","7.824","7.419","7.038","6.699","6.372","6.073","5.82","5.613","5.42","5.373","5.339","5.035","4.842","4.767","",
"Ukraine","UKR","Death rate, crude (per 1,000 people)","SP.DYN.CDRT.IN","8.248","8.019","7.94","7.898","7.863","7.92","8.049","8.217","8.435","8.684","8.854","8.95","9.072","9.292","9.554","9.877","10.164","10.418","10.684","10.92","11.005","11.107","11.197","11.356","11.562","11.458","11.394","11.285","11.513","11.737","12.164","12.796","13.51","14.125","14.815","15.148","15.204","14.857","14.719","14.859","15.171","15.41","15.602","15.817","16.132","16.22","16.149","16.208","15.907","15.446","14.798","14.474","14.242","13.983","13.682","13.015","12.589","12.265","13.157","13.079","14.438","17.134","14.188","13.13","13.603","",
"Upper middle income","UMC","Death rate, crude (per 1,000 people)","SP.DYN.CDRT.IN","20.3282548202474","14.041130671364","11.6778055161641","11.5357229160132","12.1628779908864","11.3520642995175","10.5703496007191","10.1313814930462","9.97525403810042","9.72820173063036","9.4179015591691","9.09208024241844","9.19210045817651","8.72379265820354","8.79778665665031","8.59181640271529","8.46130176748048","8.14367913289117","7.74771497262534","7.63244375016585","7.64655665930959","7.57966864955622","7.6200643763987","7.66681739390877","7.52651315345072","7.42007875093301","7.35285330057894","7.20320727463726","7.12972610666728","6.99935520897478","7.04444858656597","6.99535961547248","6.94384974649798","6.91154807827798","6.8058052466787","6.82510800816693","6.78667381514285","6.72465891771017","6.69819030283316","6.6818105127183","6.65303541099972","6.6357706933376","6.63028382309547","6.65007873485298","6.73553361004504","6.69662815774247","6.85198251717209","6.90268252773565","6.94013043772829","6.91420494881256","6.89160382207886","6.8835132100121","6.85365181382748","6.84225110573575","6.8335944639682","6.7993121074213","6.81359250769186","6.81134315181219","6.84159043955487","6.86948132842467","7.38418049229456","7.96196674604955","7.23730297073983","7.34340427379759","7.30665175809158","",
"Uruguay","URY","Death rate, crude (per 1,000 people)","SP.DYN.CDRT.IN","9.766","9.724","9.702","9.681","9.668","9.667","9.666","9.665","9.683","9.742","9.763","9.767","9.753","9.8","9.855","9.89","9.902","9.877","9.86","9.995","9.884","9.73","9.554","9.796","9.89","9.828","9.715","9.912","9.911","9.856","9.653","9.657","9.771","9.898","9.972","9.796","9.635","9.661","9.743","9.669","9.504","9.364","9.522","9.598","9.575","9.336","9.423","9.326","9.35","9.208","9.355","9.563","9.555","9.458","9.397","9.494","9.581","9.488","9.53","9.754","9.219","11.726","10.832","9.783","9.933","",
"United States","USA","Death rate, crude (per 1,000 people)","SP.DYN.CDRT.IN","9.5","9.3","9.5","9.6","9.4","9.4","9.5","9.4","9.8","9.5","9.5","9.3","9.4","9.3","9.1","8.8","8.8","8.6","8.7","8.5","8.8","8.6","8.5","8.6","8.7","8.7","8.7","8.6","8.9","8.8","8.6","8.6","8.5","8.8","8.8","8.8","8.8","8.7","8.6","8.6","8.5","8.5","8.5","8.4","8.2","8.3","8.1","8","8.1","7.9","7.995","8.073","8.102","8.215","8.237","8.44","8.493","8.638","8.678","8.697","10.27","10.4","9.8","9.2","9","",
"Uzbekistan","UZB","Death rate, crude (per 1,000 people)","SP.DYN.CDRT.IN","15.38","15.121","14.813","14.387","13.94","13.494","13.005","12.539","12.088","11.718","11.423","11.157","10.906","10.666","10.432","10.202","9.969","9.73","9.487","9.293","9.108","8.928","8.759","8.588","8.419","8.188","7.954","7.669","7.43","7.296","7.302","7.383","7.455","7.504","7.515","7.47","7.377","7.227","7.128","7.057","7.006","6.889","6.758","6.653","6.621","6.614","6.564","6.467","6.364","6.256","6.198","6.148","6.125","6.109","6.082","6.005","5.963","5.962","5.933","5.97","6.467","6.32","6.048","6.206","6.034","",
"St. Vincent and the Grenadines","VCT","Death rate, crude (per 1,000 people)","SP.DYN.CDRT.IN","13.454","12.898","12.279","11.696","11.194","10.75","10.383","10.066","9.727","9.434","9.131","8.919","8.78","8.64","8.516","8.356","8.143","8.011","7.93","7.23","7.779","7.656","7.477","7.325","7.069","6.829","6.701","6.614","6.616","6.704","6.833","6.981","6.942","7.1","7.158","7.228","7.357","7.496","7.669","7.774","7.909","8.068","7.941","8.221","8.319","8.444","8.621","8.821","8.986","9.212","9.54","9.906","10.338","10.658","10.726","10.821","10.979","10.916","11.1","11.288","12.927","12.724","11.45","11.499","11.536","",
"Venezuela, RB","VEN","Death rate, crude (per 1,000 people)","SP.DYN.CDRT.IN","10.034","9.597","9.257","8.819","8.462","8.087","7.623","7.327","7.108","7.09","6.666","6.482","6.316","6.222","6.034","5.871","5.685","5.537","5.429","5.409","5.439","5.288","5.206","5.046","5.02","4.954","4.811","4.792","4.797","4.824","4.817","4.781","4.829","4.811","4.902","4.813","4.804","4.652","4.758","4.959","4.934","5.525","4.929","5.293","5.113","5.078","5.202","5.147","5.521","5.531","5.512","5.602","5.703","5.804","5.996","6.026","6.572","6.8","6.685","6.802","7.202","7.862","7.347","7.56","7.678","",
"British Virgin Islands","VGB","Death rate, crude (per 1,000 people)","SP.DYN.CDRT.IN","10.614","10.133","9.683","9.278","8.906","8.576","8.264","7.957","7.707","7.384","7.311","7.177","7.079","6.978","6.839","6.764","6.75","6.796","6.842","6.94","6.953","6.766","6.574","6.376","6.146","5.971","5.821","5.713","5.622","5.549","5.467","5.438","5.257","5.085","4.897","4.784","4.696","4.659","4.573","4.582","4.555","4.501","4.434","4.439","4.468","4.496","4.539","4.624","4.695","4.818","5.047","4.916","5.127","5.185","5.319","5.279","5.788","5.639","5.326","5.724","5.791","7.038","5.908","5.972","6.049","",
"Virgin Islands (U.S.)","VIR","Death rate, crude (per 1,000 people)","SP.DYN.CDRT.IN","10","9.68","9.36","9.04","8.72","8.4","8.1","7.8","7.5","7.2","6.8","6.5","6.2","5.9","5.6","5.2","5.4","5.35","5.3","5.3","5.2","5.2","5.1","5.1","5","5","5","5","4.875","4.75","4.625","4.5","4.5","4.675","4.85","5.025","5.2","5.3","5","5.3","6","5.6","5.7","5.8","5.8","6.1","5.8","6.7","6.7","6.6","6.6","6.6","6.7","6.9","7.1","7.3","7.5","7.7","7.9","8.2","8.4","8.6","8.8","9","9.2","",
"Viet Nam","VNM","Death rate, crude (per 1,000 people)","SP.DYN.CDRT.IN","12.225","11.724","11.973","12.687","12.313","12.477","12.396","12.411","14.707","13.433","13.345","12.987","15.152","12.984","13.453","9.804","9.003","8.834","8.641","8.476","8.321","8.148","7.99","7.873","7.716","7.577","7.386","7.155","6.911","6.848","6.773","6.673","6.54","6.401","6.224","6.021","5.857","5.722","5.518","5.459","5.486","5.482","5.509","5.564","5.73","5.751","5.772","5.799","5.828","5.872","5.911","5.947","6.008","6.057","6.114","6.153","6.195","6.238","6.263","6.3","5.813","6.653","6.488","6.577","6.646","",
"Vanuatu","VUT","Death rate, crude (per 1,000 people)","SP.DYN.CDRT.IN","16.454","15.92","15.39","14.868","14.399","13.896","13.415","12.949","12.496","12.374","12.167","11.889","11.589","11.154","10.732","10.293","9.863","9.432","9.01","8.508","11.042","10.454","9.924","9.438","9.015","8.639","8.15","8.117","7.407","7.167","6.813","6.527","6.3","6.09","5.894","5.764","5.659","5.549","5.48","5.64","5.334","5.354","5.356","5.364","5.385","5.357","5.411","5.449","5.439","5.44","5.468","5.513","5.539","5.586","5.638","5.654","5.621","5.619","5.56","5.494","5.739","5.797","5.167","5.083","5.018","",
"World","WLD","Death rate, crude (per 1,000 people)","SP.DYN.CDRT.IN","17.2114690145631","14.5595576375874","13.5844076991565","13.4290583745492","13.5207745082276","13.3335741537579","12.9112358062149","12.6247916884605","12.3867097754531","12.225682171321","12.0848966381614","12.224112512585","11.7418299517283","11.4712149095013","11.3992426294035","11.3308871905634","11.1729431503101","10.8910909237376","10.6505395230646","10.4085535983903","10.3749140250602","10.2220052297345","10.140368026198","10.1856056955701","10.0620538788985","9.94586773412986","9.76399796933442","9.5701372786006","9.5101632612686","9.32956180526877","9.30360763774567","9.269381150261","9.17137131326227","9.15559784842428","9.1948255798405","8.99425886094727","8.89072234091914","8.77085870899186","8.71200326501635","8.62944990013822","8.51155625493986","8.42822044229306","8.36112377457594","8.28914591000193","8.19365280168498","8.13871868031213","8.06363735436202","8.00540469125587","7.98417519737266","7.90098593890559","7.81971464630986","7.76162151146208","7.6891465005044","7.62677448242537","7.58282331702091","7.58281572695444","7.53742665553239","7.52649450759098","7.4939220648592","7.46946655243651","8.0128021370251","8.71376672373529","7.70966159942046","7.58905193782761","7.55065418868632","",
"Samoa","WSM","Death rate, crude (per 1,000 people)","SP.DYN.CDRT.IN","12.776","12.398","12.021","11.47","13.038","10.506","10.186","9.749","9.399","9.074","8.765","8.482","8.219","7.963","7.686","7.453","7.264","7.129","6.97","6.802","6.637","6.511","6.412","6.356","6.314","6.276","6.23","6.178","6.098","6.019","5.971","5.902","5.721","5.688","5.629","5.582","5.533","5.484","5.437","5.386","5.337","5.272","5.233","5.247","5.325","5.438","5.497","5.593","5.675","6.511","5.781","5.829","5.94","5.946","6.007","6.056","6.087","6.1","6.147","6.529","6.496","6.405","6.181","6.157","6.16","",
"Kosovo","XKX","Death rate, crude (per 1,000 people)","SP.DYN.CDRT.IN","18.608","17.797","18.603","17.41","16.712","16.131","15.774","15.329","15.079","15.337","14.913","14.084","13.621","13.048","12.756","12.226","12.006","11.478","11.12","10.868","10.284","10.189","10.321","9.92","9.696","9.677","9.022","8.572","8.284","7.78","7.277","7.164","6.498","6.184","5.933","5.939","5.801","5.627","6.664","11.518","5.62","5.59","5.616","5.595","5.572","5.603","5.641","5.421","5.395","5.452","5.587","5.293","5.22","5.101","5.324","5.589","5.401","5.39","5.568","5.702","8.553","7.261","5.885","5.871","5.973","",
"Yemen, Rep.","YEM","Death rate, crude (per 1,000 people)","SP.DYN.CDRT.IN","33.784","33.245","33.636","33.88","32.408","31.721","31.017","30.177","29.212","27.637","26.689","25.585","24.634","23.709","22.792","21.916","21.035","20.144","19.243","18.431","17.599","16.753","16.145","15.2","14.452","13.792","14.067","12.655","12.175","11.706","11.304","11.01","10.648","10.312","10.042","9.576","9.181","8.821","8.505","8.201","7.905","7.597","7.302","7.004","6.755","6.503","6.292","6.08","5.892","5.748","5.586","5.474","5.425","5.294","5.29","5.773","5.647","5.644","6.114","5.859","5.832","5.953","5.232","4.792","4.734","",
"South Africa","ZAF","Death rate, crude (per 1,000 people)","SP.DYN.CDRT.IN","14.196","13.844","13.516","13.303","13.097","12.952","12.795","12.67","12.526","12.375","12.217","12.018","11.795","11.573","11.317","11.015","10.758","10.459","10.168","9.918","9.648","9.444","9.254","9.065","8.887","8.737","8.621","8.488","8.348","8.253","8.232","8.23","8.3","8.384","8.703","8.92","9.103","9.282","9.586","9.975","10.393","11.074","11.954","12.831","13.103","13.333","13.392","13.122","12.683","12.067","11.349","10.721","10.149","9.962","9.647","9.217","9.069","8.83","8.789","8.75","9.683","11.933","9.402","9.239","9.237","",
"Zambia","ZMB","Death rate, crude (per 1,000 people)","SP.DYN.CDRT.IN","16.498","16.25","16.062","15.891","16.087","15.573","15.43","15.281","15.139","14.94","14.759","14.489","14.211","13.902","13.627","13.43","13.223","13.099","13.029","13.092","13.259","13.432","13.684","13.989","14.378","14.802","15.224","15.594","15.963","16.356","16.68","17.045","17.205","17.265","17.344","17.401","17.428","17.273","17.123","16.815","16.198","15.459","14.651","13.792","13.109","12.371","11.702","11.047","10.411","9.829","9.29","8.818","8.389","8.017","7.686","7.402","7.203","7.005","6.775","6.482","6.26","6.607","5.583","5.207","5.165","",
"Zimbabwe","ZWE","Death rate, crude (per 1,000 people)","SP.DYN.CDRT.IN","14.164","13.827","13.484","13.14","12.796","12.47","12.153","11.872","11.616","11.395","11.226","11.111","11.042","11.092","11.054","11.05","11.306","11.602","12.69","12.66","10.588","10.125","9.818","9.605","9.156","8.865","8.663","8.613","8.696","8.932","9.325","9.834","10.416","11.381","12.128","12.831","14.009","14.349","15.011","15.893","16.254","17.426","16.339","16.743","16.246","15.893","15.501","15.204","14.714","13.983","12.745","11.694","10.946","10.233","9.621","9.18","8.816","8.587","8.321","8.281","8.138","8.782","7.779","7.614","7.498","",
